method,seed,epoch,seconds,learning_rate,loss,pde_loss,boundary_loss,interface_loss,keff,keff_error,flux_error,acceptance_score,paper_budget_reached
gipmnn,2026071102,1,0.11710739997215569,0.001,4961.06396484375,4960.8095703125,0.25462788343429565,0.0,0.14576017745180705,0.8495456467260456,0.7515022767701044,2104.3984313253545,0
gipmnn,2026071102,1000,53.623166899895296,0.001,3.5483510494232178,3.3923418521881104,0.156009241938591,0.0,0.9617316552253853,0.007295979329701393,0.916114286579932,18.072775154078258,0
gipmnn,2026071102,2000,105.20276560005732,0.001,1.720466136932373,1.5747015476226807,0.14576455950737,0.0,0.9632229683866216,0.005756638742132962,0.6658673540619683,14.2596946795466,0
gipmnn,2026071102,3000,153.06817499990575,0.001,1.5302077531814575,1.397605538368225,0.13260217010974884,0.0,0.9638734649945639,0.00508519302790674,0.5801655563472973,12.596465266055834,0
gipmnn,2026071102,4000,204.68357870006002,0.001,1.3666942119598389,1.238154411315918,0.12853975594043732,0.0,0.9643478825400639,0.004595496965251984,0.5466508466496774,11.383445541867685,0
gipmnn,2026071102,5000,256.13618999999017,0.001,2.486436605453491,2.379465103149414,0.10697141289710999,0.0,0.964766565529701,0.004163330378095608,0.5168028702606102,10.312931330432518,0
gipmnn,2026071102,6000,304.9611633999739,0.001,2.356806516647339,2.2628731727600098,0.09393340349197388,0.0,0.965307958759512,0.0036045016933195337,0.45048043896437784,8.92866409046206,0
gipmnn,2026071102,7000,354.3576887999661,0.001,1.2393652200698853,1.1531198024749756,0.08624541759490967,0.0,0.9659462793241171,0.0029456241493423345,0.4033079436400113,7.296567127427135,0
gipmnn,2026071102,8000,416.7471258000005,0.001,1.0888628959655762,1.0170626640319824,0.07180026173591614,0.0,0.9663704116240311,0.002507832758019044,0.39140015522421795,6.212119787017697,0
gipmnn,2026071102,9000,481.1930720000528,0.001,0.8104478716850281,0.7551838755607605,0.055263977497816086,0.0,0.9663776370039464,0.002500374686265054,0.37395599318263073,6.193645494835407,0
gipmnn,2026071102,10000,544.7678215000778,0.001,1.4657093286514282,1.4183186292648315,0.04739074036478996,0.0,0.966908574909712,0.0019523380370437098,0.35482386521441756,4.836111065255659,0
gipmnn,2026071102,11000,605.4020897999872,0.001,0.7374245524406433,0.7021641135215759,0.035260412842035294,0.0,0.9669995814972825,0.001858400601483799,0.3531043598229939,4.603419869912804,0
gipmnn,2026071102,12000,662.0166883999482,0.001,1.0413694381713867,1.014867901802063,0.026501556858420372,0.0,0.9675911277676955,0.0012478037079938903,0.3120500153783746,3.6417003008399615,0
gipmnn,2026071102,13000,725.3132267999463,0.001,4.814547538757324,4.792641639709473,0.02190600335597992,0.0,0.9679299116142479,0.0008981093990009166,0.27212556523495773,3.175772164538299,0
gipmnn,2026071102,14000,775.5505909000058,0.001,3.0771195888519287,3.060666084289551,0.016453534364700317,0.0,0.9678617182607616,0.0009684989050767733,0.2858282980398976,3.3356864209679022,0
gipmnn,2026071102,15000,825.4749737000093,0.001,0.6270588040351868,0.6101560592651367,0.016902729868888855,0.0,0.9679400690416752,0.0008876248537621977,0.25239252978087934,2.945482795500879,0
gipmnn,2026071102,16000,874.5095748000313,0.001,1.032079815864563,1.0124084949493408,0.019671276211738586,0.0,0.9681476153772749,0.0006733945321274769,0.24899617188893855,2.9058464649535356,0
gipmnn,2026071102,17000,924.684250799939,0.001,1.3520255088806152,1.3311489820480347,0.02087654545903206,0.0,0.9676919759499736,0.001143707731241136,0.26971584933296333,3.1476501882756436,0
gipmnn,2026071102,18000,973.1852774000727,0.001,1.5475636720657349,1.5294502973556519,0.018113398924469948,0.0,0.9681916381694368,0.0006279539952139049,0.25953227997258754,3.028805433346414,0
gipmnn,2026071102,19000,1021.2776446000207,0.001,1.3777072429656982,1.3609046936035156,0.016802512109279633,0.0,0.9682657014429555,0.0005515055295669433,0.22658613834449567,2.644315870886188,0
gipmnn,2026071102,20000,1074.9070441999938,0.001,0.6338996887207031,0.621227502822876,0.012672203592956066,0.0,0.9682958845479795,0.0005203503840012885,0.20815251798940765,2.4291909951149244,0
gipmnn,2026071102,21000,1125.40876869997,0.001,0.7368443608283997,0.7251985669136047,0.011645766906440258,0.0,0.9683825266146607,0.0004309180278068353,0.19445365631646486,2.2693219157462523,0
gipmnn,2026071102,22000,1176.8528179998975,0.001,0.47978487610816956,0.4688423275947571,0.010942552238702774,0.0,0.9683075580032819,0.0005083009875289549,0.1954006564757937,2.2803736401339005,0
gipmnn,2026071102,23000,1230.9326688,0.001,0.5708460211753845,0.5601267218589783,0.010719288140535355,0.0,0.9683732379753082,0.00044050580583384507,0.18184168774534476,2.12213714575372,0
gipmnn,2026071102,24000,1279.6500828000717,0.001,1.6591813564300537,1.6489862203598022,0.010195172391831875,0.0,0.9684167961262116,0.0003955448738526312,0.14544417016493286,1.6973691784722815,0
gipmnn,2026071102,25000,1329.6912380000576,0.001,0.5951334238052368,0.5847744345664978,0.010358997620642185,0.0,0.9684418012119332,0.00036973450461060567,0.1744370358443849,2.0357230399167316,0
gipmnn,2026071102,26000,1379.4069566000253,0.001,1.6474847793579102,1.6374189853668213,0.01006579864770174,0.0,0.968458081849463,0.00035292955257738276,0.1482163684898349,1.729721413614916,0
gipmnn,2026071102,27000,1429.3721233999822,0.001,1.5656147003173828,1.5554851293563843,0.010129621252417564,0.0,0.9682745079745579,0.0005424153854686764,0.15041331767091512,1.7553603500013435,0
gipmnn,2026071102,28000,1477.730515500065,0.001,0.7825196385383606,0.7735359072685242,0.008983731269836426,0.0,0.9682112420923814,0.0006077187320588219,0.12248963311557555,1.505372137871741,0
gipmnn,2026071102,29000,1527.6534196001012,0.001,0.5383996963500977,0.5298088788986206,0.008590813726186752,0.0,0.9683425900304866,0.0004721407612648413,0.1077458647226275,1.2574206974445372,0
gipmnn,2026071102,30000,1576.4126901000272,0.001,0.6217483282089233,0.6131377816200256,0.008610567077994347,0.0,0.9685007558367806,0.00030888125848406147,0.11259950202130305,1.3140638364917263,0
gipmnn,2026071102,31000,1626.2118146999273,0.001,1.3113113641738892,1.3030275106430054,0.008283873088657856,0.0,0.968479981350877,0.00033032478233176155,0.10275828520985142,1.19921441987036,0
gipmnn,2026071102,32000,1673.5646524000913,0.001,0.8314867615699768,0.8232570886611938,0.008229688741266727,0.0,0.9685829446375728,0.0002240455846688903,0.09794464605509322,1.1430380689839093,0
gipmnn,2026071102,33000,1721.1284694999922,0.001,0.7876977920532227,0.78023761510849,0.007460174150764942,0.0,0.9685577458450247,0.00025005589902482676,0.09330237366091985,1.0888616102712148,0
gipmnn,2026071102,34000,1770.8631674998906,0.001,1.7558598518371582,1.7485109567642212,0.007348912768065929,0.0,0.9685821794920301,0.00022483537156267917,0.0997236997551721,1.1638000624961733,0
gipmnn,2026071102,35000,1821.377741199918,0.001,0.5366427302360535,0.5293645858764648,0.007278171367943287,0.0,0.9686032678751424,0.00020306784151280087,0.08460376600620494,0.987346723067465,0
gipmnn,2026071102,36000,1868.398461600067,0.001,1.388329267501831,1.3816754817962646,0.006653795950114727,0.0,0.968623866320576,0.00018180602748146138,0.0792222494223002,0.9245431031451335,0
gipmnn,2026071102,37000,1913.1328441000078,0.001,0.27237826585769653,0.26574039459228516,0.006637860555201769,0.0,0.968543272028553,0.0002649958417083465,0.08700648237837778,1.0153870130984244,0
gipmnn,2026071102,38000,1957.7212706999853,0.001,0.7857152819633484,0.7799282670021057,0.005787002854049206,0.0,0.9685424119019596,0.0002658836684975639,0.08171521785001108,0.953636656824889,0
gipmnn,2026071102,39000,2002.3769388000946,0.001,0.45080646872520447,0.44461673498153687,0.006189736071974039,0.0,0.9685786876028504,0.00022843971629812142,0.0890991947459753,1.0398094802769968,0
gipmnn,2026071102,40000,2046.91509029991,0.001,0.628692090511322,0.622818648815155,0.005873453337699175,0.0,0.9686501155405564,0.000154711456898884,0.06882330409745024,0.803184857826653,0
gipmnn,2026071102,41000,2091.7924299000297,0.001,0.8515945076942444,0.8453532457351685,0.006241250317543745,0.0,0.96861384572951,0.00019214932957262355,0.085162358846137,0.9938656386674564,0
gipmnn,2026071102,42000,2136.6544397999533,0.001,1.218672275543213,1.212517499923706,0.006154732778668404,0.0,0.9686053487047943,0.00020091999918010257,0.08576175044893218,1.0008606858478688,0
gipmnn,2026071102,43000,2181.2860296000727,0.001,0.501930296421051,0.4944743812084198,0.007455902639776468,0.0,0.9686538935283241,0.00015081179983061492,0.07547067080003626,0.8807612594533221,0
gipmnn,2026071102,44000,2226.003714800114,0.001,0.3031356930732727,0.2960679531097412,0.007067739497870207,0.0,0.9686270809745338,0.00017848784626985325,0.08303962780673592,0.9690928462180926,0
gipmnn,2026071102,45000,2270.5864472000394,0.001,0.5402538776397705,0.5328887104988098,0.0073651475831866264,0.0,0.9686553419258727,0.00014931675694398753,0.0836504806452095,0.9762216488330863,0
gipmnn,2026071102,46000,2315.528834800003,0.001,0.8089055418968201,0.800946056842804,0.007959474809467793,0.0,0.9686545464409002,0.00015013786034246912,0.08694503160038808,1.0146698674305397,0
gipmnn,2026071102,47000,2360.441497700056,0.001,4.578401565551758,4.5698933601379395,0.008508323691785336,0.0,0.9685749577199109,0.0002322897193322948,0.10628931141406882,1.240422362688694,0
gipmnn,2026071102,48000,2405.255364400102,0.001,0.26686838269233704,0.25829532742500305,0.008573048748075962,0.0,0.9686530129251695,0.00015172076262439925,0.10208778361192072,1.1913895015862281,0
gipmnn,2026071102,49000,2449.8336610000115,0.001,0.3991026282310486,0.38993319869041443,0.009169420227408409,0.0,0.9686575886381709,0.00014699768974930962,0.09741477900303377,1.1368543903817778,0
gipmnn,2026071102,50000,2494.5592803000472,0.001,1.0329805612564087,1.0236766338348389,0.009303899481892586,0.0,0.9686473449009644,0.0001575713243555064,0.11102063623272958,1.2956380850612639,0
gipmnn,2026071102,51000,2538.811282000039,0.001,0.25321510434150696,0.24405257403850555,0.009162534028291702,0.0,0.9685838837882401,0.0002230761888520601,0.10345779991931282,1.207377928289992,0
gipmnn,2026071102,52000,2583.4057491000276,0.001,0.6996062397956848,0.6906125545501709,0.008993683382868767,0.0,0.9686512288538244,0.0001535622896114979,0.11066860485090127,1.2915297923968498,0
gipmnn,2026071102,53000,2628.1007477999665,0.001,0.33843958377838135,0.32925066351890564,0.009188920259475708,0.0,0.9686282177880979,0.00017731442186422447,0.12303152942506534,1.4358081577941526,0
gipmnn,2026071102,54000,2672.778047400061,0.001,0.20311030745506287,0.1944808065891266,0.00862949714064598,0.0,0.9686404416668102,0.00016469687571202846,0.10512884009998626,1.2268793775089424,0
gipmnn,2026071102,55000,2717.565716299927,0.001,0.24195879697799683,0.23360463976860046,0.00835416465997696,0.0,0.9686073531361129,0.00019885101557296812,0.10977962195889458,1.2811551437645246,0
gipmnn,2026071102,56000,2762.104463299969,0.001,1.9761321544647217,1.9678338766098022,0.008298278786242008,0.0,0.9686247239158541,0.00018092081352798767,0.09527077418826399,1.1118333277502566,0
gipmnn,2026071102,57000,2806.6647246000357,0.001,0.8472933769226074,0.8396245241165161,0.0076688663102686405,0.0,0.9686119319496054,0.00019412474235612986,0.11265266715897435,1.314684286702623,0
gipmnn,2026071102,58000,2851.5025921999477,0.001,0.18492761254310608,0.1767864227294922,0.008141194470226765,0.0,0.9686789898829488,0.0001249072223897962,0.10728748422529476,1.2520712844890154,0
gipmnn,2026071102,59000,2896.0961364000104,0.001,0.8323821425437927,0.8251002430915833,0.007281901780515909,0.0,0.968670685072066,0.0001334794879582978,0.11457064847127928,1.337067599562124,0
gipmnn,2026071102,60000,2941.182434099959,0.001,0.5885928869247437,0.5819541811943054,0.006638726685196161,0.0,0.9686517253705733,0.00015304978264521184,0.09886462390151243,1.1537744363447908,0
gipmnn,2026071102,61000,2985.854736600071,0.001,0.9645466208457947,0.9582139253616333,0.006332701072096825,0.0,0.9686760703009978,0.00012792082886272922,0.09797902009430787,1.1434392224618135,0
gipmnn,2026071102,62000,3030.6275847998913,0.001,0.2760293781757355,0.2703171968460083,0.005712172016501427,0.0,0.9686577859928912,0.00014679397926175414,0.10459610554391698,1.2206622344309235,0
gipmnn,2026071102,63000,3075.2811982000712,0.001,0.24084533751010895,0.23525576293468475,0.005589579697698355,0.0,0.9686889299900681,0.0001146469962138058,0.10353489574259106,1.2082776554779089,0
gipmnn,2026071102,64000,3120.0338222999126,0.001,1.5245081186294556,1.5194247961044312,0.005083320662379265,0.0,0.9686649062009898,0.00013944446636067495,0.09978924421397117,1.1645649824242739,0
gipmnn,2026071102,65000,3164.737713499926,0.001,0.5992761254310608,0.5938683748245239,0.005407727789133787,0.0,0.968718317190428,8.431338725432738e-05,0.07054485873359843,0.8232758231444127,0
gipmnn,2026071102,66000,3209.4491616000887,0.001,0.18008509278297424,0.17441269755363464,0.005672401748597622,0.0,0.9686991087904379,0.00010414038972144639,0.07170568095754931,0.8368229035284906,0
gipmnn,2026071102,67000,3254.347859499976,0.001,0.617689311504364,0.6133579015731812,0.004331408999860287,0.0,0.9687235104819335,7.89528468894421e-05,0.08597886753131334,1.0033944955106122,0
gipmnn,2026071102,68000,3299.3882776000537,0.001,2.29253888130188,2.288313627243042,0.00422534579411149,0.0,0.9686838212672445,0.00011992024438015042,0.08648355269088571,1.0092842952442083,0
gipmnn,2026071102,69000,3344.041499899933,0.001,0.48343098163604736,0.47988417744636536,0.003546792780980468,0.0,0.9687280746667447,7.424167346747e-05,0.07094536487891184,0.8279498282012866,0
gipmnn,2026071102,70000,3388.7345745000057,0.001,0.3484175503253937,0.345137357711792,0.003280204487964511,0.0,0.9687361226474986,6.593450918801755e-05,0.07203483174515841,0.8406641740402205,0
gipmnn,2026071102,71000,3433.4085935999174,0.001,0.6547256112098694,0.6516332030296326,0.003092424478381872,0.0,0.9687489402036211,5.2704166369603324e-05,0.05711680846116825,0.6665671793152862,0
gipmnn,2026071102,72000,3478.2314015999436,0.001,0.19003339111804962,0.18729639053344727,0.0027370054740458727,0.0,0.9687572583690581,4.411811616625425e-05,0.08022913267834508,0.9362936779752717,0
gipmnn,2026071102,73000,3522.8774939998984,0.001,0.6239742040634155,0.6212307810783386,0.002743396908044815,0.0,0.9687348976360382,6.719897188464514e-05,0.10426948372458314,1.216850477599934,0
gipmnn,2026071102,74000,3567.5144068999216,0.001,1.600160002708435,1.5978121757507324,0.0023478788789361715,0.0,0.9687398510588704,6.208602511313046e-05,0.0787094847682028,0.9185590137265756,0
gipmnn,2026071102,75000,3611.9241629000753,0.001,0.2569129467010498,0.25474196672439575,0.0021709888242185116,0.0,0.9687425651868936,5.928448916843815e-05,0.06758999940721153,0.7887918892635086,0
gipmnn,2026071102,76000,3656.6365124001168,0.001,1.5329301357269287,1.5308253765106201,0.002104806713759899,0.0,0.9687378426094027,6.415915627305882e-05,0.09287997380353188,1.0839321002186058,0
gipmnn,2026071102,77000,3701.314185099909,0.001,0.3805030882358551,0.37862128019332886,0.0018818211974576116,0.0,0.9687489693033325,5.267412950810633e-05,0.06898454028657895,0.805066523744036,0
gipmnn,2026071102,78000,3746.083450600039,0.001,0.32394394278526306,0.32185623049736023,0.0020877246279269457,0.0,0.9687454205851398,5.6337133422998344e-05,0.05276533331061817,0.6157843958386024,0
gipmnn,2026071102,79000,3790.8699701000005,0.001,0.25834301114082336,0.2564902603626251,0.0018527588108554482,0.0,0.9687664830463472,3.459636008756666e-05,0.06217308497154659,0.7255751677194775,0
gipmnn,2026071102,80000,3835.581183299888,0.001,1.5328601598739624,1.5312318801879883,0.001628299942240119,0.0,0.9687515335856345,5.002726503459035e-05,0.08406350287102964,0.9810417196226967,0
gipmnn,2026071102,81000,3880.137797500007,0.001,0.6002405881881714,0.5987528562545776,0.0014877347275614738,0.0,0.968763320427863,3.786083003410804e-05,0.07376913716064588,0.860903944083721,0
gipmnn,2026071102,82000,3924.7853951998986,0.001,1.226027488708496,1.2245573997497559,0.001470138318836689,0.0,0.9687542111407651,4.7263479804806466e-05,0.0769569415781445,0.8981064043756944,0
gipmnn,2026071102,83000,3969.651011500042,0.001,0.1371995061635971,0.13586649298667908,0.001333007588982582,0.0,0.9687775848780277,2.313699625549028e-05,0.07415006888690753,0.8653495108639195,0
gipmnn,2026071102,84000,4014.403038300108,0.001,0.12092345952987671,0.11970294266939163,0.001220514765009284,0.0,0.9687766313737873,2.4121207899113227e-05,0.07394032735428759,0.8629017756778964,0
gipmnn,2026071102,85000,4059.038317400031,0.001,0.1295153945684433,0.12792234122753143,0.0015930496156215668,0.0,0.9687483037341077,5.336113324968842e-05,0.07799997293411284,0.9102788364078149,0
gipmnn,2026071102,86000,4103.895392199978,0.001,0.2132599800825119,0.2115599364042282,0.001700050663203001,0.0,0.9687592725558585,4.2039062904128326e-05,0.06774328403234654,0.7905807584766426,0
gipmnn,2026071102,87000,4148.840285700047,0.001,1.0852751731872559,1.084238052368164,0.0010370974196121097,0.0,0.9687682768059467,3.274483283785351e-05,0.07207114782199378,0.8410879915740102,0
gipmnn,2026071102,88000,4193.629706300097,0.001,0.4851543605327606,0.483993798494339,0.0011605513282120228,0.0,0.968749379951747,5.225025624789266e-05,0.10348942286828049,1.2077469758692057,0
gipmnn,2026071102,89000,4238.292168099899,0.001,0.7676829695701599,0.7665321826934814,0.0011507781455293298,0.0,0.9687714822705836,2.9436136887248475e-05,0.08984196436151638,1.048477784071473,0
gipmnn,2026071102,90000,4283.007424799958,0.001,0.9315317869186401,0.9304685592651367,0.0010632331250235438,0.0,0.968759604300567,4.1696634427165454e-05,0.08494921206648273,0.9913781634124117,0
gipmnn,2026071102,91000,4327.765242200112,0.001,0.3533879220485687,0.35223710536956787,0.0011508070165291429,0.0,0.9687771724197718,2.3562737642652623e-05,0.06704210827156196,0.7823978651802114,0
gipmnn,2026071102,92000,4372.44619269995,0.001,0.2647785544395447,0.2636975347995758,0.0010810117237269878,0.0,0.9687776368166493,2.3083384961491747e-05,0.07559744080938943,0.882240696589831,0
gipmnn,2026071102,93000,4417.281819799915,0.001,0.30231064558029175,0.30127784609794617,0.0010327892377972603,0.0,0.9687735249370664,2.7327686760557966e-05,0.07365131743861668,0.859528958997954,0
gipmnn,2026071102,94000,4462.0830488000065,0.001,0.41006287932395935,0.40897586941719055,0.0010870193364098668,0.0,0.9687711543705657,2.9774596856195333e-05,0.07421803962496204,0.8661427460666843,0
gipmnn,2026071102,95000,4506.65289700008,0.001,0.13953278958797455,0.13860338926315308,0.0009293999755755067,0.0,0.9687812605772576,1.934292190590628e-05,0.09718393760434776,1.1341604145778612,0
gipmnn,2026071102,96000,4551.247988600051,0.001,0.157918319106102,0.1568850427865982,0.0010332699166610837,0.0,0.9687848032674072,1.568614016593655e-05,0.08738668358446679,1.0198240545288346,0
gipmnn,2026071102,97000,4596.064544599969,0.001,0.18717272579669952,0.1863330602645874,0.0008396696648560464,0.0,0.9687611597053732,4.0091138136614234e-05,0.10151810020202849,1.1847411563116013,0
gipmnn,2026071102,98000,4640.582830199972,0.001,0.40845581889152527,0.4075890779495239,0.000866753573063761,0.0,0.9687782609727391,2.243912805623538e-05,0.0648138719623115,0.7563938003257341,0
gipmnn,2026071102,99000,4685.258543200092,0.001,0.330025851726532,0.3293207287788391,0.0007051315042190254,0.0,0.9687621480737911,3.907093952194985e-05,0.09783970873694872,1.1418134247146476,0
gipmnn,2026071102,100000,4730.007145900046,0.001,0.47020506858825684,0.46946901082992554,0.0007360483868978918,0.0,0.9687262542516241,7.612071467375179e-05,0.09095730002571317,1.0614940251343616,0
gipmnn,2026071102,101000,4774.722988999914,0.001,0.7872573137283325,0.7864624857902527,0.0007948493584990501,0.0,0.9687740694504012,2.676563748840084e-05,0.08253285631805726,0.9631786985115449,0
gipmnn,2026071102,102000,4819.451479000039,0.001,0.9584383964538574,0.9577757716178894,0.000662628619465977,0.0,0.9687802739735456,2.036129898265062e-05,0.06945718885216907,0.8105824485595308,0
gipmnn,2026071102,103000,4864.087024499895,0.001,0.6562460660934448,0.6556923389434814,0.0005537089891731739,0.0,0.9687591277479995,4.2188534269659e-05,0.07134727508654778,0.8326402190102207,0
gipmnn,2026071102,104000,4908.824528899975,0.001,0.6572830080986023,0.6565821766853333,0.0007008477114140987,0.0,0.9687613995684973,3.98435502711831e-05,0.07019735881447625,0.8192204137624434,0
gipmnn,2026071102,105000,4953.695539100096,0.001,0.26760658621788025,0.26704272627830505,0.0005638625007122755,0.0,0.9687945431616485,5.632574681579392e-06,0.0751751046384695,0.8773119297739416,0
gipmnn,2026071102,106000,4998.523534300039,0.001,0.32337671518325806,0.322737455368042,0.0006392610957846045,0.0,0.9687792300306216,2.143886186869006e-05,0.09495144341627403,1.1081066592320281,0
gipmnn,2026071102,107000,5043.985695000039,0.001,1.5955848693847656,1.5950870513916016,0.00049780827248469,0.0,0.9687746127306481,2.6204861015547043e-05,0.06477839387132346,0.7559797622925434,0
gipmnn,2026071102,108000,5092.717612900073,0.001,0.16304755210876465,0.16240006685256958,0.0006474927067756653,0.0,0.9687852612231139,1.5213436092144524e-05,0.08604739765187819,1.0041942588446244,0
gipmnn,2026071102,109000,5140.418798699975,0.001,0.4895727336406708,0.4889771044254303,0.0005956185632385314,0.0,0.9687958481936818,4.285514366418951e-06,0.08080814587318304,0.943050904131069,0
gipmnn,2026071102,110000,5190.907163799973,0.001,0.08205610513687134,0.0815473273396492,0.0005087812896817923,0.0,0.9687913498828924,8.928692307597368e-06,0.06580745433534158,0.7679891505851645,0
gipmnn,2026071102,111000,5235.576639299979,0.001,0.2505768835544586,0.2498258650302887,0.0007510214345529675,0.0,0.9687405349038463,6.138015705381132e-05,0.06410862061739638,0.7481633439617726,0
gipmnn,2026071102,112000,5280.425971599994,0.001,0.5554496049880981,0.5549671053886414,0.0004824807110708207,0.0,0.9687746157344166,2.6201760511360225e-05,0.07238815328566622,0.8447875231732124,0
gipmnn,2026071102,113000,5325.195543400012,0.001,5.454031944274902,5.4533514976501465,0.0006803409196436405,0.0,0.9687513896767859,5.017580843737264e-05,0.1033454477683765,1.206066751101397,0
gipmnn,2026071102,114000,5369.953123100102,0.001,0.07237721234560013,0.07177373021841049,0.0006034852704033256,0.0,0.9687871785689133,1.3234342575059942e-05,0.08218384638092731,0.9591056668486522,0
gipmnn,2026071102,115000,5414.686256600078,0.001,0.06419944763183594,0.06357862055301666,0.0006208277773112059,0.0,0.968798920418807,1.1143488779908738e-06,0.08203615777604599,0.9573821045659368,0
gipmnn,2026071102,116000,5459.491312599974,0.001,0.7164390683174133,0.715817391872406,0.0006216885522007942,0.0,0.9687791905846466,2.1479578193052063e-05,0.05794567957655648,0.6762403087545104,0
gipmnn,2026071102,117000,5503.95481809997,0.001,0.16158056259155273,0.16090910136699677,0.0006714636692777276,0.0,0.9687898943077423,1.0431143948883259e-05,0.05300743053948524,0.6186097299445108,0
gipmnn,2026071102,118000,5548.977829799987,0.001,0.06297281384468079,0.06230516359210014,0.0006676523480564356,0.0,0.968785188834534,1.5288155931025718e-05,0.054544481320132725,0.6365474899651378,0
gipmnn,2026071102,119000,5593.6594863999635,0.001,0.09344860166311264,0.09286975860595703,0.0005788460839539766,0.0,0.9687971118569527,2.981155085956767e-06,0.0759733034773624,0.8866271062151341,0
gipmnn,2026071102,120000,5638.707400199957,0.001,0.2321903109550476,0.23140642046928406,0.00078389240661636,0.0,0.9687967866208093,3.3168653909333985e-06,0.07505902349383799,0.8759572343132993,0
gipmnn,2026071102,121000,5683.271141299978,0.001,0.13481582701206207,0.1341472864151001,0.0006685452535748482,0.0,0.9687321228320851,7.006313781471736e-05,0.05889168388031057,0.6872804112630773,0
gipmnn,2026071102,122000,5728.000984600047,0.001,0.13282287120819092,0.1321815550327301,0.0006413148366846144,0.0,0.9687951118799322,5.0455409453192e-06,0.07915996699647401,0.9238162519427926,0
gipmnn,2026071102,123000,5772.652445900021,0.001,0.397741436958313,0.39681097865104675,0.0009304602863267064,0.0,0.9687720431961774,2.8857146802864605e-05,0.09062404972872437,1.0576049123415692,0
gipmnn,2026071102,124000,5817.271537000081,0.001,0.298830509185791,0.2978397607803345,0.000990752363577485,0.0,0.9688036489657635,3.76647993760059e-06,0.0756112269783438,0.8824015845666114,0
gipmnn,2026071102,125000,5862.131241400028,0.001,0.4530996084213257,0.45248138904571533,0.0006182105862535536,0.0,0.9687947535264407,5.415435135488921e-06,0.08869272314889622,1.0350658569332487,0
gipmnn,2026071102,126000,5907.066278199898,0.001,0.9183161854743958,0.9176765084266663,0.0006397045217454433,0.0,0.9687776563094765,2.3063264371853815e-05,0.06524611463896873,0.7614381784960407,0
gipmnn,2026071102,127000,5952.109441299923,0.001,0.31631430983543396,0.31523868441581726,0.0010756350820884109,0.0,0.9687746036100215,2.621427536999307e-05,0.06342046428586708,0.740132390601567,0
gipmnn,2026071102,128000,5996.983142999932,0.001,0.10057008266448975,0.09992598742246628,0.0006440950674004853,0.0,0.9687913063957767,8.973579916687219e-06,0.07844079576807268,0.9154233471206317,0
gipmnn,2026071102,129000,6041.584991700016,0.001,0.9506716728210449,0.9497013688087463,0.0009703114628791809,0.0,0.9687956642015904,4.475431884432451e-06,0.08608764112244739,1.004663910027628,0
gipmnn,2026071102,130000,6086.494615700096,0.001,0.13535018265247345,0.13460879027843475,0.0007413965067826211,0.0,0.9687870801219353,1.3335960017271015e-05,0.05101917940323641,0.5954063509853936,0
gipmnn,2026071102,131000,6130.891412100056,0.001,0.19875942170619965,0.1976204216480255,0.0011389986611902714,0.0,0.968747526206291,5.4163701185987565e-05,0.08084615199884058,0.9434944449495913,0
gipmnn,2026071102,132000,6175.591240599984,0.001,0.07643777132034302,0.07571666687726974,0.0007211011252366006,0.0,0.9687938685207556,6.328942242405284e-06,0.0599664499912542,0.6998231956779736,0
gipmnn,2026071102,133000,6220.431110899895,0.001,0.14113765954971313,0.1404542177915573,0.0006834368105046451,0.0,0.9687938058884491,6.393591609098425e-06,0.08577329157851399,1.00099537366392,0
gipmnn,2026071102,134000,6265.296599300113,0.001,0.4937693774700165,0.4930911958217621,0.0006781824049539864,0.0,0.968778748035784,2.1936379248539163e-05,0.05247767705701258,0.6124273767273432,0
gipmnn,2026071102,135000,6309.742986799916,0.001,0.11151318997144699,0.1108335629105568,0.0006796285160817206,0.0,0.9687769525991362,2.3789637555517002e-05,0.06698756952615852,0.7817613846298025,0
gipmnn,2026071102,136000,6354.558771099895,0.001,0.10071835666894913,0.09999126940965652,0.0007270860369317234,0.0,0.9687936188985645,6.586603463533115e-06,0.050779460185286035,0.5926087688507846,0
gipmnn,2026071102,137000,6399.429274599999,0.001,0.2850046455860138,0.28433069586753845,0.0006739519303664565,0.0,0.9688023921927109,2.4692327734522133e-06,0.05865995703469982,0.6845761020761345,0
gipmnn,2026071102,138000,6444.3361400000285,0.001,1.4646865129470825,1.4638782739639282,0.0008082490530796349,0.0,0.9688034436858792,3.554589057838728e-06,0.06533940163365604,0.7625268606299136,0
gipmnn,2026071102,139000,6489.172822399996,0.001,0.17864206433296204,0.17805367708206177,0.0005883798003196716,0.0,0.9688038195272688,3.942534340214899e-06,0.06865924985847105,0.8012703045755655,0
gipmnn,2026071102,140000,6534.124339400092,0.001,0.46440866589546204,0.46371540427207947,0.000693262554705143,0.0,0.9687788447223723,2.1836578889031314e-05,0.0661612985583015,0.772118599550713,0
gipmnn,2026071102,141000,6578.760856600013,0.001,1.3010293245315552,1.3004183769226074,0.0006109147216193378,0.0,0.9688067030257862,6.91889532019333e-06,0.08085403699687829,0.9435864648127893,0
gipmnn,2026071102,142000,6623.423698999919,0.001,0.06358128786087036,0.06297047436237335,0.0006108140223659575,0.0,0.9687911339377809,9.151591885899567e-06,0.0704516561290113,0.82218812586373,0
gipmnn,2026071102,143000,6668.066662499914,0.001,0.9023407697677612,0.9016075134277344,0.000733239809051156,0.0,0.9688010546532592,1.0886181453027598e-06,0.08940190264985957,1.0433421558428202,0
gipmnn,2026071102,144000,6712.627259999979,0.001,0.49030473828315735,0.489458829164505,0.0008459020173177123,0.0,0.9687713551293462,2.956737268145479e-05,0.049592665133482025,0.5787585791882414,0
gipmnn,2026071102,145000,6757.49410209991,0.001,0.5943469405174255,0.5937950015068054,0.0005519604892469943,0.0,0.9688029146120234,3.0084764898812283e-06,0.06755712343855212,0.7884082186368234,0
gipmnn,2026071102,146000,6802.366654200014,0.001,0.06155291199684143,0.06084924191236496,0.000703668687492609,0.0,0.968773578993786,2.7271889155628073e-05,0.0802687209623525,0.9367556829702234,0
gipmnn,2026071102,147000,6847.148648200091,0.001,0.22896453738212585,0.22798000276088715,0.0009845416061580181,0.0,0.9687788118233444,2.1870537423245126e-05,0.05375237224244626,0.6273033825325163,0
gipmnn,2026071102,148000,6891.9383409,0.001,0.3534305691719055,0.3526749908924103,0.0007555722841061652,0.0,0.9688039226594388,4.048987860060296e-06,0.072862737498936,0.8503260374724115,0
gipmnn,2026071102,149000,6936.756822499912,0.001,1.421436071395874,1.420556664466858,0.0008794214809313416,0.0,0.9687717642558025,2.914507039381142e-05,0.08032117011571731,0.9373677774684589,0
gipmnn,2026071102,150000,6981.250985800056,0.001,0.1416746973991394,0.14103800058364868,0.0006366903544403613,0.0,0.9688016623725028,1.7159088591703574e-06,0.08064130843870912,0.9411038703051666,0
gipmnn,2026071102,151000,7026.167418200057,0.001,0.14109644293785095,0.14064884185791016,0.00044759607408195734,0.0,0.96879344068398,6.770557411235585e-06,0.05343664568404628,0.6236187760718687,0
gipmnn,2026071102,152000,7070.80489889998,0.001,0.5104181170463562,0.5099096894264221,0.0005084184813313186,0.0,0.9687964743245217,3.639219114723522e-06,0.053213116202403266,0.6210101321352263,0
gipmnn,2026071102,153000,7115.343263299903,0.001,0.18261471390724182,0.18172983825206757,0.0008848685538396239,0.0,0.9687795792835235,2.1078361350593223e-05,0.0972984810034831,1.135497164170982,0
gipmnn,2026071102,154000,7160.127149699954,0.001,0.15285131335258484,0.15229564905166626,0.0005556570249609649,0.0,0.9687930935547138,7.1288659023797755e-06,0.06582883132381442,0.7682386252895904,0
gipmnn,2026071102,155000,7204.984032599954,0.001,2.625457763671875,2.624760627746582,0.0006970470421947539,0.0,0.9688110959864494,1.1453330356563435e-05,0.07140735583636078,0.8333413761128837,0
gipmnn,2026071102,156000,7249.838618800044,0.001,0.20476900041103363,0.20420677959918976,0.0005622251192107797,0.0,0.9687815309919827,1.906379853145589e-05,0.0611612052066282,0.7137662824039328,0
gipmnn,2026071102,157000,7294.510851599975,0.001,0.1998395472764969,0.19935572147369385,0.0004838297318201512,0.0,0.9688152756241345,1.5767572393170022e-05,0.07272797740909848,0.8487533541347502,0
gipmnn,2026071102,158000,7339.056564100087,0.001,0.1933111995458603,0.19273419678211212,0.0005770063144154847,0.0,0.9688123970659013,1.2796310798185132e-05,0.07128917551030807,0.831962182689619,0
gipmnn,2026071102,159000,7383.996946400031,0.001,0.27404704689979553,0.2735104560852051,0.0005365994293242693,0.0,0.9687684607558412,3.2554958875695323e-05,0.050691578911845024,0.5915831728111873,0
gipmnn,2026071102,160000,7428.59383690008,0.001,0.12010301649570465,0.11963822692632675,0.00046478857984766364,0.0,0.9687838734739739,1.664587740102885e-05,0.06689966207391,0.7807354830770936,0
gipmnn,2026071102,161000,7473.529258300085,0.001,0.0492834746837616,0.0487997829914093,0.0004836916923522949,0.0,0.9687929960086361,7.229553430930324e-06,0.06419855238156932,0.7492128697316932,0
gipmnn,2026071102,162000,7518.280093099922,0.001,0.18815596401691437,0.18766310811042786,0.0004928488051518798,0.0,0.9688055527797316,5.731605833584705e-06,0.06917469599738799,0.8072856875803844,0
gipmnn,2026071102,163000,7563.068560299929,0.001,0.22061674296855927,0.22006623446941376,0.0005505087319761515,0.0,0.9687788705962052,2.180987179483848e-05,0.05794050996898943,0.6761799781648472,0
gipmnn,2026071102,164000,7607.808638700051,0.001,0.5672264099121094,0.5651237368583679,0.0021026525646448135,0.0,0.9687445668530855,5.721835973830946e-05,0.08778359334654558,1.0244560889102976,0
gipmnn,2026071102,165000,7652.377021800028,0.001,0.9454647898674011,0.9448255896568298,0.000639184087049216,0.0,0.9687765886468764,2.4165310821179944e-05,0.06263902562283252,0.731012809527968,0
gipmnn,2026071102,166000,7697.3778152999,0.001,0.5251377820968628,0.5245237350463867,0.0006140671321190894,0.0,0.9688060957403017,6.292052334587208e-06,0.06689186147697238,0.7806444481954576,0
gipmnn,2026071102,167000,7742.364616200095,0.001,0.10977935791015625,0.10911300778388977,0.0006663503590971231,0.0,0.9687874906681698,1.2912192227671692e-05,0.05361940320641585,0.6257516012325629,0
gipmnn,2026071102,168000,7787.353857300011,0.001,0.054286547005176544,0.05356786027550697,0.0007186856237240136,0.0,0.9688110719025481,1.1428470838275144e-05,0.06483352732006956,0.7566231831769857,0
gipmnn,2026071102,169000,7832.048238999909,0.001,0.13578404486179352,0.13499003648757935,0.0007940080831758678,0.0,0.9688086467605019,8.925227603158797e-06,0.08483172360826374,0.990007044256649,0
gipmnn,2026071102,170000,7876.554403000046,0.001,0.17310573160648346,0.17244982719421387,0.0006559047033078969,0.0,0.9688085193362221,8.793699651265324e-06,0.06057488876706221,0.7069238255889064,0
gipmnn,2026071102,171000,7921.3348568000365,0.001,0.5834292769432068,0.5826631188392639,0.0007661456475034356,0.0,0.9688020774301827,2.1443333842449343e-06,0.08968587260048831,1.0466561548931976,0
gipmnn,2026071102,172000,7965.95831570006,0.001,0.09411366283893585,0.09332927316427231,0.0007843868806958199,0.0,0.9688098246928218,1.0141094985391267e-05,0.08122175490707415,0.9478778231149536,0
gipmnn,2026071102,173000,8010.795045299921,0.001,0.24182918667793274,0.24111880362033844,0.0007103781681507826,0.0,0.9687982851401075,1.7700865942733912e-06,0.08162049779527684,0.9525312505283919,0
gipmnn,2026071102,174000,8055.38098570006,0.001,0.08636444807052612,0.08571617305278778,0.0006482713506557047,0.0,0.9688149641432694,1.544606035239734e-05,0.07835814603977552,0.9144588044974269,0
gipmnn,2026071102,175000,8100.169473899994,0.001,0.205441415309906,0.20477294921875,0.0006684602121822536,0.0,0.9688074551911657,7.695284027394147e-06,0.0809602719342316,0.9448262526168377,0
gipmnn,2026071102,176000,8144.9818951000925,0.001,0.8537759184837341,0.8530983924865723,0.0006775169167667627,0.0,0.9688127252517514,1.3135065804546071e-05,0.06688669425753398,0.7805841454758423,0
gipmnn,2026071102,177000,8189.596378500108,0.001,0.455522745847702,0.4549507200717926,0.0005720332264900208,0.0,0.9688020642646877,2.130743897336926e-06,0.06355604117968357,0.7417146062422225,0
gipmnn,2026071102,178000,8234.295448899968,0.001,0.8743831515312195,0.8737722039222717,0.0006109481328167021,0.0,0.9688209514585199,2.1626195829768792e-05,0.07623338988955905,0.8896623785075979,0
gipmnn,2026071102,179000,8279.094065800076,0.001,0.08877623081207275,0.08818183094263077,0.0005943966680206358,0.0,0.9688100997582089,1.0425018795283044e-05,0.06154405215139974,0.7182342002544083,0
gipmnn,2026071102,180000,8323.982031200081,0.001,1.8393158912658691,1.8387759923934937,0.0005398978828452528,0.0,0.9687992996420065,7.229128751943971e-07,0.07392494905383012,0.8627223071355397,0
gipmnn,2026071102,181000,8368.740976599976,0.001,0.07245046645402908,0.07171224802732468,0.0007382177864201367,0.0,0.9687973859705903,2.698213676412866e-06,0.08983837927039322,1.0484359451777754,0
gipmnn,2026071102,182000,8413.508346100105,0.001,0.09144844114780426,0.0909646600484848,0.0004837804881390184,0.0,0.9687989305037734,1.1039391273534638e-06,0.06243155999715421,0.7285916347347845,0
gipmnn,2026071102,183000,8458.411524999887,0.001,0.10589805990457535,0.10542068630456924,0.00047737237764522433,0.0,0.9688114058664835,1.1773190011886805e-05,0.06354474685628402,0.7415827987149194,0
gipmnn,2026071102,184000,8503.031305700075,0.001,0.0628904327750206,0.06242309510707855,0.00046733402996324003,0.0,0.96881435437234,1.4816651878598654e-05,0.07029397062273668,0.820347897287096,0
gipmnn,2026071102,185000,8547.815016699955,0.001,0.08755110949277878,0.0869826152920723,0.0005684916977770627,0.0,0.9688104464935753,1.0782920701165401e-05,0.05856158096451564,0.6834280291816315,0
gipmnn,2026071102,186000,8592.288136000047,0.001,0.06363995373249054,0.06317543238401413,0.0004645218141376972,0.0,0.968801353878265,1.3974796294937136e-06,0.06519747165720348,0.7608705029549467,0
gipmnn,2026071102,187000,8637.000032400014,0.001,0.9838586449623108,0.9832293391227722,0.0006293271435424685,0.0,0.9688131288095916,1.355162013995598e-05,0.0814902829845066,0.9510116117135025,0
gipmnn,2026071102,188000,8681.864739800105,0.001,0.5334463119506836,0.532608687877655,0.0008375989855267107,0.0,0.9687345645738926,6.754276022643909e-05,0.10578837515312867,1.234576313522648,0
gipmnn,2026071102,189000,8726.7491438,0.001,0.5012010931968689,0.5007514357566833,0.0004496490000747144,0.0,0.9688118621178371,1.224413484424294e-05,0.0639832444917446,0.7467001737903161,0
gipmnn,2026071102,190000,8776.16248170007,0.001,1.1524229049682617,1.15193510055542,0.00048776951734907925,0.0,0.9687905151370897,9.79032092310365e-06,0.05545736634462377,0.647201082352532,0
gipmnn,2026071102,191000,8821.05338399997,0.001,0.10575832426548004,0.10531812906265259,0.0004401919723022729,0.0,0.968823890018045,2.4659391045660943e-05,0.06829653296000415,0.7970373093082364,0
gipmnn,2026071102,192000,8866.01262579998,0.001,0.06390924006700516,0.06341183185577393,0.000497411354444921,0.0,0.9688022747313958,2.347988641413695e-06,0.056689234821047776,0.6615772899478081,0
gipmnn,2026071102,193000,8910.924212200101,0.001,0.4839511513710022,0.4834453761577606,0.0005057812668383121,0.0,0.9688228801470521,2.3616997370040898e-05,0.07898841714611228,0.9218142230663836,0
gipmnn,2026071102,194000,8955.74634990003,0.001,0.23338209092617035,0.23297204077243805,0.00041004366357810795,0.0,0.9688188847621315,1.9492941919406844e-05,0.07602815165068946,0.8872671978653891,0
gipmnn,2026071102,195000,9001.004617300117,0.001,0.49574193358421326,0.4952987730503082,0.0004431726410984993,0.0,0.9688178082915526,1.8381803832187677e-05,0.07255224093321178,0.8467024663104726,0
gipmnn,2026071102,196000,9045.648149899906,0.001,0.4540309011936188,0.45361408591270447,0.0004168223822489381,0.0,0.9688194329087715,2.0058741506490917e-05,0.08079426096813169,0.9428888638797929,0
gipmnn,2026071102,197000,9090.38777199993,0.001,0.9995215535163879,0.999110221862793,0.00041135834180749953,0.0,0.968816326959079,1.6852765358226005e-05,0.07435749679939671,0.8677702455349257,0
gipmnn,2026071102,198000,9135.137180099962,0.001,0.7717398405075073,0.7712442278862,0.000495593179948628,0.0,0.9688107089085207,1.1053786664666631e-05,0.059806374203283406,0.6979550719270307,0
gipmnn,2026071102,199000,9179.866637300001,0.001,0.08186376094818115,0.08131849020719528,0.0005452678306028247,0.0,0.9688199479164289,2.0590334877061696e-05,0.07155830860731513,0.8351030320151611,0
gipmnn,2026071102,200000,9224.518932499923,0.001,0.38921576738357544,0.388807088136673,0.00040868326323106885,0.0,0.9688194053459923,2.0030291073821475e-05,0.08106734731439624,0.9460758485948586,0
gipmnn,2026071102,201000,9269.293382500065,0.001,0.712978720664978,0.7124795317649841,0.0004991929745301604,0.0,0.968808556828185,8.83239903490242e-06,0.08806961821986875,1.0277940694130887,0
gipmnn,2026071102,202000,9313.974555700086,0.001,0.048831757158041,0.048427216708660126,0.00040454164263792336,0.0,0.9687953089774852,4.842095907069508e-06,0.05492182752848315,0.6409512128709172,0
gipmnn,2026071102,203000,9358.800871999934,0.001,0.06375560909509659,0.06325389444828033,0.0005017141811549664,0.0,0.968828047056398,2.8950305943464494e-05,0.06721323500550129,0.7843949561840782,0
gipmnn,2026071102,204000,9403.479101399891,0.001,0.06428676843643188,0.06390152871608734,0.0003852393419947475,0.0,0.9688061800538753,6.3790812090373605e-06,0.060223264829105894,0.7028202878945231,0
gipmnn,2026071102,205000,9448.177224399988,0.001,0.7584550976753235,0.7580028772354126,0.0004521930532064289,0.0,0.9687965573455146,3.553524448157465e-06,0.10107801353944568,1.1796052368995154,0
gipmnn,2026071102,206000,9492.891035200097,0.001,0.3006703555583954,0.30023616552352905,0.000434204179327935,0.0,0.9687717913304525,2.9117123810329328e-05,0.0980565400072834,1.1443438988806296,0
gipmnn,2026071102,207000,9537.767492000014,0.001,0.4694812297821045,0.46913206577301025,0.000349154113791883,0.0,0.9688210285499302,2.1705769952773017e-05,0.06713997697886012,0.7835400170252559,0
gipmnn,2026071102,208000,9582.563732000068,0.001,0.0555565170943737,0.05513874813914299,0.00041777067235670984,0.0,0.968826399998625,2.7250205021646136e-05,0.07173895990852884,0.8372112770578009,0
gipmnn,2026071102,209000,9627.394245099975,0.001,0.5331747531890869,0.532564103603363,0.0006106779328547418,0.0,0.9688161416765249,1.6661515818395133e-05,0.06405353639648902,0.7475204975782959,0
gipmnn,2026071102,210000,9671.899455999956,0.001,1.3675739765167236,1.3671280145645142,0.0004459466435946524,0.0,0.9687968998526496,3.1999869430096736e-06,0.09406805020586029,1.097797243556394,0
gipmnn,2026071102,211000,9716.569992200006,0.001,0.6236635446548462,0.6233107447624207,0.0003527785884216428,0.0,0.9688302248041286,3.119818758115211e-05,0.07227707214468812,0.8434911789829161,0
gipmnn,2026071102,212000,9761.333316500066,0.001,0.11822374165058136,0.11781156808137894,0.00041217150283046067,0.0,0.9688216166030155,2.2312761163782996e-05,0.0867180831508502,1.012021323299064,0
gipmnn,2026071102,213000,9806.331511900062,0.001,0.4940025508403778,0.4935314953327179,0.00047106947749853134,0.0,0.9688002100742005,2.168395958707493e-07,0.05906058317730736,0.6892515075308954,0
gipmnn,2026071102,214000,9851.048326400109,0.001,0.32312265038490295,0.3227151036262512,0.0004075421311426908,0.0,0.9687852936937668,1.5179919728774187e-05,0.06002487801230601,0.7005050650301793,0
gipmnn,2026071102,215000,9895.747741800034,0.001,0.037295516580343246,0.03685477375984192,0.00044074381003156304,0.0,0.9688284761608096,2.9393229572241298e-05,0.07725374434514858,0.9015701655441669,0
gipmnn,2026071102,216000,9940.284268999938,0.001,0.622915506362915,0.6225594878196716,0.0003560345503501594,0.0,0.968821894430093,2.25995356038801e-05,0.079531150628153,0.9281480560656451,0
gipmnn,2026071102,217000,9985.250295599923,0.001,0.08514955639839172,0.08480454236268997,0.0003450119402259588,0.0,0.9688059047842912,6.094946625917186e-06,0.08302453126326736,0.9689166658489796,0
gipmnn,2026071102,218000,10030.117397600086,0.001,0.3041241466999054,0.30379822850227356,0.00032592794741503894,0.0,0.9688255079583841,2.6329436812628503e-05,0.07933919231923699,0.9259078554667747,0
gipmnn,2026071102,219000,10074.85451230011,0.001,0.7286493182182312,0.728264331817627,0.0003849566855933517,0.0,0.9688241697466254,2.494812822610081e-05,0.085230071328461,0.9946558599624334,0
gipmnn,2026071102,220000,10119.614473399939,0.001,0.12845410406589508,0.12812837958335876,0.0003257208445575088,0.0,0.9687968985881756,3.201292139097592e-06,0.05405779673461117,0.6308677613506112,0
gipmnn,2026071102,221000,10164.261651899898,0.001,1.6685420274734497,1.6681859493255615,0.000356099393684417,0.0,0.9687943942794568,5.78625159289874e-06,0.10718959258558518,1.2509288650170989,0
gipmnn,2026071102,222000,10209.035673500039,0.001,0.12621238827705383,0.12589789927005768,0.0003144930233247578,0.0,0.9688088800599876,9.166040449586462e-06,0.06160178356005764,0.7189079399689295,0
gipmnn,2026071102,223000,10253.887627599994,0.001,0.07467592507600784,0.07436475902795792,0.00031116598984226584,0.0,0.9688229587720087,2.369815442687043e-05,0.0665280184154717,0.7763983103290042,0
gipmnn,2026071102,224000,10298.696552600013,0.001,0.23518559336662292,0.23482969403266907,0.0003559054166544229,0.0,0.9687643682724175,3.677923986630335e-05,0.06589444523720091,0.76900435576978,0
gipmnn,2026071102,225000,10343.279121600091,0.001,0.18974387645721436,0.1893276572227478,0.0004162216209806502,0.0,0.968813093236564,1.3514901490456924e-05,0.06645176230562978,0.7755083828030738,0
gipmnn,2026071102,226000,10388.09984660009,0.001,0.19084163010120392,0.19027788937091827,0.0005637379363179207,0.0,0.9687639503236903,3.72106485442376e-05,0.05362275174724049,0.6257906795261937,0
gipmnn,2026071102,227000,10432.793119800044,0.001,0.08416511118412018,0.0838208943605423,0.00034421434975229204,0.0,0.9688227283710393,2.3460333442751633e-05,0.08633148754960053,1.0075096577070364,0
gipmnn,2026071102,228000,10477.500263199909,0.001,0.057467490434646606,0.0572146512567997,0.0002528395561967045,0.0,0.9688291020644422,3.0039290299521975e-05,0.06861986146906017,0.8008106323996379,0
gipmnn,2026071102,229000,10522.211367999902,0.001,1.0439808368682861,1.0436307191848755,0.0003501586616039276,0.0,0.9688170300291253,1.757847762731445e-05,0.09172002783976231,1.0703952460060022,0
gipmnn,2026071102,230000,10566.92917119991,0.001,0.3389863669872284,0.3383010923862457,0.0006852798978798091,0.0,0.9687277710712588,7.455504618202628e-05,0.053551904049736296,0.6249638695002369,0
gipmnn,2026071102,231000,10611.445737099973,0.001,1.466423511505127,1.466126561164856,0.00029693194665014744,0.0,0.968827673644992,2.856486890174451e-05,0.08737006118580076,1.0196300670549057,0
gipmnn,2026071102,232000,10656.330787600018,0.001,0.30673500895500183,0.3063979744911194,0.00033702680957503617,0.0,0.9688171226845056,1.7674116954582365e-05,0.08520111380273077,0.9943179185268738,0
gipmnn,2026071102,233000,10701.124923099997,0.001,0.5913784503936768,0.5910864472389221,0.00029201264260336757,0.0,0.9688209667605333,2.1641990641323433e-05,0.08775240745984016,1.0240921419550013,0
gipmnn,2026071102,234000,10745.70651290007,0.001,0.024975033476948738,0.024648085236549377,0.0003269489388912916,0.0,0.9688309611044481,3.1958200297391454e-05,0.07052733715636221,0.8230713420357835,0
gipmnn,2026071102,235000,10790.479297900107,0.001,0.21561239659786224,0.21538640558719635,0.00022599192743655294,0.0,0.9688028813806633,2.9741749208183337e-06,0.0908025179403385,1.0596876801925414,0
gipmnn,2026071102,236000,10835.037883900106,0.001,0.2998291850090027,0.29927539825439453,0.0005537735996767879,0.0,0.9686717345739745,0.0001323961870618383,0.07088364592681948,0.8272295528757758,0
gipmnn,2026071102,237000,10879.702225300018,0.001,0.7709156274795532,0.7706562280654907,0.0002593760145828128,0.0,0.9688302515994842,3.122584587553797e-05,0.07318797351625567,0.8541216216536233,0
gipmnn,2026071102,238000,10924.221877800068,0.001,0.0716412365436554,0.07138397544622421,0.0002572587691247463,0.0,0.968820768545653,2.1437392292554813e-05,0.059617669781776704,0.6957528449931928,0
gipmnn,2026071102,239000,10968.900414699921,0.001,0.2872098684310913,0.28695088624954224,0.0002589701034594327,0.0,0.9688277047720646,2.859699841514885e-05,0.07590818820917918,0.8858671950469048,0
gipmnn,2026071102,240000,11013.598769699922,0.001,0.13576550781726837,0.13539625704288483,0.00036924859159626067,0.0,0.9688246029631097,2.5395296355994832e-05,0.06879659375410094,0.8028731415612564,0
gipmnn,2026071102,241000,11058.316340900026,0.001,1.0068281888961792,1.0054455995559692,0.001382627640850842,0.0,0.9687453114998117,5.644973182112368e-05,0.09008584480468636,1.0513239287261502,0
gipmnn,2026071102,242000,11103.280367299914,0.001,0.28862327337265015,0.2883099913597107,0.00031327808392234147,0.0,0.968828929897976,2.986157924853656e-05,0.0709398154483127,0.8278850649835764,0
gipmnn,2026071102,243000,11147.966984200059,0.001,0.059918489307165146,0.0595690980553627,0.0003493919502943754,0.0,0.9687996150591756,3.9733776263242743e-07,0.06324313373081428,0.7380628994820078,0
gipmnn,2026071102,244000,11192.756432400085,0.001,0.3685761094093323,0.368320107460022,0.00025600954541005194,0.0,0.9688152356656655,1.5726327070112545e-05,0.09301139307231449,1.0854657953542444,0
gipmnn,2026071102,245000,11237.571208100067,0.001,0.34607067704200745,0.34554335474967957,0.0005273303831927478,0.0,0.9687411663077385,6.07284189321333e-05,0.045931394025463514,0.5360306463619586,0
gipmnn,2026071102,246000,11282.408567799954,0.001,0.05788552761077881,0.05769633874297142,0.00018918851856142282,0.0,0.9688285192976832,2.9437755659801855e-05,0.0658322084780391,0.7682780375086254,0
gipmnn,2026071102,247000,11327.256413300056,0.001,0.5793412327766418,0.5790940523147583,0.0002471681800670922,0.0,0.9687872484273703,1.3162234341142598e-05,0.05351128379153487,0.6244898211130482,0
gipmnn,2026071102,248000,11372.156894699903,0.001,0.2923177480697632,0.29215243458747864,0.00016531191067770123,0.0,0.968827976166037,2.8877132573289215e-05,0.07433706634317236,0.8675318170942531,0
gipmnn,2026071102,249000,11417.09153220011,0.001,0.6774068474769592,0.6771748065948486,0.00023204997705761343,0.0,0.9688258900303947,2.6723813371861733e-05,0.06620509228999165,0.7726296831527361,0
gipmnn,2026071102,250000,11461.856203200063,0.001,0.12779821455478668,0.12758560478687286,0.0002126141043845564,0.0,0.9688187483785499,1.9352166133227696e-05,0.08471866076850507,0.9886875731549933,0
gipmnn,2026071102,251000,11506.543759299908,0.001,0.171950563788414,0.1717189997434616,0.00023156132374424487,0.0,0.968812579910013,1.2985043366042469e-05,0.0731653601806462,0.853857718474538,0
gipmnn,2026071102,252000,11551.30331029999,0.001,1.248403549194336,1.2481275796890259,0.00027591167599894106,0.0,0.9688193129015108,1.993486943724608e-05,0.08177262183377262,0.9543065754104731,0
gipmnn,2026071102,253000,11595.720104800072,0.001,0.0916745662689209,0.09150135517120361,0.00017321054474450648,0.0,0.9688191404504843,1.9756864661793037e-05,0.09882756162109792,1.1533419104320082,0
gipmnn,2026071102,254000,11640.64721309999,0.001,0.4294707775115967,0.42925480008125305,0.0002159681753255427,0.0,0.9688262377788186,2.7082760960575174e-05,0.05426113426973695,0.6332407603134272,0
gipmnn,2026071102,255000,11685.276881499914,0.001,0.34501293301582336,0.34480270743370056,0.00021021584689151496,0.0,0.9688094441425427,9.748289164605133e-06,0.061461764353549664,0.7172738814483902,0
gipmnn,2026071102,256000,11730.0700067,0.001,0.8146355748176575,0.8144680857658386,0.00016748718917369843,0.0,0.9688368023153556,3.798752617220576e-05,0.07960036352827733,0.9289557876047677,0
gipmnn,2026071102,257000,11774.77632370009,0.001,0.1029270812869072,0.10275517404079437,0.00017190726066473871,0.0,0.9688182827159434,1.887150696056591e-05,0.09333868621102182,1.0892853866471597,0
gipmnn,2026071102,258000,11819.600514400052,0.001,0.0342806875705719,0.03409207984805107,0.00018860958516597748,0.0,0.968828334441054,2.9246945761756664e-05,0.08731891475806441,1.019033175684628,0
gipmnn,2026071102,259000,11864.49749349989,0.001,0.0523085817694664,0.05213408172130585,0.0001744997571222484,0.0,0.9688205572716904,2.1219314296417246e-05,0.06290121763397369,0.7340726546771273,0
gipmnn,2026071102,260000,11909.423152399948,0.001,0.4518529772758484,0.4515533447265625,0.0002996278053615242,0.0,0.9687467411594683,5.49740302762642e-05,0.0500317933260571,0.5838833130199923,0
gipmnn,2026071102,261000,11954.275657400023,0.001,0.3470374643802643,0.34686750173568726,0.00016995887563098222,0.0,0.9688172330037932,1.7787989051603395e-05,0.09557620920879205,1.1153978294369347,0
gipmnn,2026071102,262000,11999.079629099928,0.001,0.05223255604505539,0.052056796848773956,0.00017576036043465137,0.0,0.9688037812934155,3.903069173714494e-06,0.061160886281238835,0.7137625604663295,0
gipmnn,2026071102,263000,12043.86369909998,0.001,0.03970607742667198,0.03956505283713341,0.00014102351269684732,0.0,0.9688234425285052,2.419749019938966e-05,0.08230019500035307,0.9604634838058196,0
gipmnn,2026071102,264000,12088.737202200107,0.001,0.19278615713119507,0.19263234734535217,0.00015380888362415135,0.0,0.9688251020116355,2.5910416634522032e-05,0.06759496390899039,0.7888498262182615,0
gipmnn,2026071102,265000,12133.268800199963,0.001,0.21081039309501648,0.21065035462379456,0.00016004065400920808,0.0,0.9688302905283602,3.126602844780432e-05,0.06974922460370538,0.8139905774869921,0
gipmnn,2026071102,266000,12177.980163600063,0.001,0.1528654843568802,0.15266990661621094,0.00019558495841920376,0.0,0.9688304730140229,3.145439102283732e-05,0.06673442148349507,0.7788070848134518,0
gipmnn,2026071102,267000,12222.535625000019,0.001,0.03400111570954323,0.03382650017738342,0.0001746171765262261,0.0,0.9688380350660779,3.925997737191653e-05,0.07815494224394405,0.9120873663050141,0
gipmnn,2026071102,268000,12267.211125599919,0.001,0.5145013332366943,0.5142956376075745,0.00020571872300934047,0.0,0.9688041852555336,4.320040806754929e-06,0.07420451380278002,0.8659848964006631,0
gipmnn,2026071102,269000,12311.810423000017,0.001,0.8358468413352966,0.8356572389602661,0.0001896097674034536,0.0,0.9688243548863695,2.5139230356665496e-05,0.08422464996308189,0.9829223457553203,0
gipmnn,2026071102,270000,12356.643093199935,0.001,0.08891239017248154,0.08870018273591995,0.00021220911003183573,0.0,0.9688252396603679,2.6052498315376997e-05,0.07168110896041151,0.8365361422884361,0
gipmnn,2026071102,271000,12403.03596489993,0.001,0.04659027233719826,0.046432849019765854,0.0001574219495523721,0.0,0.9688234463304958,2.420141463230794e-05,0.05300496365887412,0.6185809408420563,0
gipmnn,2026071102,272000,12449.07926769997,0.001,0.207545667886734,0.2073575109243393,0.00018816255033016205,0.0,0.9688319246021578,3.295272724797698e-05,0.07903660423013147,0.9223765781688389,0
gipmnn,2026071102,273000,12493.674976899987,0.001,0.10315699130296707,0.10287078469991684,0.0002862047986127436,0.0,0.9687724153500754,2.8473007766911165e-05,0.05797234465002976,0.6765514967093381,0
gipmnn,2026071102,274000,12538.428694099886,0.001,0.0745219811797142,0.07409446686506271,0.0004275167593732476,0.0,0.9688000881490791,9.098790167951601e-08,0.059669288795151904,0.6963552515539154,0
gipmnn,2026071102,275000,12583.05704850005,0.001,0.08954377472400665,0.08933034539222717,0.00021343094704207033,0.0,0.9688305995067102,3.1584957380521636e-05,0.06449231250398078,0.7526411224906729,0
gipmnn,2026071102,276000,12628.026727499906,0.001,0.05984838306903839,0.059654295444488525,0.0001940865913638845,0.0,0.9688212108283477,2.1893918608296328e-05,0.06587147404277334,0.7687362762904181,0
gipmnn,2026071102,277000,12672.649031599984,0.001,0.7516931891441345,0.7514621019363403,0.00023110260372050107,0.0,0.9688155822520895,1.6084075236921863e-05,0.09899622951164068,1.1553103061296877,0
gipmnn,2026071102,278000,12717.409980500117,0.001,1.3972349166870117,1.3970229625701904,0.0002119935379596427,0.0,0.9688225051628941,2.3229936926247534e-05,0.060555354840017867,0.7066958598639,0
gipmnn,2026071102,279000,12762.17786679999,0.001,0.16841769218444824,0.16814938187599182,0.00026831196737475693,0.0,0.9688191346370914,1.9750864049706728e-05,0.06192157989040443,0.7226400416674964,0
gipmnn,2026071102,280000,12806.867388099898,0.001,0.6478140950202942,0.6475360989570618,0.0002779814531095326,0.0,0.968830730101095,3.171975752993402e-05,0.05149158796790127,0.6009194749311604,0
gipmnn,2026071102,281000,12851.433662600117,0.001,0.34070929884910583,0.34050115942955017,0.00020814717572648078,0.0,0.9688196421566897,2.0274728209850486e-05,0.06280025910849066,0.7328944438951855,0
gipmnn,2026071102,282000,12896.041971900035,0.001,0.34579548239707947,0.3455960750579834,0.00019939769117627293,0.0,0.9688153692596825,1.5864223454257884e-05,0.0911126085703492,1.0633065139850293,0
gipmnn,2026071102,283000,12940.777533699991,0.001,0.10129342973232269,0.1007591262459755,0.0005343058728612959,0.0,0.9688277670067718,2.8661237377953854e-05,0.09328752432630646,1.0886883148901416,0
gipmnn,2026071102,284000,12985.68729120004,0.001,0.0301118902862072,0.029832245782017708,0.0002796445623971522,0.0,0.9688284747584269,2.9391782026148764e-05,0.09219176924989818,1.075900584094601,0
gipmnn,2026071102,285000,13030.260403600056,0.001,0.19005034863948822,0.1897256076335907,0.0003247400454711169,0.0,0.96882974201513,3.069985046444273e-05,0.0788498190018093,0.920196748690707,0
gipmnn,2026071102,286000,13075.16127520008,0.001,0.08078058063983917,0.08039244264364243,0.0003881346492562443,0.0,0.9687555289167128,4.590326516019905e-05,0.06159238466694451,0.7187982525784766,0
gipmnn,2026071102,287000,13120.162088900106,0.001,0.21582911908626556,0.21545523405075073,0.0003738827654160559,0.0,0.9688196645011903,2.0297792310369825e-05,0.08149316307419756,0.9510452230673788,0
gipmnn,2026071102,288000,13165.073970299913,0.001,0.555239737033844,0.5549479126930237,0.00029182221624068916,0.0,0.9688277955678231,2.869071823189871e-05,0.08817042265928594,1.0289704819728076,0
gipmnn,2026071102,289000,13209.65568570001,0.001,0.14626549184322357,0.14601737260818481,0.00024811390903778374,0.0,0.9688336514833615,3.473522229721397e-05,0.08912558608415466,1.040117473673731,0
gipmnn,2026071102,290000,13254.429655000102,0.001,0.12211940437555313,0.1218637153506279,0.00025568646378815174,0.0,0.9688366899359525,3.787152761407551e-05,0.06975614548598741,0.8140713458825904,0
gipmnn,2026071102,291000,13299.229322700063,0.001,0.15352179110050201,0.15318913757801056,0.00033265884849242866,0.0,0.9688316149308209,3.26330830108727e-05,0.09494704136660706,1.1080552862315267,0
gipmnn,2026071102,292000,13343.899391199928,0.001,0.30382299423217773,0.3035457134246826,0.0002772679436020553,0.0,0.9688324657926604,3.351134667667559e-05,0.06732687490814389,0.7857211617512824,0
gipmnn,2026071102,293000,13388.777651600074,0.001,0.1467253863811493,0.146438866853714,0.0002865182177629322,0.0,0.9688233744884164,2.4127258893872155e-05,0.07121837864560884,0.8311359658949776,0
gipmnn,2026071102,294000,13433.299012199976,0.001,0.049558449536561966,0.04930920526385307,0.00024924491299316287,0.0,0.96882610039485,2.6940952570148025e-05,0.07556242835259686,0.8818320926220341,0
gipmnn,2026071102,295000,13478.409488999983,0.001,0.8080689907073975,0.8078147172927856,0.00025428799563087523,0.0,0.9688253383491372,2.6154365335678167e-05,0.07249349758078485,0.8460169169636922,0
gipmnn,2026071102,296000,13523.320970899891,0.001,1.0933611392974854,1.0931276082992554,0.0002335177850909531,0.0,0.9688353562457251,3.649488617377048e-05,0.07437467034509612,0.8679706650300639,0
gipmnn,2026071102,297000,13568.035830999957,0.001,1.3834354877471924,1.383229374885559,0.00020608243357855827,0.0,0.9688237925794609,2.455881447248777e-05,0.06167218351903662,0.7197295247763587,0
gipmnn,2026071102,298000,13612.656497499906,0.001,0.45167216658592224,0.4515077769756317,0.00016440324543509632,0.0,0.968821766973293,2.2467974084471405e-05,0.09794679815466752,1.1430631845143722,0
gipmnn,2026071102,299000,13657.2944920999,0.001,1.87838613986969,1.8782001733779907,0.00018591589468996972,0.0,0.9688259696774747,2.6806025469345607e-05,0.09780131785217475,1.141365393662762,0
gipmnn,2026071102,300000,13701.987383299973,0.001,0.11574844270944595,0.11556693911552429,0.00018150087271351367,0.0,0.9688302910385126,3.1266555029518604e-05,0.09209298119249487,1.0747477032080905,0
gipmnn,2026071102,301000,13746.84118019999,0.001,0.810104250907898,0.8099290728569031,0.0001751813106238842,0.0,0.9688388254848789,4.0075851443929994e-05,0.0806281297201585,0.9409500714237524,0
gipmnn,2026071102,302000,13791.47256959998,0.001,0.2520374059677124,0.25186774134635925,0.00016966843395493925,0.0,0.9688396834934385,4.096149198856817e-05,0.08273754708074862,0.9655674899723254,0
gipmnn,2026071102,303000,13836.289936800022,0.001,0.05318126827478409,0.05298331752419472,0.00019794932450167835,0.0,0.9688222048525075,2.2919955106811693e-05,0.06878729733091425,0.8027646500200057,0
gipmnn,2026071102,304000,13880.888803200098,0.001,0.06202084943652153,0.06185666099190712,0.00016418741142842919,0.0,0.9688355058491945,3.664930759139064e-05,0.0811458794803261,0.9469923382542025,0
gipmnn,2026071102,305000,13925.59061710001,0.001,0.04455045238137245,0.04441269859671593,0.00013775234401691705,0.0,0.9688145465311542,1.5014999126940921e-05,0.10158057315946181,1.185470231064581,0
gipmnn,2026071102,306000,13970.305163400015,0.001,0.20629405975341797,0.2060939073562622,0.00020015031623188406,0.0,0.9688321911617245,3.322787130933308e-05,0.07595991744241058,0.886470887900413,0
gipmnn,2026071102,307000,14014.982382599963,0.001,0.051459431648254395,0.051318664103746414,0.00014076879597268999,0.0,0.9688384055311511,3.9642373194763305e-05,0.0862508803906504,1.0065689523696482,0
gipmnn,2026071102,308000,14059.819484499982,0.001,0.06852539628744125,0.0683753564953804,0.0001500379148637876,0.0,0.9688217449838701,2.2445276496786458e-05,0.09839189918834836,1.1482576228684105,0
gipmnn,2026071102,309000,14104.473563699983,0.001,0.09566093981266022,0.09548819065093994,0.0001727472263155505,0.0,0.9688097373328326,1.0050921586090497e-05,0.0649115201427594,0.7575333785682873,0
gipmnn,2026071102,310000,14149.20408460009,0.001,0.7620169520378113,0.7617908120155334,0.0002261517074657604,0.0,0.9688023433212926,2.4187874613582485e-06,0.05896332305271559,0.6881164579954672,0
gipmnn,2026071102,311000,14193.977795100072,0.001,0.6084465980529785,0.6082826256752014,0.0001639971451368183,0.0,0.9688294504941997,3.039894116398391e-05,0.06314321995403555,0.7368968811739747,0
gipmnn,2026071102,312000,14238.669154899893,0.001,0.04273436963558197,0.042566929012537,0.00016743913874961436,0.0,0.9688386062068616,3.984951162425682e-05,0.07208968437814631,0.8413043177358126,0
gipmnn,2026071102,313000,14283.690021200106,0.001,1.0062174797058105,1.0060454607009888,0.00017200091679114848,0.0,0.9688323442030743,3.338584132359319e-05,0.08036612156694596,0.937892371941765,0
gipmnn,2026071102,314000,14328.693363599945,0.001,0.2897093594074249,0.2895147502422333,0.0001945945550687611,0.0,0.9688229719278644,2.3711733964057785e-05,0.09687841568701601,1.1305948987841472,0
gipmnn,2026071102,315000,14373.666605799925,0.001,0.08635767549276352,0.08618027716875076,0.00017740174371283501,0.0,0.9688345454084207,3.565793602470955e-05,0.09102369994489216,1.062268928495147,0
gipmnn,2026071102,316000,14418.350377199939,0.001,1.416829228401184,1.4166665077209473,0.00016274537483695894,0.0,0.9687928476932999,7.382645231337752e-06,0.10967447369196609,1.2799280376711568,0
gipmnn,2026071102,317000,14463.160507600056,0.001,0.6825055480003357,0.6822928786277771,0.00021269245189614594,0.0,0.9688012864130745,1.3278417366930993e-06,0.10496222935610543,1.2249349892179235,0
gipmnn,2026071102,318000,14507.74366570008,0.001,0.4517180025577545,0.45128828287124634,0.00042971083894371986,0.0,0.9688327742151389,3.382970183620961e-05,0.0826513212261904,0.9645612130775651,0
gipmnn,2026071102,319000,14552.54730789992,0.001,0.08036958426237106,0.08000870048999786,0.0003608803963288665,0.0,0.9688279635974831,2.886415925179424e-05,0.07809554597044222,0.91139419720897,0
gipmnn,2026071102,320000,14597.37900470011,0.001,0.08746849000453949,0.0871817097067833,0.0002867811417672783,0.0,0.9688378378158845,3.905637477757187e-05,0.08093262155616833,0.9445035659155113,0
gipmnn,2026071102,321000,14642.574545999989,0.001,0.34726980328559875,0.3470083177089691,0.0002614732657093555,0.0,0.9688209803937216,2.1656062883525116e-05,0.0805619272425435,0.9401774722544989,0
gipmnn,2026071102,322000,14687.267744200071,0.001,0.1756572723388672,0.175395667552948,0.00026160015841014683,0.0,0.9688383791297857,3.9615121578921856e-05,0.08180810513440999,0.9547206742415506,0
gipmnn,2026071102,323000,14732.055235099979,0.001,0.7824422121047974,0.782140851020813,0.0003013515961356461,0.0,0.9688395423554031,4.081580863248851e-05,0.08086119213363745,0.943669967015655,0
gipmnn,2026071102,324000,14776.71578279999,0.001,0.03770124539732933,0.03748636320233345,0.00021488303900696337,0.0,0.9688367495906716,3.793310350079459e-05,0.08225275351777335,0.9599098300552393,0
gipmnn,2026071102,325000,14821.538421900012,0.001,1.9980472326278687,1.9973772764205933,0.0006699159857816994,0.0,0.9688124034407789,1.2802890977402495e-05,0.07523015116171729,0.8779543362164748,0
gipmnn,2026071102,326000,14866.219820800005,0.001,0.06681647151708603,0.06647288799285889,0.00034358384436927736,0.0,0.968820294131314,2.0947699539627882e-05,0.07722269919768993,0.9012078610504379,0
gipmnn,2026071102,327000,14910.917111000046,0.001,0.4801708459854126,0.47986844182014465,0.00030239735497161746,0.0,0.9688301021090693,3.1071541153267394e-05,0.05980989483949292,0.6979961586160597,0
gipmnn,2026071102,328000,14955.740798400017,0.001,0.13654816150665283,0.1361914724111557,0.0003566847590263933,0.0,0.9688257634345325,2.659314051665261e-05,0.053208241300123894,0.6209532408286329,0
gipmnn,2026071102,329000,15000.61972409999,0.001,0.3209366798400879,0.32067182660102844,0.0002648507943376899,0.0,0.9688374013236222,3.860582537384091e-05,0.05773939696639939,0.6738329400429394,0
gipmnn,2026071102,330000,15045.510170599911,0.001,1.7970352172851562,1.796805739402771,0.00022949815320316702,0.0,0.9688298041528824,3.0763989350176596e-05,0.07689876611436089,0.8974274824288219,0
gipmnn,2026071102,331000,15090.384143099887,0.001,0.9096184968948364,0.9092742800712585,0.0003442028828430921,0.0,0.9688100488732984,1.0372495146947556e-05,0.09750997158011852,1.1379653111301293,0
gipmnn,2026071102,332000,15135.18978279992,0.001,0.3746098279953003,0.37435382604599,0.0002559968561399728,0.0,0.968832899202923,3.395871482560114e-05,0.07362360237756592,0.8592055174302811,0
gipmnn,2026071102,333000,15180.032365600113,0.001,0.10620374232530594,0.10598456114530563,0.00021917819685768336,0.0,0.968838827936347,4.0078381861084824e-05,0.07241820179519413,0.8451381966575732,0
gipmnn,2026071102,334000,15224.777302900096,0.001,0.978975236415863,0.9787350296974182,0.00024022605794016272,0.0,0.9688335004724253,3.4579348085611796e-05,0.07153998438898214,0.8348891838878506,0
gipmnn,2026071102,335000,15269.674763200106,0.001,0.10255137830972672,0.10233241319656372,0.00021896330872550607,0.0,0.9688346681309358,3.5784610792503816e-05,0.08646548744436819,1.0090734693815726,0
gipmnn,2026071102,336000,15314.532563100103,0.001,0.32708224654197693,0.3267705738544464,0.0003116696607321501,0.0,0.9688313882807111,3.239913368202114e-05,0.06755585114359926,0.7883933706423216,0
gipmnn,2026071102,337000,15359.575593400048,0.001,0.3749535083770752,0.3747020363807678,0.000251483463216573,0.0,0.9688371435520937,3.8339752367590145e-05,0.0808430440543894,0.9434581744747152,0
gipmnn,2026071102,338000,15404.245355800027,0.001,1.1011509895324707,1.100920557975769,0.00023046828573569655,0.0,0.968822900118956,2.3637612464909247e-05,0.09115907959987138,1.063848842310141,0
gipmnn,2026071102,339000,15449.260382700013,0.001,1.2059398889541626,1.2055867910385132,0.00035306994686834514,0.0,0.9688195756948866,2.0206126018416726e-05,0.07918465562511441,0.9241043743011205,0
gipmnn,2026071102,340000,15494.050469500013,0.001,0.11916869133710861,0.1182972714304924,0.0008714200812391937,0.0,0.9688275568802583,2.8444343784424387e-05,0.06885973117502742,0.8036099707663549,0
gipmnn,2026071102,341000,15538.981712300098,0.001,1.7242305278778076,1.7239803075790405,0.0002502784482203424,0.0,0.9688313151555773,3.23236535686468e-05,0.09183079633888505,1.0716879415890797,0
gipmnn,2026071102,342000,15583.690914500039,0.001,0.05922897905111313,0.05895122140645981,0.00027775747003033757,0.0,0.9688212467528692,2.193100007141433e-05,0.05885144172265376,0.6868107754020838,0
gipmnn,2026071102,343000,15628.428838399937,0.001,0.07892724126577377,0.07863645255565643,0.0002907880407292396,0.0,0.9688372321793534,3.843123384946702e-05,0.055202519882016014,0.6442269615583981,0
gipmnn,2026071102,344000,15673.137997200014,0.001,0.2560238242149353,0.25583162903785706,0.0001921975053846836,0.0,0.968826275816433,2.7122023568328667e-05,0.09810378027318924,1.1448952043832186,0
gipmnn,2026071102,345000,15718.120803799946,0.001,0.4286597967147827,0.42844927310943604,0.00021051523799542338,0.0,0.9688372560123495,3.845583438222113e-05,0.07704221563362192,0.899101573541475,0
gipmnn,2026071102,346000,15762.869791500038,0.001,0.564572811126709,0.5643219351768494,0.0002508971083443612,0.0,0.968824474062636,2.526224466975594e-05,0.08891740370226366,1.0376879341595515,0
gipmnn,2026071102,347000,15807.755498900078,0.001,0.046369556337594986,0.046097781509160995,0.00027177584706805646,0.0,0.9688304456161908,3.1426110849309095e-05,0.07159911246725624,0.8355792230797339,0
gipmnn,2026071102,348000,15852.670577700017,0.001,0.05302559956908226,0.05281468480825424,0.00021091655071359128,0.0,0.9688340703217606,3.516754929873587e-05,0.07723570375188078,0.901359627391009,0
gipmnn,2026071102,349000,15897.507039899938,0.001,1.2639691829681396,1.263725757598877,0.00024339693482033908,0.0,0.9688174747586621,1.8037529585151645e-05,0.06587532204156724,0.768781183381188,0
gipmnn,2026071102,350000,15942.22285140003,0.001,0.16724012792110443,0.16699594259262085,0.0002441790420562029,0.0,0.9688250007830084,2.58059279607531e-05,0.0924658026377026,1.0790986210169755,0
gipmnn,2026071102,351000,15989.934396000113,0.001,0.894463062286377,0.8942469954490662,0.0002160701696993783,0.0,0.9688107314383628,1.1077042075590503e-05,0.09789292367125682,1.1424344560645228,0
gipmnn,2026071102,352000,16034.739870799938,0.001,1.975608468055725,1.9753659963607788,0.00024249653506558388,0.0,0.9688125578010778,1.2962222417200469e-05,0.07147164488179888,0.8340916450588051,0
gipmnn,2026071102,353000,16079.829555700067,0.001,0.20615346729755402,0.20592641830444336,0.00022704811999574304,0.0,0.9688260056780392,2.6843185424475108e-05,0.07946563533641596,0.9273834765243203,0
gipmnn,2026071102,354000,16124.398681000108,0.001,0.23208539187908173,0.23183168470859528,0.00025370228104293346,0.0,0.968829875605108,3.0837742679636434e-05,0.08807671373628974,1.0278768758319687,0
gipmnn,2026071102,355000,16169.026183800073,0.001,1.275321125984192,1.2750353813171387,0.0002857050858438015,0.0,0.9687999961257384,3.9990313565424775e-09,0.05837423540357771,0.6812416604842885,0
gipmnn,2026071102,356000,16213.981972299982,0.001,0.24295279383659363,0.24260841310024261,0.00034438338479958475,0.0,0.9688288919593927,2.982241886117597e-05,0.07785403743402347,0.9085757332884823,0
gipmnn,2026071102,357000,16258.77931839996,0.001,0.09988759458065033,0.09944916516542435,0.0004384291241876781,0.0,0.9688227785107374,2.3512087879229868e-05,0.07806191418048575,0.9110017059621621,0
gipmnn,2026071102,358000,16303.540723500075,0.001,1.0036176443099976,1.0031715631484985,0.0004460623022168875,0.0,0.96882131999599,2.2006601971487203e-05,0.0750741250113365,0.8761334727305633,0
gipmnn,2026071102,359000,16348.399023599923,0.001,0.356319397687912,0.35592207312583923,0.00039733160519972444,0.0,0.968813349110369,1.377901565750161e-05,0.05794327632622202,0.6762122622330083,0
gipmnn,2026071102,360000,16392.982727899915,0.001,0.09284666925668716,0.0925995260477066,0.0002471441694069654,0.0,0.9688076995112096,7.947472346823212e-06,0.057659698325175014,0.6729028373304898,0
gipmnn,2026071102,361000,16437.92558420007,0.001,0.1670868992805481,0.16683898866176605,0.00024790610768832266,0.0,0.9688320871350448,3.3120494472302975e-05,0.08300358760393556,0.9686722482020301,0
gipmnn,2026071102,362000,16482.496554499958,0.001,0.04088536649942398,0.04064179211854935,0.000243573565967381,0.0,0.9688304023255176,3.138142600913844e-05,0.07596181317539467,0.8864930115698193,0
gipmnn,2026071102,363000,16527.2004627001,0.001,0.3470288813114166,0.34681159257888794,0.00021727688726969063,0.0,0.9688289360916656,2.9867972404680507e-05,0.08568755261357382,0.9999947788905543,0
gipmnn,2026071102,364000,16572.108092800016,0.001,0.12214629352092743,0.12194409966468811,0.00020219084399286658,0.0,0.9688144368646495,1.4901800835595794e-05,0.1030940541513608,1.2031329258631407,0
gipmnn,2026071102,365000,16616.9655067001,0.001,0.13589100539684296,0.13559556007385254,0.0002954494848381728,0.0,0.968831067817084,3.2068349591197135e-05,0.0737799859683943,0.8610305523339826,0
gipmnn,2026071102,366000,16661.763504100032,0.001,0.13654455542564392,0.13633042573928833,0.00021412502974271774,0.0,0.9688344682059133,3.55782472268287e-05,0.07977934983027257,0.9310446016977006,0
gipmnn,2026071102,367000,16706.573977800086,0.001,0.029802734032273293,0.029599307104945183,0.0002034265489783138,0.0,0.9688357258710627,3.6876415217494235e-05,0.07671989727133866,0.895340039110945,0
gipmnn,2026071102,368000,16751.53903870005,0.001,0.3217105269432068,0.32152947783470154,0.0001810489484341815,0.0,0.9688284477523398,2.9363906213654603e-05,0.09132823633111309,1.0658229428988084,0
gipmnn,2026071102,369000,16796.30090439995,0.001,0.04704948514699936,0.046840619295835495,0.00020886433776468039,0.0,0.9688316453884515,3.2664521522979205e-05,0.0762483584754186,0.8898370655799948,0
gipmnn,2026071102,370000,16841.051554699894,0.001,0.4112498164176941,0.41106870770454407,0.00018109400116372854,0.0,0.9688283673275411,2.9280891351237568e-05,0.08798943988861004,1.0268583686001544,0
gipmnn,2026071102,371000,16885.814323799917,0.001,0.9994587898254395,0.9991821050643921,0.00027665545349009335,0.0,0.968829199416032,3.013977707676136e-05,0.0686832124051974,0.8015499533796727,0
gipmnn,2026071102,372000,16930.577604799997,0.001,0.9817344546318054,0.9815187454223633,0.00021572608966380358,0.0,0.9687979096488084,2.157670511546201e-06,0.1086154441491424,1.2675689028702082,0
gipmnn,2026071102,373000,16975.2644609001,0.001,0.08523140847682953,0.08503767102956772,0.00019373660325072706,0.0,0.9688137000928642,1.4141301470031151e-05,0.08441416731350798,0.9851340597692557,0
gipmnn,2026071102,374000,17020.04565090011,0.001,0.062183063477277756,0.06198868528008461,0.00019437803712207824,0.0,0.9688224350562937,2.3157572557529693e-05,0.07010197997730337,0.8181073193131287,0
gipmnn,2026071102,375000,17064.765668000095,0.001,0.5598520636558533,0.5595892667770386,0.000262786285020411,0.0,0.96883680892634,3.7994350061993704e-05,0.08509725544232273,0.993105865959326,0
gipmnn,2026071102,376000,17109.524667199934,0.001,0.29271265864372253,0.2924423813819885,0.00027027452597394586,0.0,0.9688249460918441,2.574947547906024e-05,0.0645056178103024,0.7527963986824573,0
gipmnn,2026071102,377000,17154.167603899958,0.001,0.2333833873271942,0.23314489424228668,0.00023849827994126827,0.0,0.9688292609237382,3.0203265625751418e-05,0.07016559442236647,0.818849715507031,0
gipmnn,2026071102,378000,17198.8732723,0.001,0.05831040069460869,0.05808766186237335,0.0002227396034868434,0.0,0.9688387949932903,4.004437788015278e-05,0.06939595498894699,0.8098678343402459,0
gipmnn,2026071102,379000,17243.61735980003,0.001,0.16819778084754944,0.1679961234331131,0.00020165748719591647,0.0,0.968828458909633,2.937542282513318e-05,0.07624006093126072,0.8897402312022771,0
gipmnn,2026071102,380000,17288.519411500078,0.001,1.1220437288284302,1.1218219995498657,0.00022167184215504676,0.0,0.9688314038513625,3.2415205782892165e-05,0.09151744462265073,1.0680310501196284,0
gipmnn,2026071102,381000,17333.355510999914,0.001,0.48617231845855713,0.4859645664691925,0.0002077522367471829,0.0,0.9687783450053828,2.2352389158906362e-05,0.06382545052083971,0.7448586794048141,0
gipmnn,2026071102,382000,17378.167401500046,0.001,0.07102947682142258,0.07082664221525192,0.0002028377348324284,0.0,0.9688148265453287,1.530403109898269e-05,0.07751225354446512,0.904587031375048,0
gipmnn,2026071102,383000,17422.886670599924,0.001,0.028584692627191544,0.028398893773555756,0.00018579866446089,0.0,0.9688308925815001,3.188747058229811e-05,0.08082396261947553,0.9432354894439773,0
gipmnn,2026071102,384000,17467.946699500084,0.001,1.3408735990524292,1.340688943862915,0.0001846669620135799,0.0,0.9688359139557826,3.70705571662038e-05,0.08647735758177158,1.009211996799687,0
gipmnn,2026071102,385000,17512.827883299906,0.001,0.05189285799860954,0.05166776850819588,0.0002250880206702277,0.0,0.9688290448874651,2.9980271949974202e-05,0.06947925241418687,0.8108399357458088,0
gipmnn,2026071102,386000,17557.91526010004,0.001,0.06863744556903839,0.06843270361423492,0.0002047425659839064,0.0,0.9688357859730038,3.6938452728942034e-05,0.09137762320799929,1.0663992998786211,0
gipmnn,2026071102,387000,17602.793520699954,0.001,0.16592836380004883,0.16575077176094055,0.00017758973990567029,0.0,0.9688330604211863,3.41251250891177e-05,0.08673701228811047,1.0122422309787888,0
gipmnn,2026071102,388000,17647.562966899946,0.001,0.44383493065834045,0.4435809254646301,0.0002540102868806571,0.0,0.9688362497650622,3.741718111294797e-05,0.0914701871336007,1.0674795436187179,0
gipmnn,2026071102,389000,17692.71068820008,0.001,0.040910083800554276,0.04069466143846512,0.00021542089234571904,0.0,0.9688053855509785,5.5589915137380855e-06,0.060284121793151624,0.7035305036078754,0
gipmnn,2026071102,390000,17737.604767600074,0.001,0.3959041237831116,0.39568763971328735,0.00021648386609740555,0.0,0.9688453414590695,4.6801671211330184e-05,0.08383590680201759,0.9783856176129399,0
gipmnn,2026071102,391000,17782.365383700002,0.001,0.06947152316570282,0.06925167143344879,0.00021985286730341613,0.0,0.9688328649432829,3.392335186098014e-05,0.08484148868063521,0.9901210050489591,0
gipmnn,2026071102,392000,17827.38693389995,0.001,1.9147372245788574,1.9145416021347046,0.00019560886721592396,0.0,0.968838013132261,3.923733718108883e-05,0.07468123979222833,0.8715484057537617,0
gipmnn,2026071102,393000,17872.392466299934,0.001,0.5104435682296753,0.5102313756942749,0.00021217181347310543,0.0,0.9688305003131157,3.148256927713553e-05,0.09275231222360125,1.0824422582345399,0
gipmnn,2026071102,394000,17917.20590130007,0.001,0.08974553644657135,0.0895078256726265,0.0002377101918682456,0.0,0.9688400530475669,4.1342947529866565e-05,0.07269164183267851,0.8483293090360203,0
gipmnn,2026071102,395000,17962.223628599895,0.001,0.4918065369129181,0.4915792644023895,0.00022728713520336896,0.0,0.9688331222752548,3.41889711547894e-05,0.08403297373194936,0.980685437073445,0
gipmnn,2026071102,396000,18007.234368100064,0.001,1.983253002166748,1.983046054840088,0.00020688951190095395,0.0,0.9688403613990813,4.1661229439777866e-05,0.07082645486399483,0.8265621191298061,0
gipmnn,2026071102,397000,18051.922983899945,0.001,0.6220621466636658,0.6217893958091736,0.0002727484970819205,0.0,0.9688201733630631,2.0823041972695417e-05,0.07116557783735468,0.8305197674978373,0
gipmnn,2026071102,398000,18096.739302200032,0.001,0.5054401755332947,0.5052282810211182,0.00021188157552387565,0.0,0.9687884471059321,1.192495258861018e-05,0.05939072408872203,0.6931043330305531,0
gipmnn,2026071102,399000,18141.50035259989,0.001,1.13493812084198,1.1347324848175049,0.00020565171143971384,0.0,0.9688319604197834,3.298969837259731e-05,0.06962067537358983,0.8124903764073129,0
gipmnn,2026071102,400000,18186.470722700004,0.001,0.07632791996002197,0.07610122859477997,0.00022669078316539526,0.0,0.9688269369410538,2.7804439568356093e-05,0.08603290786706258,1.004025159497976,0
gipmnn,2026071102,401000,18231.253953400068,0.001,0.6066062450408936,0.6063603758811951,0.0002458544622641057,0.0,0.9688303751343976,3.1353359204821496e-05,0.0900286269588595,1.0506561824159684,0
gipmnn,2026071102,402000,18276.141026699916,0.001,0.027901655063033104,0.027683595195412636,0.00021806011500302702,0.0,0.9688380962975741,3.9323180815565106e-05,0.07405431672324143,0.8642320596027616,0
gipmnn,2026071102,403000,18320.999574000016,0.001,1.5724025964736938,1.5721572637557983,0.00024538880097679794,0.0,0.9688404161228306,4.171771555591104e-05,0.08729771713142184,1.0187857941768024,0
gipmnn,2026071102,404000,18365.86022790009,0.001,0.32078972458839417,0.32036587595939636,0.0004238430119585246,0.0,0.9688018817789569,1.9423812519409097e-06,0.05009186261368219,0.5845843363561081,0
gipmnn,2026071102,405000,18410.782659499906,0.001,0.37086477875709534,0.37049978971481323,0.00036497742985375226,0.0,0.9688226535311321,2.338308333202556e-05,0.10370384188542725,1.2102492984481754,0
gipmnn,2026071102,406000,18455.67693309998,0.001,0.2752828299999237,0.2750299572944641,0.00025288615142926574,0.0,0.968842987371115,4.437177034988277e-05,0.07949998501389985,0.9277843456948447,0
gipmnn,2026071102,407000,18500.352109000087,0.001,0.0625581294298172,0.06222434714436531,0.00033378141233697534,0.0,0.9688322728814015,3.331222275134929e-05,0.059974270667352864,0.6999144648883492,0
gipmnn,2026071102,408000,18545.261864,0.001,2.770153760910034,2.769887924194336,0.0002659234160091728,0.0,0.9688378490873538,3.906800924218114e-05,0.06334601495915138,0.7392635486783607,0
gipmnn,2026071102,409000,18590.03783840011,0.001,0.6725397706031799,0.6723036766052246,0.00023607464390806854,0.0,0.9688263222522783,2.7169954870228006e-05,0.06336636610756187,0.7395010515773722,0
gipmnn,2026071102,410000,18635.01228939998,0.001,0.42809250950813293,0.4278496503829956,0.00024286203552037477,0.0,0.968825315204456,2.613047528492301e-05,0.08946412462346374,1.0440683015528867,0
gipmnn,2026071102,411000,18679.886769700097,0.001,0.034040018916130066,0.033832158893346786,0.00020786041568499058,0.0,0.9688349313601972,3.6056317296826686e-05,0.06711934387308983,0.7832992236146232,0
gipmnn,2026071102,412000,18724.82950569992,0.001,0.3458552956581116,0.34566065669059753,0.0001946491829585284,0.0,0.96884196448774,4.331594523117772e-05,0.07281289396255386,0.849744351164152,0
gipmnn,2026071102,413000,18771.02991620009,0.001,0.048461075872182846,0.04822959378361702,0.00023148041509557515,0.0,0.9688306666534378,3.165426655425358e-05,0.09033496100444159,1.0542311759457752,0
gipmnn,2026071102,414000,18818.11494749994,0.001,1.694676399230957,1.694466471672058,0.0002098805271089077,0.0,0.968823746628481,2.451138365094565e-05,0.08776542226691557,1.0242440279492528,0
gipmnn,2026071102,415000,18863.45584150008,0.001,0.13173820078372955,0.13154780864715576,0.00019038893515244126,0.0,0.9688430789610212,4.446630988974118e-05,0.07483225875628514,0.873310834145798,0
gipmnn,2026071102,416000,18908.336520300014,0.001,0.7599690556526184,0.759748101234436,0.0002209380763815716,0.0,0.9688311583239433,3.216177120488461e-05,0.06215244145327535,0.725334252792402,0
gipmnn,2026071102,417000,18953.166958899936,0.001,1.0709657669067383,1.0707709789276123,0.0001947337295860052,0.0,0.9688402066734199,4.150152087103892e-05,0.07928513280291707,0.9252769676374414,0
gipmnn,2026071102,418000,18997.959950899938,0.001,0.11736936122179031,0.11717884242534637,0.00019051568233408034,0.0,0.9688304599216011,3.144087696233633e-05,0.0746452447991554,0.8711283353463192,0
gipmnn,2026071102,419000,19042.833795099985,0.001,0.09836436063051224,0.09771697968244553,0.0006473817629739642,0.0,0.9688122676869632,1.2662765238607836e-05,0.04429625035923914,0.5169481182807294,0
gipmnn,2026071102,420000,19087.627873900114,0.001,0.2632128596305847,0.26262301206588745,0.0005898597300983965,0.0,0.9688311732337187,3.2177161146476575e-05,0.07520365245968458,0.8776450898572096,0
gipmnn,2026071102,421000,19132.351899500005,0.001,0.6416540741920471,0.6411018967628479,0.0005521572311408818,0.0,0.9688155242645426,1.6024220213309808e-05,0.07343122697752857,0.8569604492756112,0
gipmnn,2026071102,422000,19177.216427000007,0.001,0.08108927309513092,0.08061587810516357,0.0004733967944048345,0.0,0.9688233977452378,2.4151264696379012e-05,0.061651789214479426,0.7194915182345185,0
gipmnn,2026071102,423000,19222.116028199904,0.001,0.8579056262969971,0.8574041128158569,0.0005014990456402302,0.0,0.9688327430815021,3.379756554721317e-05,0.08077205229476761,0.9426296832084727,0
gipmnn,2026071102,424000,19266.70044220006,0.001,0.3093993067741394,0.3089427053928375,0.00045659305760636926,0.0,0.9688310656831832,3.206614696865091e-05,0.0830383870886818,0.9690783667337527,0
gipmnn,2026071102,425000,19311.252168300096,0.001,0.02873150445520878,0.02824835106730461,0.00048315332969650626,0.0,0.9688207044500937,2.1371232549259467e-05,0.045397493956002836,0.5297999014564797,0
gipmnn,2026071102,426000,19356.017283899942,0.001,0.5943686366081238,0.5939425230026245,0.0004260922723915428,0.0,0.9688025061858693,2.586897057470731e-06,0.07951630921322103,0.9279748531091988,0
gipmnn,2026071102,427000,19400.73715849989,0.001,0.2125464379787445,0.2121722549200058,0.0003741841355804354,0.0,0.9688249403215925,2.5743519397712323e-05,0.059092885676880334,0.6896284856325312,0
gipmnn,2026071102,428000,19445.758403500076,0.001,0.30357441306114197,0.3031045198440552,0.0004698919365182519,0.0,0.9688249274758168,2.5730259926546547e-05,0.07234078930049219,0.8442347738363853,0
gipmnn,2026071102,429000,19490.363700099988,0.001,0.03559570759534836,0.0352228581905365,0.0003728502488229424,0.0,0.9688384518695641,3.969020392659198e-05,0.0752385251407445,0.8780520626078856,0
gipmnn,2026071102,430000,19535.425848300103,0.001,0.2017543613910675,0.20139379799365997,0.0003605687525123358,0.0,0.968795177292535,4.978021743441812e-06,0.045208236884183996,0.5275912249578003,0
gipmnn,2026071102,431000,19580.19262519991,0.001,0.750595211982727,0.7502368688583374,0.0003583412035368383,0.0,0.9687860804621707,1.4367813614011643e-05,0.054356100465359956,0.6343490391345341,0
gipmnn,2026071102,432000,19625.508647199953,0.001,0.031184354797005653,0.03085227683186531,0.0003320785763207823,0.0,0.9688266920600079,2.7551672179952406e-05,0.08196401654128206,0.9565401986425411,0
gipmnn,2026071102,433000,19674.183810200077,0.001,0.8205512762069702,0.8202062845230103,0.00034497567685320973,0.0,0.9688234945208544,2.425115695125147e-05,0.08147475732280812,0.9508304234292797,0
gipmnn,2026071102,434000,19718.950295000104,0.001,0.10241705924272537,0.10215893387794495,0.00025812370586209,0.0,0.968838671040088,3.991643279111697e-05,0.07406262365927248,0.8643290035859452,0
gipmnn,2026071102,435000,19763.792007700074,0.001,0.20089241862297058,0.20063111186027527,0.0002613042888697237,0.0,0.9688362669921202,3.743496296472577e-05,0.0765391896590299,0.8932311369039994,0
gipmnn,2026071102,436000,19808.826247900026,0.001,0.057184599339962006,0.05691500008106232,0.0002696008887141943,0.0,0.9688085677549843,8.843677729414388e-06,0.08044316946227248,0.9387915397987172,0
gipmnn,2026071102,437000,19853.61247919989,0.001,0.6511540412902832,0.6509233713150024,0.00023064999550115317,0.0,0.9688119073305287,1.2290803601045824e-05,0.05059210690785508,0.5904223101000733,0
gipmnn,2026071102,438000,19898.31271310011,0.001,0.0457545667886734,0.04555901885032654,0.0001955492771230638,0.0,0.9688037369794724,3.857328109438499e-06,0.06534421413393982,0.7625830236898961,0
gipmnn,2026071102,439000,19943.021732700057,0.001,2.3409647941589355,2.340775966644287,0.00018889349303208292,0.0,0.9688202999449851,2.095370043878156e-05,0.07853993441419094,0.9165803194635298,0
gipmnn,2026071102,440000,19987.952410599915,0.001,0.15229342877864838,0.1519625186920166,0.00033091517980210483,0.0,0.9687733057903877,2.7553891011892315e-05,0.07287675162421835,0.8504895857555124,0
gipmnn,2026071102,441000,20033.00589739997,0.001,0.25228312611579895,0.25208449363708496,0.00019863453053403646,0.0,0.9688277485312733,2.8642166879951733e-05,0.07863595303241357,0.9177008803147881,0
gipmnn,2026071102,442000,20077.9852179999,0.001,1.1163431406021118,1.1161534786224365,0.0001896233734441921,0.0,0.9688196856234079,2.0319594764582887e-05,0.07044752376117773,0.8221399001164426,0
gipmnn,2026071102,443000,20122.729931199923,0.001,0.05185529962182045,0.051571257412433624,0.00028404148179106414,0.0,0.9688220678472624,2.2778537636706623e-05,0.06471892159330467,0.755285706205124,0
gipmnn,2026071102,444000,20167.524109499995,0.001,0.0665362998843193,0.0663217157125473,0.00021458424453157932,0.0,0.9688381417887344,3.937013700908615e-05,0.07960632358798049,0.9290253429649483,0
gipmnn,2026071102,445000,20212.235213400098,0.001,0.030634934082627296,0.030420856550335884,0.000214078274439089,0.0,0.9688412856754172,4.261527190046311e-05,0.0743807658505411,0.8680418010753093,0
gipmnn,2026071102,446000,20257.291150100064,0.001,0.23287898302078247,0.23266296088695526,0.00021601797197945416,0.0,0.9688239390942484,2.4710047737778403e-05,0.07147536873189739,0.834135103303816,0
gipmnn,2026071102,447000,20302.093905000016,0.001,0.05097019299864769,0.05071699991822243,0.0002531929640099406,0.0,0.9688359308493505,3.708799478787797e-05,0.08199711162744973,0.9569264264243503,0
gipmnn,2026071102,448000,20346.85924410005,0.001,3.5068390369415283,3.506455659866333,0.0003833543451037258,0.0,0.9688217124335742,2.2411677925457906e-05,0.09401287283202239,1.0971533100553448,0
gipmnn,2026071102,449000,20391.790992599912,0.001,1.7161896228790283,1.7158807516098022,0.0003088531084358692,0.0,0.9688165168504875,1.7048772179537268e-05,0.06578348354385158,0.767709405562641,0
gipmnn,2026071102,450000,20436.62802079995,0.001,0.30406665802001953,0.3038223683834076,0.0002442978438921273,0.0,0.9688377650860808,3.898130272582221e-05,0.06943114072196473,0.810278460484137,0
gipmnn,2026071102,451000,20481.487550799968,0.001,0.8813367486000061,0.8811100721359253,0.0002266536612296477,0.0,0.9688379365492212,3.9158287800619565e-05,0.08131082219380618,0.9489172602208732,0
gipmnn,2026071102,452000,20526.31048269989,0.001,0.03708897903561592,0.03686022758483887,0.0002287500974489376,0.0,0.9688378467672492,3.906561441903503e-05,0.07931748478428535,0.9256545232037783,0
gipmnn,2026071102,453000,20571.37333979993,0.001,0.11422917991876602,0.1139822006225586,0.0002469794708304107,0.0,0.9687968997668629,3.200075492463708e-06,0.054340191557503095,0.63416337827354,0
gipmnn,2026071102,454000,20616.18418390001,0.001,0.034443143755197525,0.03420000150799751,0.00024314319307450205,0.0,0.9688322516300465,3.329028700092704e-05,0.0840453443664667,0.9808298054157724,0
gipmnn,2026071102,455000,20661.068588099908,0.001,0.178951233625412,0.17871834337711334,0.00023288758529815823,0.0,0.9688305913445365,3.157653234572117e-05,0.08982957957309794,1.0483332505496445,0
gipmnn,2026071102,456000,20705.92452410003,0.001,1.0504933595657349,1.050236463546753,0.0002568791969679296,0.0,0.9688389127552647,4.01659323541352e-05,0.08976264740847308,1.0475521357538171,0
gipmnn,2026071102,457000,20750.7672933999,0.001,0.04614884406328201,0.04590997099876404,0.0002388746797805652,0.0,0.9688238047797284,2.4571407646995365e-05,0.06721019595640956,0.7843594897349636,0
gipmnn,2026071102,458000,20795.801198299974,0.001,0.11347781866788864,0.11324605345726013,0.0002317633479833603,0.0,0.9688270283332387,2.7898775019358402e-05,0.060398147624768084,0.7048612130609664,0
gipmnn,2026071102,459000,20840.591712099966,0.001,0.9176419377326965,0.9173940420150757,0.00024788620066829026,0.0,0.9688232689578766,2.4018329765309744e-05,0.06862529968874354,0.8008740977586539,0
gipmnn,2026071102,460000,20885.68451780011,0.001,0.4143391251564026,0.41411855816841125,0.00022057309979572892,0.0,0.9688303671777372,3.1345146301805786e-05,0.0642544378910198,0.7498650673492181,0
gipmnn,2026071102,461000,20930.569630299928,0.001,0.03299783542752266,0.032732270658016205,0.0002655631978996098,0.0,0.9688431297015453,4.451868450175159e-05,0.09061710938141627,1.057523916784337,0
gipmnn,2026071102,462000,20975.48102930002,0.001,0.19189520180225372,0.19163388013839722,0.0002613255346659571,0.0,0.9688317532784654,3.277588611208208e-05,0.08078077151547106,0.9427314386550165,0
gipmnn,2026071102,463000,21020.27498649992,0.001,0.04639207199215889,0.04615486413240433,0.00023720883473288268,0.0,0.968836622738848,3.780216644092585e-05,0.07669869234574886,0.895092572422613,0
gipmnn,2026071102,464000,21065.057103500003,0.001,0.09771926701068878,0.09747835248708725,0.0002409147418802604,0.0,0.9688165109699611,1.7042702272023683e-05,0.06769285950384107,0.7899922918476459,0
gipmnn,2026071102,465000,21109.916057500057,0.001,0.7506923079490662,0.7504289746284485,0.00026333946152590215,0.0,0.9688309701139106,3.1967499907743816e-05,0.09619173095808588,1.122581119387614,0
gipmnn,2026071102,466000,21154.77953359997,0.001,0.3731776475906372,0.3729521930217743,0.00022544825333170593,0.0,0.9688418536096366,4.3201496321841e-05,0.07698494665560783,0.8984332305061132,0
gipmnn,2026071102,467000,21199.198218599893,0.001,0.4242846965789795,0.42406150698661804,0.00022320197604130954,0.0,0.9688404818335316,4.178554245619138e-05,0.08281615222407329,0.9664848312957858,0
gipmnn,2026071102,468000,21244.269900700077,0.001,1.2748528718948364,1.2745859622955322,0.0002668566012289375,0.0,0.9688411196229475,4.244387174597983e-05,0.08422877161801604,0.9829704464804411,0
gipmnn,2026071102,469000,21288.78531019995,0.001,0.4307398200035095,0.4304903447628021,0.00024946528719738126,0.0,0.9688430111424166,4.439630720123889e-05,0.0844196921690193,0.9851985361896567,0
gipmnn,2026071102,470000,21333.767182399984,0.001,0.0542813315987587,0.05403333902359009,0.00024799391394481063,0.0,0.9688327927652829,3.384884938366672e-05,0.08055332819996229,0.9400771193161503,0
gipmnn,2026071102,471000,21378.32652090001,0.001,4.203081130981445,4.202748775482178,0.0003323268610984087,0.0,0.9688304469721323,3.142751045858884e-05,0.08436830687550728,0.9845988571971254,0
gipmnn,2026071102,472000,21423.041290600086,0.001,0.3541659414768219,0.3539153039455414,0.00025065182126127183,0.0,0.9688321889626591,3.3225601423521514e-05,0.08034722558912713,0.9376718512408637,0
gipmnn,2026071102,473000,21467.752761099953,0.001,0.3664570748806,0.36620521545410156,0.0002518509281799197,0.0,0.9688141782732687,1.4634881573762674e-05,0.09864840248564988,1.151251079330243,0
gipmnn,2026071102,474000,21512.466123299906,0.001,0.1934358924627304,0.19313937425613403,0.00029652443481609225,0.0,0.9688012753671907,1.3164401225692176e-06,0.10156396359831957,1.1852763934077066,0
gipmnn,2026071102,475000,21557.167049099924,0.001,2.800945520401001,2.8007235527038574,0.0002220329624833539,0.0,0.9688192768578865,1.9897665035607536e-05,0.0725915111693814,0.847160759609063,0
gipmnn,2026071102,476000,21601.781034100102,0.001,0.9331291913986206,0.9327560067176819,0.0003731620672624558,0.0,0.9688307253417024,3.1714844862152496e-05,0.06161710228609007,0.7190867132631181,0
gipmnn,2026071102,477000,21646.416627899976,0.001,0.0986073762178421,0.09813513606786728,0.0004722415469586849,0.0,0.9688304837841062,3.1465507954370824e-05,0.0738640740025854,0.8620118803401341,0
gipmnn,2026071102,478000,21691.054492699914,0.001,0.209442138671875,0.20910483598709106,0.000337309786118567,0.0,0.9687845786871119,1.5917953022419245e-05,0.05995195770987047,0.6996540671957622,0
gipmnn,2026071102,479000,21735.829729800113,0.001,0.130403533577919,0.13004575669765472,0.0003577790630515665,0.0,0.9688306968103363,3.168539464935465e-05,0.08450923957906462,0.9862435764525326,0
gipmnn,2026071102,480000,21780.76450540009,0.001,0.3154120147228241,0.31502896547317505,0.0003830406640190631,0.0,0.9688253659949051,2.6182901429709086e-05,0.08630187557596931,1.0071640787037779,0
gipmnn,2026071102,481000,21825.28778719995,0.001,0.23690685629844666,0.23662687838077545,0.0002799715439323336,0.0,0.9688094860038111,9.791498566392526e-06,0.05523257052582744,0.6445776599503715,0
gipmnn,2026071102,482000,21869.940810699947,0.001,0.05950957536697388,0.05921328440308571,0.0002962898288387805,0.0,0.9688376074383589,3.881857799225825e-05,0.07807042592395967,0.911101040098493,0
gipmnn,2026071102,483000,21914.634912699927,0.001,0.4976069927215576,0.49731317162513733,0.00029383040964603424,0.0,0.9687884947723858,1.1875751046833709e-05,0.09244370121920595,1.0788406920362938,0
gipmnn,2026071102,484000,21959.53477160004,0.001,0.3274708092212677,0.3270777761936188,0.0003930460079573095,0.0,0.9688107136430465,1.1058673664843585e-05,0.06836883862754409,0.7978811342025032,0
gipmnn,2026071102,485000,22003.98521970003,0.001,0.032915133982896805,0.03257618844509125,0.0003389469929970801,0.0,0.9688296393059757,3.059383358346351e-05,0.06612881216577797,0.7717394753731908,0
gipmnn,2026071102,486000,22048.75533049996,0.001,0.07535861432552338,0.07507367432117462,0.00028494250727817416,0.0,0.9688323437267223,3.3385349630820816e-05,0.06782311771777509,0.7915124371881137,0
gipmnn,2026071102,487000,22093.3285093999,0.001,0.033611878752708435,0.033320460468530655,0.00029141793493181467,0.0,0.968810222725282,1.0551945997172593e-05,0.05699876417977902,0.665189573566649,0
gipmnn,2026071102,488000,22137.94596910011,0.001,0.29667049646377563,0.2963472604751587,0.00032323721097782254,0.0,0.9688359717147154,3.713017621321839e-05,0.07339431894211024,0.8565297234398076,0
gipmnn,2026071102,489000,22182.543841100065,0.001,0.5239866375923157,0.5236048698425293,0.00038177004898898304,0.0,0.9688230729844197,2.3816045024489342e-05,0.06992538285218369,0.8160463875009767,0
gipmnn,2026071102,490000,22227.109674799955,0.001,0.17949575185775757,0.17922551929950714,0.00027023564325645566,0.0,0.9688163894914269,1.6917311547176624e-05,0.05948381869887301,0.6941907699896486,0
gipmnn,2026071102,491000,22271.963439800078,0.001,0.17981097102165222,0.17952744662761688,0.00028351860237307847,0.0,0.9688239290879158,2.4699719153405638e-05,0.06539838457604057,0.7632152060503287,0
gipmnn,2026071102,492000,22316.691501399968,0.001,0.02636600285768509,0.02608618512749672,0.0002798170899040997,0.0,0.9688361308654286,3.729445234170184e-05,0.0795656524981818,0.9285507013605383,0
gipmnn,2026071102,493000,22361.64995880006,0.001,0.35186871886253357,0.3515142798423767,0.0003544455685187131,0.0,0.9688331468849685,3.421437341914873e-05,0.08176342086927231,0.9541991978955315,0
gipmnn,2026071102,494000,22406.357052899897,0.001,0.03800833597779274,0.03772218897938728,0.00028614801703952253,0.0,0.9688351475480993,3.627946748482795e-05,0.06731736462428922,0.7856101744035247,0
gipmnn,2026071102,495000,22451.067689999938,0.001,0.10728173702955246,0.10683736950159073,0.0004443683137651533,0.0,0.9688084675771028,8.740273640402536e-06,0.057606419112019136,0.672281055830678,0
gipmnn,2026071102,496000,22495.82772390009,0.001,0.08210361748933792,0.08166902512311935,0.0004345887282397598,0.0,0.9688223055657083,2.3023911755014715e-05,0.05666056601118567,0.6612427178973214,0
gipmnn,2026071102,497000,22540.701834300067,0.001,0.035029977560043335,0.03460904583334923,0.0004209306207485497,0.0,0.9688167938957993,1.7334739677269346e-05,0.07745112228019618,0.9038736145107388,0
gipmnn,2026071102,498000,22585.30585399992,0.001,2.037216901779175,2.0368711948394775,0.00034560542553663254,0.0,0.9687945210447936,5.655403805137458e-06,0.06526453557823585,0.7616531553804016,0
gipmnn,2026071102,499000,22629.632034600014,0.001,0.11030566692352295,0.1098417118191719,0.0004639558610506356,0.0,0.9688234737229405,2.4229689244980227e-05,0.07103949816303176,0.8290483867406376,0
gipmnn,2026071102,500000,22674.318621899933,0.001,1.481679081916809,1.481383204460144,0.0002959243138320744,0.0,0.9688063524848924,6.557065330766696e-06,0.06787572539032552,0.7921263816441686,1
gipmnn,2026071102,501000,22719.089894300094,0.001,0.03287717327475548,0.032551273703575134,0.0003258993965573609,0.0,0.9688222322599163,2.294824516542743e-05,0.08266807754403513,0.9647567634211923,1
gipmnn,2026071102,502000,22763.960057700053,0.001,0.3126152455806732,0.3122921884059906,0.00032306593493558466,0.0,0.9688273375101725,2.8217908931127156e-05,0.06243017960823615,0.7285755252571673,1
gipmnn,2026071102,503000,22808.66272979998,0.001,0.024434182792901993,0.024156348779797554,0.00027783444966189563,0.0,0.9688241034308558,2.487967677104978e-05,0.06588501450446098,0.7688942968030643,1
gipmnn,2026071102,504000,22853.30662190006,0.001,1.0564342737197876,1.056148648262024,0.0002856498467735946,0.0,0.9688107427901139,1.108875940743885e-05,0.05414113721774117,0.6318403652523243,1
gipmnn,2026071102,505000,22898.275369500043,0.001,0.5434161424636841,0.543107807636261,0.00030834972858428955,0.0,0.9688086745168941,8.95387788410911e-06,0.10664259930767413,1.244545319154072,1
gipmnn,2026071102,506000,22943.03588319989,0.001,0.15022839605808258,0.1499195694923401,0.00030882834107615054,0.0,0.9688292888120944,3.02320521205697e-05,0.09224219576159812,1.0764890738679642,1
gipmnn,2026071102,507000,22987.91506749997,0.001,0.09319575875997543,0.09293430298566818,0.0002614588593132794,0.0,0.9688310500724362,3.205003348080163e-05,0.08753559921432963,1.0215619364943707,1
gipmnn,2026071102,508000,23032.552827900043,0.001,0.48141083121299744,0.4810342490673065,0.00037657495704479516,0.0,0.9688044379529742,4.58087631525943e-06,0.07947237037531452,0.9274620760820012,1
gipmnn,2026071102,509000,23077.250991200097,0.001,0.1729867309331894,0.17272892594337463,0.00025780100258998573,0.0,0.9688369551614018,3.814529459309043e-05,0.08201800865396011,0.9571702998548235,1
gipmnn,2026071102,510000,23122.030209599994,0.001,0.1065211296081543,0.10628513246774673,0.00023599363339599222,0.0,0.96883026628747,3.12410068848563e-05,0.07588856282262246,0.8856381619669319,1
gipmnn,2026071102,511000,23166.70833589998,0.001,0.04352636635303497,0.04328245297074318,0.00024391489569097757,0.0,0.9688367414413676,3.792469175016558e-05,0.08732717128975126,1.0191295314367386,1
gipmnn,2026071102,512000,23211.25443310011,0.001,1.0320439338684082,1.03170907497406,0.00033491532667540014,0.0,0.9688269986530688,2.7868139005745284e-05,0.10121503251926661,1.1812042820379354,1
gipmnn,2026071102,513000,23256.50551040005,0.001,0.021298371255397797,0.021060241386294365,0.0002381307422183454,0.0,0.9688288886708218,2.9819024382583823e-05,0.07734103503258949,0.9025888693001294,1
gipmnn,2026071102,514000,23307.488027299987,0.001,0.15429750084877014,0.15405264496803284,0.0002448498271405697,0.0,0.9688335708714283,3.46520142736387e-05,0.08674244054300995,1.0123055800463303,1
gipmnn,2026071102,515000,23353.48911720002,0.001,0.05949816852807999,0.05926850065588951,0.00022966890537645668,0.0,0.9688198509857433,2.0490282559153835e-05,0.08093711926666916,0.9445560553014326,1
gipmnn,2026071102,516000,23398.20758279995,0.001,0.07274197041988373,0.07236524671316147,0.00037672475446015596,0.0,0.9688265439087168,2.7398749707694055e-05,0.0772967347322974,0.9020718739181378,1
gipmnn,2026071102,517000,23442.99533720012,0.001,0.2638130486011505,0.26359355449676514,0.00021950455266050994,0.0,0.9688256999322088,2.652759311395571e-05,0.0617913586225418,0.7211203274967534,1
gipmnn,2026071102,518000,23488.942852299893,0.001,0.019455086439847946,0.019240954890847206,0.0002141319855581969,0.0,0.9688400799101493,4.1370675216056406e-05,0.0805122390189856,0.9395975984850341,1
gipmnn,2026071102,519000,23533.690127799986,0.001,0.30435723066329956,0.30396339297294617,0.00039384752744808793,0.0,0.9688081110254344,8.372239300588014e-06,0.08294775839714806,0.9680207076504068,1
gipmnn,2026071102,520000,23578.555221599992,0.001,0.4934636950492859,0.4932168424129486,0.00024686247343197465,0.0,0.9688275692349708,2.845709637781342e-05,0.08466320990500172,0.9880404479623951,1
gipmnn,2026071102,521000,23623.29402599996,0.001,0.12913291156291962,0.12890233099460602,0.0002305741945747286,0.0,0.9688039321860882,4.058821313155126e-06,0.10141926480730805,1.1835877229869767,1
gipmnn,2026071102,522000,23667.860914299963,0.001,0.11612185835838318,0.11587680131196976,0.000245058472501114,0.0,0.968829811890714,3.077197637701153e-05,0.07340656215491688,0.8566726047394837,1
gipmnn,2026071102,523000,23712.479600500083,0.001,0.2033332884311676,0.20305295288562775,0.0002803386014420539,0.0,0.968836272459315,3.744060622939132e-05,0.0820644945486433,0.9577128016600143,1
gipmnn,2026071102,524000,23757.08839410008,0.001,0.16489210724830627,0.16466806828975677,0.00022403965704143047,0.0,0.9688344374138379,3.554646349907789e-05,0.07186502196606857,0.838682452222815,1
gipmnn,2026071102,525000,23801.65543729998,0.001,0.16352039575576782,0.16327890753746033,0.00024148140801116824,0.0,0.9688195637434007,2.019378963741751e-05,0.05258818615758451,0.6137170450656394,1
gipmnn,2026071102,526000,23846.270695500076,0.001,0.1215558797121048,0.12131883949041367,0.00023703984334133565,0.0,0.9688363771769665,3.7548696290744585e-05,0.06325770093676017,0.7382329023522567,1
gipmnn,2026071102,527000,23891.154938200023,0.001,0.2269798219203949,0.22670483589172363,0.0002749839914031327,0.0,0.9688380308941664,3.9255671104902765e-05,0.07900486868938104,0.9220062166158743,1
gipmnn,2026071102,528000,23935.586294800043,0.001,1.3298527002334595,1.3296300172805786,0.0002227073855465278,0.0,0.9688334493953658,3.45266261000814e-05,0.06549938191295893,0.7643938697712507,1
gipmnn,2026071102,529000,23980.3418562999,0.001,0.3023380935192108,0.3020990788936615,0.00023901401436887681,0.0,0.9688343147276727,3.541982625173371e-05,0.07947168780431893,0.9274541103108829,1
gipmnn,2026071102,530000,24025.1059065999,0.001,1.0866527557373047,1.086428165435791,0.00022461655316874385,0.0,0.9688126590344344,1.3066715972719054e-05,0.05597053074611242,0.6531898369213007,1
gipmnn,2026071102,531000,24069.759842999978,0.001,0.0734715387225151,0.07319580018520355,0.0002757403999567032,0.0,0.968823764307564,2.4529632085065534e-05,0.09219363972766671,1.0759224130294407,1
gipmnn,2026071102,532000,24114.29183880007,0.001,1.1113327741622925,1.1110892295837402,0.00024351984029635787,0.0,0.9688337002759236,3.478558621350399e-05,0.07284542739581831,0.8501240243186714,1
gipmnn,2026071102,533000,24158.941007300047,0.001,0.22492791712284088,0.22470222413539886,0.00022568620624952018,0.0,0.9688338428832393,3.4932786167697826e-05,0.07596389513959978,0.8865173086033025,1
gipmnn,2026071102,534000,24203.485516699962,0.001,0.054424673318862915,0.0541696771979332,0.000254995800787583,0.0,0.9688309615199419,3.195862917203072e-05,0.06491455921788306,0.7575688453212008,1
gipmnn,2026071102,535000,24248.290036499966,0.001,0.12276474386453629,0.1225389689207077,0.00022577785421162844,0.0,0.9688231397011294,2.3884910331789473e-05,0.06207580830968144,0.7244399251900084,1
gipmnn,2026071102,536000,24293.021701599937,0.001,0.3697493374347687,0.3695474863052368,0.00020185181347187608,0.0,0.9688207488162717,2.1417027530631958e-05,0.05680097190578533,0.6628812891628387,1
gipmnn,2026071102,537000,24337.61573780002,0.001,0.32786089181900024,0.3275855779647827,0.0002753151347860694,0.0,0.9688049643764723,5.124253171293853e-06,0.06683216472636248,0.7799477724577827,1
gipmnn,2026071102,538000,24382.22914359998,0.001,0.2548969089984894,0.2545872926712036,0.00030962502933107316,0.0,0.9688292737915518,3.0216547844571032e-05,0.08752307262201302,1.0214157480862316,1
gipmnn,2026071102,539000,24426.725252999924,0.001,0.06611624360084534,0.0657959133386612,0.0003203292435500771,0.0,0.9688309491225737,3.194583254926846e-05,0.07389651427885395,0.8623904663296371,1
gipmnn,2026071102,540000,24471.535238699988,0.001,0.48228421807289124,0.4819493293762207,0.00033490225905552506,0.0,0.968830131535042,3.110191478329378e-05,0.09290520618817151,1.0842265683429595,1
gipmnn,2026071102,541000,24516.2532718,0.001,0.1304442286491394,0.13019734621047974,0.0002468818274792284,0.0,0.9688332326784395,3.430292985081072e-05,0.07050159547894759,0.8227709303396927,1
gipmnn,2026071102,542000,24561.056026200065,0.001,1.7042490243911743,1.703808069229126,0.00044098758371546865,0.0,0.968833496013705,3.457474577318212e-05,0.0805223186244847,0.9397152299561746,1
gipmnn,2026071102,543000,24605.77989819995,0.001,0.24035555124282837,0.24010975658893585,0.0002457915688864887,0.0,0.9688381997116792,3.9429925350099685e-05,0.07216692812600899,0.8422057712399518,1
gipmnn,2026071102,544000,24650.516513099894,0.001,0.7884508371353149,0.7882300615310669,0.00022076538880355656,0.0,0.9688092693379075,9.567854982925483e-06,0.057905250374441115,0.6757684900387583,1
gipmnn,2026071102,545000,24695.210889799986,0.001,0.04067913070321083,0.040395211428403854,0.0002839176158886403,0.0,0.9688342400967849,3.534279189190401e-05,0.08156459110133396,0.9518788056826388,1
gipmnn,2026071102,546000,24739.945855000056,0.001,0.14641347527503967,0.14617173373699188,0.00024174764985218644,0.0,0.9688356418262191,3.6789663727362e-05,0.0691267085508185,0.8067256622959865,1
gipmnn,2026071102,547000,24784.603362400085,0.0002,0.06370484828948975,0.06345634162425995,0.0002485073928255588,0.0,0.9688372074939987,3.840575350816925e-05,0.08037616410048729,0.9380095707740557,1
gipmnn,2026071102,548000,24829.346367900027,0.0002,0.1414964199066162,0.14126203954219818,0.00023438497737515718,0.0,0.9688290633025342,2.9999280072419726e-05,0.06862292090547387,0.8008463367738058,1
gipmnn,2026071102,549000,24874.212365099927,0.0002,0.23287895321846008,0.23264779150485992,0.00023116338707040995,0.0,0.968834658263841,3.577442592998536e-05,0.07411346441808161,0.8649223277247877,1
gipmnn,2026071102,550000,24919.00574949989,0.0002,0.015895061194896698,0.01565747708082199,0.0002375850162934512,0.0,0.9688341302071948,3.522936333070029e-05,0.07328925831655393,0.8553036401427729,1
gipmnn,2026071102,551000,24963.606680599973,0.0002,0.5096247792243958,0.5093855261802673,0.00023924256674945354,0.0,0.9688340638543433,3.5160873599656186e-05,0.07175103935514753,0.837352247165852,1
gipmnn,2026071102,552000,25008.260342000052,0.0002,0.09425947070121765,0.0940273329615593,0.00023213503300212324,0.0,0.9688370426814152,3.823563317015348e-05,0.08510372638700883,0.9931813834727014,1
gipmnn,2026071102,553000,25053.126952599967,0.0002,1.2903610467910767,1.290132999420166,0.00022809590154793113,0.0,0.9688373783111605,3.8582071800643153e-05,0.0802482790527832,0.936517120866203,1
gipmnn,2026071102,554000,25097.73626419995,0.0002,1.4399819374084473,1.4397636651992798,0.00021829713659826666,0.0,0.9688290038745045,2.9937938175631476e-05,0.06571361069750162,0.7668939722890208,1
gipmnn,2026071102,555000,25142.511954500107,0.0002,0.7154001593589783,0.7151665091514587,0.0002336502366233617,0.0,0.9688279197260063,2.881887490333764e-05,0.09457193922779977,1.103677752168329,1
gipmnn,2026071102,556000,25187.079031700036,0.0002,0.4710838794708252,0.47087541222572327,0.00020846906409133226,0.0,0.9688302101105347,3.118302078315751e-05,0.06701731697791821,0.7821085446960859,1
gipmnn,2026071102,557000,25231.644595599966,0.0002,0.3566805124282837,0.3564531207084656,0.0002273942664032802,0.0,0.9688331788866692,3.424740572791608e-05,0.0905989758688833,1.0573122942405389,1
gipmnn,2026071102,558000,25276.076166199986,0.0002,0.030222885310649872,0.0299975648522377,0.00022531987633556128,0.0,0.9688256177208817,2.6442734188399033e-05,0.09159254037701116,1.068907436012174,1
gipmnn,2026071102,559000,25320.7577494001,0.0002,0.14354123175144196,0.14331740140914917,0.00022383291798178107,0.0,0.9688334104013845,3.448637632585951e-05,0.07238777534734496,0.8447831125402036,1
gipmnn,2026071102,560000,25365.602674300084,0.0002,0.03976278752088547,0.03953610360622406,0.00022668292513117194,0.0,0.9688375385592276,3.8747480623051496e-05,0.0829370810202069,0.9678961000397593,1
gipmnn,2026071102,561000,25410.446009200066,0.0002,0.17496849596500397,0.17475445568561554,0.0002140458527719602,0.0,0.9688360494328423,3.7210397236065233e-05,0.07792923677759264,0.9094533280925292,1
gipmnn,2026071102,562000,25454.94561709999,0.0002,0.5343824625015259,0.5341576337814331,0.00022484820510726422,0.0,0.968837577494396,3.878766969037466e-05,0.08145648875437027,0.9506172247499097,1
gipmnn,2026071102,563000,25499.62065419997,0.0002,0.10442308336496353,0.10418376326560974,0.00023931906616780907,0.0,0.9688332037749174,3.427309549695004e-05,0.08797494154297336,1.0266891693466222,1
gipmnn,2026071102,564000,25544.090586799895,0.0002,0.1590159684419632,0.15879836678504944,0.00021760346135124564,0.0,0.9688286356606841,2.9557866106644925e-05,0.06537705985077935,0.7629663412704154,1
gipmnn,2026071102,565000,25588.899150199955,0.0002,0.015980558469891548,0.015752943232655525,0.0002276143932249397,0.0,0.9688352794575626,3.641562506467135e-05,0.07278064629654787,0.8493680129837069,1
gipmnn,2026071102,566000,25633.373068300076,0.0002,0.062291767448186874,0.06207295134663582,0.00021881499560549855,0.0,0.9688328159032799,3.38727325349496e-05,0.06880155147470833,0.8029309993780731,1
gipmnn,2026071102,567000,25678.22396439989,0.0002,0.9697502255439758,0.9695344567298889,0.00021574350830633193,0.0,0.968835295432712,3.6432114690305646e-05,0.07950174034757364,0.9278048308698259,1
gipmnn,2026071102,568000,25723.210488599958,4e-05,0.27711817622184753,0.27690401673316956,0.000214156971196644,0.0,0.9688356549546313,3.680321493736015e-05,0.07741707516913461,0.9034762763646557,1
gipmnn,2026071102,569000,25767.932295599952,4e-05,0.15782184898853302,0.1576092690229416,0.0002125753671862185,0.0,0.9688350380141598,3.6166406027897616e-05,0.07794818247996323,0.9096744290911589,1
gipmnn,2026071102,570000,25812.572669799905,4e-05,0.1539255678653717,0.15371207892894745,0.00021348508016671985,0.0,0.9688358314392737,3.6985383230449184e-05,0.08069993076970268,0.9417880073021039,1
gipmnn,2026071102,571000,25857.255974499974,4e-05,0.18138210475444794,0.18117114901542664,0.0002109511406160891,0.0,0.9688358620632956,3.701699349261367e-05,0.07818777415503256,0.912470522769029,1
gipmnn,2026071102,572000,25902.13356489991,4e-05,0.6270570158958435,0.6268419027328491,0.0002151365770259872,0.0,0.9688346067487625,3.572125181930692e-05,0.08303543762576125,0.969043945777253,1
gipmnn,2026071102,573000,25946.72701869998,4e-05,0.09826987236738205,0.09805405884981155,0.00021581164037343115,0.0,0.9688354602127456,3.660220143020859e-05,0.08006841024695442,0.9344180077368409,1
gipmnn,2026071102,574000,25991.26711919997,4e-05,0.11754603683948517,0.11734044551849365,0.0002055920340353623,0.0,0.9688344850000415,3.5595582206390236e-05,0.07580137486637151,0.884620657109181,1
gipmnn,2026071102,575000,26036.03174389992,4e-05,0.8090872168540955,0.8088692426681519,0.0002179795119445771,0.0,0.9688343714511326,3.547837647874562e-05,0.07468630670601918,0.8716075378818409,1
gipmnn,2026071102,576000,26080.704226800008,4e-05,0.02830534055829048,0.028092874214053154,0.0002124668681062758,0.0,0.9688357053640609,3.685524779205723e-05,0.08210340845173615,0.9581669364641041,1
gipmnn,2026071102,577000,26125.264503299957,4e-05,0.132286936044693,0.1320715993642807,0.00021533021936193109,0.0,0.9688356008984388,3.674741787654039e-05,0.08125835405331393,0.9483049441381982,1
gipmnn,2026071102,578000,26170.06192040001,4e-05,0.08297905325889587,0.08277232199907303,0.0002067316963803023,0.0,0.9688347525844196,3.5871784083041464e-05,0.07705135152556278,0.8992081916436698,1
gipmnn,2026071102,579000,26214.792472400004,4e-05,0.03347741439938545,0.03327014669775963,0.0002072678180411458,0.0,0.9688339950214782,3.5089823986541564e-05,0.07556254534746781,0.8818334579809053,1
gipmnn,2026071102,580000,26259.736116100103,4e-05,0.01903287135064602,0.018819531425833702,0.00021334024495445192,0.0,0.9688347040607541,3.582169772308059e-05,0.07841869538640094,0.9151654302399511,1
gipmnn,2026071102,581000,26304.415312699974,4e-05,0.014547432772815228,0.01433847937732935,0.0002089534973492846,0.0,0.9688332634347946,3.433467670788069e-05,0.0803390684295215,0.9375766551853411,1
gipmnn,2026071102,582000,26348.91048839991,4e-05,0.13522645831108093,0.13501426577568054,0.00021218863548710942,0.0,0.9688344352793017,3.5544260220574124e-05,0.08292829548603538,0.9677935706987604,1
gipmnn,2026071102,583000,26393.356007199967,4e-05,0.019710781052708626,0.019496843218803406,0.00021393760107457638,0.0,0.9688357824512225,3.693481752940547e-05,0.08223515710280536,0.9597044755719046,1
gipmnn,2026071102,584000,26438.06281569996,4e-05,0.1276596635580063,0.12744911015033722,0.0002105515741277486,0.0,0.9688345085445889,3.5619885000890435e-05,0.07763806598829742,0.9060552934868059,1
gipmnn,2026071102,585000,26482.58755879989,4e-05,0.5493373274803162,0.5491250157356262,0.00021229386038612574,0.0,0.9688337828584012,3.487082824232626e-05,0.08137247909560998,0.9496368114042804,1
gipmnn,2026071102,586000,26527.273210699903,4e-05,0.045443277806043625,0.045224614441394806,0.00021866167662665248,0.0,0.9688352208907566,3.635517212694269e-05,0.07949317861077212,0.9277049132990866,1
gipmnn,2026071102,587000,26571.997150599957,4e-05,0.34867918491363525,0.34847134351730347,0.00020785172819159925,0.0,0.9688346701964152,3.578674279028885e-05,0.07609152823181377,0.8880068181287201,1
gipmnn,2026071102,588000,26616.608591400087,4e-05,0.2175193727016449,0.2173018604516983,0.00021751635358668864,0.0,0.9688333630993168,3.4437550905022185e-05,0.08501334477748222,0.9921266078970477,1
gipmnn,2026071102,589000,26661.302370199934,8.000000000000001e-06,0.0563674122095108,0.056153591722249985,0.00021382146223913878,0.0,0.9688344769727172,3.558729636373873e-05,0.08022931576357084,0.9362958146248114,1
gipmnn,2026071102,590000,26706.18962160009,8.000000000000001e-06,0.10361604392528534,0.10340564697980881,0.00021040010324213654,0.0,0.9688345919988384,3.570602687693395e-05,0.07694396209729709,0.8979549306471979,1
gipmnn,2026071102,591000,26750.802023000084,8.000000000000001e-06,0.9668460488319397,0.9666376709938049,0.00020835353643633425,0.0,0.9688338105774956,3.489944002439087e-05,0.07691685618814943,0.8976385980318065,1
gipmnn,2026071102,592000,26795.521505800076,8.000000000000001e-06,0.0786939263343811,0.07848431169986725,0.000209614445338957,0.0,0.9688341209625799,3.5219820994974223e-05,0.0766277903801472,0.8942651290746336,1
gipmnn,2026071102,593000,26840.294983699918,8.000000000000001e-06,0.7298167943954468,0.7296090722084045,0.00020769763796124607,0.0,0.968833922899359,3.5015379189714834e-05,0.07708628595882257,0.899615885057681,1
gipmnn,2026071102,594000,26887.982929700054,8.000000000000001e-06,0.10166748613119125,0.10145676136016846,0.00021072350500617176,0.0,0.9688343725192884,3.547947903426383e-05,0.07964461762646416,0.9294722437968462,1
gipmnn,2026071102,595000,26932.62971300003,8.000000000000001e-06,0.9279014468193054,0.9276944994926453,0.0002069333422696218,0.0,0.9688340755850732,3.517298211517224e-05,0.07603906317791148,0.887394538067308,1
gipmnn,2026071102,596000,26977.36269719992,8.000000000000001e-06,0.03366665169596672,0.0334610752761364,0.0002055767981801182,0.0,0.9688331124077854,3.417878590561813e-05,0.07515096753115785,0.8770302438049418,1
gipmnn,2026071102,597000,27022.08126050001,8.000000000000001e-06,0.2521902918815613,0.2519792318344116,0.00021104852203279734,0.0,0.9688343584672967,3.5464974501149295e-05,0.08013554106328062,0.9352014408468002,1
gipmnn,2026071102,598000,27066.830978200072,8.000000000000001e-06,0.34841814637184143,0.3482058644294739,0.00021227939578238875,0.0,0.9688346997014189,3.5817197996381436e-05,0.08060837986351715,0.9407195857473293,1
gipmnn,2026071102,599000,27111.659187299898,8.000000000000001e-06,0.01796550303697586,0.01775585673749447,0.00020964551367796957,0.0,0.9688342509492941,3.535399390390299e-05,0.07770879537757677,0.9068807228267292,1
gipmnn,2026071102,600000,27156.345046400093,8.000000000000001e-06,0.21784529089927673,0.21763436496257782,0.00021092843962833285,0.0,0.9688340246306423,3.512038670755781e-05,0.07856749596609301,0.9169019695417446,1
gipmnn,2026071102,601000,27201.085400700103,8.000000000000001e-06,0.32277530431747437,0.32256245613098145,0.0002128475607605651,0.0,0.9688345817158214,3.56954126975435e-05,0.07868189399489683,0.9182370226274021,1
gipmnn,2026071102,602000,27245.98585080006,8.000000000000001e-06,0.09724494069814682,0.09703388810157776,0.00021105550695210695,0.0,0.9688340638435919,3.5160862502009845e-05,0.0781330975277737,0.9118324331035116,1
gipmnn,2026071102,603000,27290.88053909992,8.000000000000001e-06,0.19856354594230652,0.19835099577903748,0.0002125455066561699,0.0,0.9688342775686182,3.538147049770803e-05,0.07916789584852404,0.9239087835930824,1
gipmnn,2026071102,604000,27335.70311750006,8.000000000000001e-06,0.025361059233546257,0.025150567293167114,0.00021049192582722753,0.0,0.9688338654182443,3.495604690787557e-05,0.0772457228092352,0.9014765522504341,1
gipmnn,2026071102,605000,27380.36619259999,8.000000000000001e-06,0.7575064301490784,0.757296621799469,0.0002098221011692658,0.0,0.9688339623135236,3.505606267918504e-05,0.07703135240311386,0.898974796974067,1
gipmnn,2026071102,606000,27425.232339899987,8.000000000000001e-06,0.4041663706302643,0.40395596623420715,0.00021040563296992332,0.0,0.9688341530040083,3.5252894310828274e-05,0.07810221110118426,0.9114719809212989,1
gipmnn,2026071102,607000,27469.86377490009,8.000000000000001e-06,0.057705506682395935,0.05749595910310745,0.00020954573119524866,0.0,0.9688342400104757,3.5342702803152956e-05,0.07923754476596799,0.9247216035613853,1
gipmnn,2026071102,608000,27514.682956299977,8.000000000000001e-06,0.8526856899261475,0.8524763584136963,0.0002093105431413278,0.0,0.968833990033738,3.5084675617311776e-05,0.0776738189909765,0.9064725398069333,1
gipmnn,2026071102,609000,27559.305333300028,8.000000000000001e-06,0.021290937438607216,0.021082159131765366,0.00020877880160696805,0.0,0.9688338363738216,3.492606711560085e-05,0.07644281816109065,0.8921064578598012,1
gipmnn,2026071102,610000,27604.076470399974,1.6000000000000004e-06,0.26749956607818604,0.2672906517982483,0.00020892830798402429,0.0,0.9688338847969581,3.4976049709015955e-05,0.07689552166574802,0.8973896189168614,1
gipmnn,2026071102,611000,27648.587918099947,1.6000000000000004e-06,0.475525826215744,0.47531673312187195,0.0002091048372676596,0.0,0.9688338740041798,3.496490935152451e-05,0.07762160707586528,0.9058632139373691,1
gipmnn,2026071102,612000,27693.312895700103,1.6000000000000004e-06,0.040240827947854996,0.04003135859966278,0.00020946978474967182,0.0,0.9688341087634285,3.520722897240323e-05,0.0781265448568417,0.9117559618247795,1
gipmnn,2026071102,613000,27738.094217000064,1.6000000000000004e-06,0.1331033855676651,0.13289357721805573,0.00020980119006708264,0.0,0.9688342561204029,3.535933154713525e-05,0.07840527462811275,0.9150088066953687,1
gipmnn,2026071102,614000,27782.8476768001,1.6000000000000004e-06,1.1219959259033203,1.1217877864837646,0.00020809915440622717,0.0,0.9688338764198109,3.496740277755626e-05,0.07702751793942884,0.8989300478413412,1
gipmnn,2026071102,615000,27827.59993040003,1.6000000000000004e-06,0.8278838396072388,0.8276751637458801,0.00020865687110926956,0.0,0.9688340615582984,3.515850361110359e-05,0.0779263695249925,0.9094198665506548,1
gipmnn,2026071102,616000,27871.980326700024,1.6000000000000004e-06,0.1259750872850418,0.12576597929000854,0.00020911400497425348,0.0,0.9688342385208135,3.534116516672501e-05,0.07768567844261065,0.9066109425194969,1
gipmnn,2026071102,617000,27916.675961199915,1.6000000000000004e-06,0.7676469087600708,0.7674378156661987,0.00020910464809276164,0.0,0.9688341139797885,3.521261332418957e-05,0.07787838039504964,0.9088598216208762,1
gipmnn,2026071102,618000,27961.35692010005,1.6000000000000004e-06,0.2646991014480591,0.264490008354187,0.00020909281738568097,0.0,0.9688339909182464,3.508558861107256e-05,0.07805344247919963,0.9109028391279949,1
gipmnn,2026071102,619000,28006.07791380002,1.6000000000000004e-06,0.04436739534139633,0.0441582053899765,0.0002091898350045085,0.0,0.9688340823634232,3.517997876049885e-05,0.07787847951729125,0.9088609784017745,1
gipmnn,2026071102,620000,28050.936171700014,1.6000000000000004e-06,0.03332735598087311,0.03311735391616821,0.0002100003039231524,0.0,0.9688344167251852,3.552510857269484e-05,0.07884472574941755,0.9201373091846881,1
gipmnn,2026071102,621000,28095.392919499893,1.6000000000000004e-06,0.39354461431503296,0.39333561062812805,0.00020901727839373052,0.0,0.968833979124367,3.5073414912240376e-05,0.07764944329139123,0.906188069407516,1
gipmnn,2026071102,622000,28140.159254000057,1.6000000000000004e-06,0.5003781914710999,0.5001696348190308,0.00020853968453593552,0.0,0.968833959443048,3.505309976048669e-05,0.07749556436241258,0.9043922645226004,1
gipmnn,2026071102,623000,28184.768336799927,1.6000000000000004e-06,0.274432897567749,0.27422216534614563,0.00021073261450510472,0.0,0.9688341899568866,3.529103724880603e-05,0.07926239390896157,0.9250115991616279,1
gipmnn,2026071102,624000,28229.47782099992,1.6000000000000004e-06,0.023748256266117096,0.023540012538433075,0.0002082440914819017,0.0,0.9688339199694203,3.501235489291872e-05,0.07655230110729862,0.8933841507247061,1
gipmnn,2026071102,625000,28274.13806789997,1.6000000000000004e-06,0.015913644805550575,0.01570526696741581,0.0002083783328998834,0.0,0.9688337563101505,3.4843425010793525e-05,0.07684557233183945,0.8968066979254907,1
gipmnn,2026071102,626000,28318.924150000094,1.6000000000000004e-06,0.013818087056279182,0.013609642162919044,0.00020844514074269682,0.0,0.9688338235139141,3.491279305751637e-05,0.07729825545419365,0.9020896211160682,1
gipmnn,2026071102,627000,28363.619911100017,1.6000000000000004e-06,0.04865293577313423,0.04844319820404053,0.00020973592472728342,0.0,0.9688341233185698,3.522225285897882e-05,0.07870969257764597,0.9185614389138033,1
gipmnn,2026071102,628000,28408.124229599955,1.6000000000000004e-06,0.014212974347174168,0.01400362141430378,0.00020935313659720123,0.0,0.9688340815221628,3.5179110407490296e-05,0.0780922161368311,0.9113553372331142,1
gipmnn,2026071102,629000,28452.865239999956,1.6000000000000004e-06,0.6237949728965759,0.6235859990119934,0.00020899686205666512,0.0,0.9688341805437425,3.528132095632767e-05,0.07811804529822453,0.9116567698887187,1
gipmnn,2026071102,630000,28497.71229159995,1.6000000000000004e-06,0.023548120632767677,0.023337507620453835,0.00021061295410618186,0.0,0.9688342694737123,3.537311489711273e-05,0.07892889134626102,0.9211195423660375,1
