N,sample,seed,rank,h1_gap,eta_f_h1,cluster_relative_error,splitting_relative_error,lower_external_gap_relative,upper_external_gap_relative,index_success,total_s
128,0,2031097536,92,0.0005979223870050248,0.0014981876744394813,2.728768424644599e-07,2.8399693002966714e-08,0.21395707911677803,0.2457427869232616,1,0.6582945000263862
128,1,2031097537,90,0.0006598382712922125,0.0014030007199310227,3.3393326853475437e-07,3.657884074188255e-08,0.2139571817841631,0.2457431920368009,1,0.642332500021439
128,2,2031097538,93,0.000667683366281294,0.0011922967311783174,3.418528909154253e-07,4.302203464456124e-08,0.2139572596357481,0.24574259246119146,1,0.6472918000072241
128,3,2031097539,87,0.0006702004572800778,0.0017467066502487869,3.4155385134293175e-07,9.030511617079282e-08,0.213957015682544,0.24574293290623997,1,0.6577778999926522
128,4,2031097540,88,0.0008667667734169869,0.0014346473254196065,5.685260065373228e-07,1.9140030356996267e-07,0.213957228161524,0.24574282416607926,1,0.6738754999823868
128,5,2031097541,93,0.0006334148953722527,0.0014867281860762999,3.060611492899512e-07,1.0101353079426566e-08,0.213957190758461,0.24574289325970897,1,0.6905398999806494
128,6,2031097542,88,0.0007384548073724293,0.0012522834612935267,4.1485773340984677e-07,1.953865660107483e-07,0.2139571689322053,0.24574355656472807,1,0.6655108999693766
128,7,2031097543,92,0.000647672824639564,0.0014160411067860499,3.2069608316303387e-07,4.5920968958460536e-08,0.2139571445981769,0.24574295756921344,1,0.6527785999933258
128,8,2031097544,86,0.0007151663641021876,0.0014768249422019112,3.869529355223542e-07,3.4295105403747897e-08,0.21395709738479685,0.24574279216232697,1,0.6498908999492414
128,9,2031097545,87,0.0007400101351493716,0.0016249797727545348,4.132313060716858e-07,1.853866622847817e-07,0.21395700958188557,0.24574295282416633,1,0.6861900000367314
128,10,2031097546,93,0.0007128809526702801,0.001473060272928457,3.8558379438846417e-07,1.2383720279506125e-07,0.21395716767552728,0.2457427752813812,1,0.6593362999847159
128,11,2031097547,90,0.0006465032477410917,0.0014573158920476823,3.186189117222162e-07,4.742369171293881e-08,0.21395711806362447,0.24574278049280987,1,0.6652977999765426
128,12,2031097548,91,0.0006057586986160589,0.0014158611208677867,2.81859926294095e-07,1.700414248260226e-08,0.21395707362732616,0.24574293157650365,1,0.6419039000174962
128,13,2031097549,93,0.0006272603978021717,0.0011223932435451731,2.9942638269311306e-07,5.0548118747161835e-08,0.21395713584525625,0.2457428243278087,1,0.6303491000435315
128,14,2031097550,84,0.0006794847823646004,0.0011362914820121615,3.526419827627652e-07,8.156684252775701e-08,0.21395703252272158,0.24574306593502535,1,0.6141652000369504
128,15,2031097551,88,0.0007879681607502897,0.0016012265243575327,4.702201966208429e-07,1.6283507621351144e-07,0.21395697213986425,0.24574275516704625,1,0.6003227999899536
128,16,2031097552,90,0.0007985652726744463,0.001784404718685432,4.763172672929796e-07,1.6319876460314227e-07,0.21395697348234027,0.24574278506512343,1,0.6237905999878421
128,17,2031097553,97,0.0006489943655255932,0.0013494080064947345,3.216542793503856e-07,7.962710236129062e-08,0.21395718406384306,0.24574280951208424,1,0.6193276000558399
128,18,2031097554,83,0.0008294938217424922,0.0018956599399598615,5.217856499796898e-07,1.8526860592007682e-07,0.21395707675219852,0.24574290923952943,1,0.592088799981866
128,19,2031097555,94,0.0006629792977677495,0.0012530661564082624,3.349758659068156e-07,1.4656709384804363e-07,0.2139569659393868,0.245742745577699,1,0.6609658999950625
128,20,2031097556,92,0.0006506767456435232,0.0012181391223129324,3.2414907300826214e-07,3.3120504302769376e-08,0.2139571754987395,0.24574280110127705,1,0.6435423000366427
128,21,2031097557,102,0.0005554087026028421,0.0012798519513643769,2.378381773653235e-07,1.8961373112817056e-08,0.213957176534943,0.24574264831431983,1,0.6159356000134721
128,22,2031097558,87,0.0006497656103153897,0.0017106764373741095,3.2392239672699865e-07,5.3583082755078015e-08,0.21395691099744252,0.24574314966049857,1,0.6396167000057176
128,23,2031097559,93,0.0008414952176848663,0.001346613615239401,5.312207738950961e-07,2.810895435777929e-07,0.21395710290056488,0.24574261819274434,1,0.6857528999680653
128,24,2031097560,89,0.0006856236819723262,0.001575845120147863,3.583841409894425e-07,5.499083645083334e-08,0.2139569330978546,0.2457427707368033,1,0.6619554999633692
128,25,2031097561,89,0.0005806098398496836,0.001459908931526795,2.5639281482257537e-07,5.143780793241945e-08,0.21395707279527798,0.24574310880872452,1,0.6372451999923214
128,26,2031097562,92,0.0006037449830497842,0.0012111337547207003,2.792269210420163e-07,3.178714659733048e-08,0.2139571032082277,0.24574281195980183,1,0.6752554000122473
128,27,2031097563,92,0.0006519139601279048,0.0013952462666210253,3.2546439937227185e-07,3.503861201615338e-08,0.21395712384089102,0.24574292656457067,1,0.6593388000037521
128,28,2031097564,87,0.0006858361490214051,0.001490417396596816,3.569701616076867e-07,5.3761098244950446e-08,0.21395693289034326,0.24574276699035386,1,0.6962020000210032
128,29,2031097565,91,0.0006580777582498292,0.0014601555277101018,3.3039167750336535e-07,1.1515906648435033e-07,0.21395694523721753,0.24574277852938825,1,0.673537899972871
128,30,2031097566,90,0.0006948673887782763,0.0017394098724759397,3.636391149726789e-07,8.519968927362305e-08,0.21395711248519472,0.24574266107049073,1,0.7083225999958813
128,31,2031097567,93,0.0006278461276726588,0.0012316027732769636,3.0246588586482565e-07,5.451662417179137e-08,0.21395707389137544,0.24574259797967182,1,0.6702625000034459
128,32,2031097568,97,0.0006417209424121343,0.0014391682370786384,3.1479240043349463e-07,5.732600806204387e-08,0.21395710217748032,0.24574281712819102,1,0.6525551999802701
128,33,2031097569,85,0.0007000962056474598,0.001697104302281239,3.659880940365251e-07,8.707444828556189e-08,0.21395705462343179,0.24574280726904457,1,0.6508921000058763
128,34,2031097570,88,0.0006874030546470873,0.0016436955859081698,3.590267715446049e-07,4.160416484889464e-08,0.21395711307708631,0.24574302864173733,1,0.6748903999687172
128,35,2031097571,92,0.0006073962948597098,0.0012431229585811111,2.830415345384172e-07,7.251651336478556e-09,0.21395710466115944,0.24574293583563556,1,0.6338559000287205
128,36,2031097572,91,0.0006864989742782787,0.0014740297074096124,3.573296185252407e-07,3.1606530041288954e-08,0.2139571934276539,0.24574277037185457,1,0.6718473000219092
128,37,2031097573,83,0.0007330899455399825,0.00160406344111578,4.071658398701603e-07,1.0002416996673376e-07,0.2139569680017275,0.24574303450967833,1,0.7134485000278801
128,38,2031097574,96,0.0006396073192652434,0.0015106107900403163,3.116366667621118e-07,4.5230821171027495e-08,0.2139572083285332,0.24574285176450095,1,0.6592817000346258
128,39,2031097575,87,0.000667857509263042,0.0015900558797658703,3.3936821354704207e-07,3.1343470114701737e-08,0.21395711299211032,0.24574305485698994,1,0.695118099974934
128,40,2031097576,91,0.0005937806807215306,0.0015866681207838231,2.702262297764881e-07,1.9175429673190492e-08,0.2139570601600275,0.24574318511474333,1,0.6757747000083327
128,41,2031097577,91,0.000696097973063075,0.0013409073207873606,3.6844071989974714e-07,1.9895941211297076e-07,0.21395698942488944,0.2457431647876442,1,0.6980515000177547
128,42,2031097578,91,0.0006346053183743278,0.0011452944196822233,3.080641486368917e-07,8.329413777113155e-08,0.2139570741770538,0.2457427355918693,1,0.6430419000098482
128,43,2031097579,92,0.0006729332447979259,0.0013392310444942134,3.4412818909256947e-07,3.594364749180863e-08,0.2139571544346531,0.24574273790262444,1,0.6838090000092052
128,44,2031097580,92,0.0006937936604318413,0.0014384380699151806,3.6794846376685857e-07,3.029181052952468e-08,0.21395710361272863,0.24574278322999218,1,0.6909428000217304
128,45,2031097581,94,0.0005689151597664694,0.0011330508539408991,2.4946608196073414e-07,5.65743183286382e-08,0.2139570961120749,0.2457427649101476,1,0.6673231000313535
128,46,2031097582,89,0.0006708190825837075,0.0012777520173509324,3.4145602509264653e-07,4.8841693457734685e-08,0.21395707220609148,0.24574294358730245,1,0.653472000034526
128,47,2031097583,95,0.0006083915908625172,0.001396049417117927,2.8412781446597056e-07,5.9488986438711344e-08,0.21395713054018084,0.24574284808808197,1,0.6853592999977991
128,48,2031097584,94,0.0006699604953226893,0.0014463393857251676,3.4169951920043044e-07,9.15032027001261e-08,0.21395707841208864,0.24574301726228137,1,0.6673995000310242
128,49,2031097585,91,0.0006820755918112087,0.0012267747070117193,3.573438337689354e-07,2.0365921866596553e-07,0.2139570289047759,0.24574286658940098,1,0.6484843999496661
128,50,2031097586,93,0.0006676817806345835,0.0012740814497611405,3.4003515117930386e-07,1.1158153486096393e-07,0.21395704468060886,0.2457428173996479,1,0.6876937000197358
128,51,2031097587,83,0.0006812794343405681,0.0013849482566210736,3.5337216402977025e-07,8.129734420407296e-08,0.21395692867317867,0.24574296499349726,1,0.6795023000449874
128,52,2031097588,95,0.0006394600435682279,0.001437197679835492,3.113089563121485e-07,4.911527481072513e-08,0.2139571845900474,0.24574253283882624,1,0.6725459999870509
128,53,2031097589,94,0.0006610669382233724,0.0012972269056644415,3.328859831769621e-07,1.252190544596588e-08,0.2139569492434714,0.24574285605264953,1,0.666246599983424
128,54,2031097590,87,0.0006296656525379801,0.0014864936518959211,3.0251155106973436e-07,2.9770970537342163e-08,0.21395694974664112,0.24574313842398485,1,0.7420636999886483
128,55,2031097591,89,0.000679649437257349,0.0014921021819127743,3.528685026388108e-07,8.822410986361446e-08,0.21395703619863132,0.24574274403221225,1,0.7506462000310421
128,56,2031097592,90,0.0006468207909479677,0.0014854934488965825,3.1806756020012697e-07,7.32309576127214e-08,0.21395706837130568,0.2457430306285274,1,0.7051740000024438
128,57,2031097593,91,0.000662607835196475,0.001445765340323226,3.349925656236988e-07,2.0212119667567425e-08,0.21395702101966835,0.24574276561029224,1,0.7154795000096783
128,58,2031097594,94,0.0005883266776150574,0.001074079548275448,2.6416887655059234e-07,8.767518366510405e-08,0.21395712213508425,0.24574282567197467,1,0.6857431000098586
128,59,2031097595,96,0.0006866735433642569,0.001040019368026633,3.6037186570801243e-07,1.5493255015543982e-07,0.2139571913413955,0.24574258802797333,1,0.6899286999832839
128,60,2031097596,88,0.0006895290884778534,0.0014844811156281164,3.6015841050200405e-07,5.148991722188748e-08,0.21395706609546333,0.2457427237994376,1,0.658934400009457
128,61,2031097597,88,0.0007039597741744559,0.0013526786286154789,3.80776411947438e-07,7.77295007938381e-08,0.2139569538795288,0.24574292659189534,1,0.675935200008098
128,62,2031097598,88,0.0007761560689710355,0.0014241499651043666,4.556555154216681e-07,1.4583211198355063e-07,0.21395707232156583,0.24574280078635297,1,0.6431155999889597
128,63,2031097599,97,0.0006551295099446314,0.0012052809687918393,3.2760048117017786e-07,3.741183654292223e-08,0.2139571617016482,0.24574261249962437,1,0.6651375999790616
128,64,2031097600,87,0.0007049568494610056,0.0015823431799439078,3.802969262531949e-07,5.523335724420676e-08,0.21395706715373847,0.2457434043648237,1,0.6810087999911048
128,65,2031097601,92,0.0006601427441586716,0.0011960776307320415,3.3267695528132156e-07,7.265344186745461e-08,0.21395705274652632,0.24574287931637795,1,0.6758111999952234
128,66,2031097602,89,0.0006281776245407651,0.0012430280035524161,2.998829268699955e-07,1.528701793877869e-08,0.21395708066626576,0.24574277094936123,1,0.687138999986928
128,67,2031097603,94,0.0006995548968154534,0.0011897296275182397,3.708994195937218e-07,4.048128799617501e-08,0.21395723388602975,0.24574278638954272,1,0.6787914999877103
128,68,2031097604,84,0.000775132343087232,0.0013849672367903408,4.5362803344462007e-07,6.826848091390063e-08,0.21395710278324256,0.24574313564481903,1,0.658028700039722
128,69,2031097605,88,0.0006522552359512452,0.0013827966967561469,3.251513790691194e-07,6.778580644903333e-08,0.21395706010652818,0.24574294831493643,1,0.670040600001812
128,70,2031097606,94,0.0006588377522214119,0.0011786335996245962,3.313364419897685e-07,7.157034369598843e-08,0.2139572130273731,0.24574262924139206,1,0.6801722999662161
128,71,2031097607,95,0.0006433085145764367,0.0010569353446847009,3.161601835909292e-07,1.0972262889232872e-07,0.2139571341601819,0.24574281297173997,1,0.6830598000087775
128,72,2031097608,92,0.000680256507720961,0.0011083634173082485,3.5304194010055995e-07,8.565018938413985e-09,0.21395720996295847,0.24574291124445302,1,0.6890229000127874
128,73,2031097609,96,0.0006458489883925657,0.0010754039086308851,3.178281730089918e-07,8.261745903231727e-08,0.21395713554332318,0.24574269119718,1,0.8135653000208549
128,74,2031097610,88,0.000724144254544828,0.0012337344173221924,3.9699033782587053e-07,5.952964117876709e-08,0.2139571964882401,0.2457430208312367,1,0.8327157000312582
128,75,2031097611,89,0.0006731312091992585,0.0012473990760526875,3.467951922890482e-07,1.4686594137388782e-07,0.2139570468353518,0.24574283317568354,1,0.8702384000062011
128,76,2031097612,87,0.0007114328320092878,0.0014282285593980525,3.8306899527093546e-07,1.7875599805462236e-07,0.21395681513777182,0.24574289560370108,1,0.7153241999913007
128,77,2031097613,96,0.000616744886286332,0.0012786664869072289,2.9163158418873874e-07,5.117751647297998e-08,0.21395720206346203,0.2457427359309501,1,0.6825248000095598
128,78,2031097614,93,0.0006835783372951618,0.0010400494191789365,3.5648237240782117e-07,1.288362379338856e-07,0.21395710105004848,0.24574276860566144,1,0.6515629999921657
128,79,2031097615,93,0.0006844687173836502,0.0018171381908418907,3.547989252250965e-07,1.2392187584047682e-07,0.21395698839119476,0.2457426938458508,1,0.6363393999636173
128,80,2031097616,91,0.0006990724554455837,0.0013905014663680038,3.709458914703907e-07,3.6724861411636405e-08,0.2139571219891508,0.24574288525749724,1,0.6897147000418045
128,81,2031097617,84,0.0006335797042576085,0.0011883849869482052,3.0774711772478826e-07,4.131370272813245e-08,0.21395696872607797,0.24574292931131075,1,0.6624680999666452
128,82,2031097618,91,0.0006908926464014769,0.0013065654212147469,3.613796516389585e-07,7.387824202883996e-08,0.21395717196367178,0.24574274030011775,1,0.6379327999893576
128,83,2031097619,88,0.0006837586918072654,0.0014258712742447222,3.5497765468109086e-07,6.052853874336677e-09,0.21395709732559634,0.24574291158250308,1,0.6334733000257984
128,84,2031097620,89,0.0006460988636221393,0.0012245287400036514,3.1738274421917645e-07,6.016484826833301e-08,0.21395701826304875,0.2457428081054864,1,0.6642062999890186
128,85,2031097621,97,0.0006235016326151967,0.0013209031420461312,2.979041422736804e-07,5.075982809177437e-08,0.2139570727216393,0.24574282151350857,1,0.7511114999651909
128,86,2031097622,87,0.0006641410782560685,0.0016150198969387944,3.367218677829965e-07,3.0592212818025776e-08,0.21395714136768884,0.245743148298,1,0.6812710000085644
128,87,2031097623,89,0.0007078886466759321,0.0012749935478476276,3.810238884164426e-07,3.857887767920506e-08,0.213957048347611,0.24574269221722392,1,0.6514513000147417
128,88,2031097624,93,0.000644850766958188,0.0014400281662770619,3.1930564779049625e-07,4.6389408652678693e-08,0.21395706560002808,0.24574262039815611,1,0.6816971999942325
128,89,2031097625,85,0.0006891364508318135,0.0014128878129092432,3.6050847779818617e-07,1.3388229587491e-08,0.2139570970259664,0.24574284943534191,1,0.6527274000109173
128,90,2031097626,94,0.0006276774250429576,0.0013338169291221584,3.009885420845401e-07,9.223694469780086e-08,0.21395709307917476,0.2457428424698367,1,0.6621928000240587
128,91,2031097627,91,0.0006597167032758504,0.0011443752717767103,3.3190079998019567e-07,3.926034033228398e-08,0.21395708650210682,0.24574264254990658,1,0.6909955000155605
128,92,2031097628,93,0.0006732728333714707,0.0011384640437486849,3.454748583039167e-07,1.541336074671862e-08,0.21395718912536874,0.24574268226555804,1,0.6771940999897197
128,93,2031097629,85,0.0007858818303501436,0.0013997193012499258,4.7227429611182735e-07,1.1081193587699007e-07,0.21395708205642575,0.24574282549970616,1,0.6934546999982558
128,94,2031097630,91,0.0006325322299753073,0.001404579200553889,3.059156152774026e-07,2.5477654131116006e-08,0.21395706704734613,0.24574285794071454,1,0.6714871000149287
128,95,2031097631,88,0.0006479661060552309,0.001256291634555835,3.197707371901561e-07,2.2984230962112335e-08,0.21395718050407123,0.24574269645808694,1,0.6676020000013523
128,96,2031097632,95,0.0006241049583995457,0.0014258970537318293,2.9863744121802884e-07,4.5784226435814215e-08,0.21395703425108198,0.24574276940853076,1,0.6520538000040688
128,97,2031097633,86,0.0006731276814141586,0.001510979883904221,3.451011707865194e-07,2.6042028804766415e-08,0.21395705145498864,0.24574287315975632,1,0.7248052999493666
128,98,2031097634,85,0.0006721982194043319,0.0014475947326989568,3.4391104746297084e-07,4.590576940459459e-08,0.21395703016414766,0.24574324177559811,1,0.7608525999821723
128,99,2031097635,91,0.0006018766014891819,0.0012490561126101344,2.774785876853874e-07,2.3177734928944132e-08,0.21395710588406977,0.2457427514482466,1,0.7312828999711201
160,0,2031101920,99,0.0006448657002442488,0.0011475834677693055,3.1738050715060536e-07,3.390192391915644e-08,0.2139573068015008,0.24574267859077478,1,0.7963162999949418
160,1,2031101921,94,0.0006030068411980823,0.0011156518324469174,2.7902994089812356e-07,2.673091757759093e-08,0.21395711386488706,0.24574259456157874,1,0.7793438999797218
160,2,2031101922,103,0.0005639428314300996,0.001168513609065715,2.4368150607021774e-07,1.69015558262306e-08,0.21395726441800325,0.24574272407989814,1,0.8372422000393271
160,3,2031101923,105,0.0005868535460550523,0.0013122571270678938,2.6469188991176627e-07,3.440288224878656e-08,0.21395713496141178,0.24574270320804115,1,0.8280333000002429
160,4,2031101924,104,0.0006185197351687639,0.00124204674838203,2.9290553691743663e-07,2.0306206619819665e-07,0.21395710999576492,0.24574269435900287,1,0.8334830999956466
160,5,2031101925,99,0.0006279547038409064,0.0010375732690895189,3.022639779138678e-07,1.4360894300199312e-08,0.21395724023185192,0.2457426198330087,1,0.7496104000019841
160,6,2031101926,101,0.0006734560197906805,0.0012851288515374284,3.4579229397376584e-07,6.815667184755364e-08,0.21395720682633276,0.245742501449606,1,0.7753168999915943
160,7,2031101927,97,0.0006099818877447735,0.0012270952146289588,2.853145014246954e-07,3.1743683767471776e-08,0.21395715152649952,0.2457427121666848,1,0.7729877000092529
160,8,2031101928,101,0.0006371988537045791,0.0015065676067741555,3.106950506653493e-07,5.725726029070527e-08,0.21395720940088075,0.24574273148148273,1,0.7934965000022203
160,9,2031101929,101,0.0006009477457548914,0.0011660841304885117,2.773974776456265e-07,4.58158077774113e-08,0.213957257717362,0.2457426010659762,1,0.7795069999992847
160,10,2031101930,103,0.0006142504803859953,0.0010611862993641934,2.8897257225619294e-07,4.7141762871282815e-08,0.21395724355832046,0.2457426494207296,1,0.7800252999877557
160,11,2031101931,101,0.000668422042921907,0.0011962454701656682,3.398265513600051e-07,2.151403518465764e-08,0.2139572319833816,0.24574276570228673,1,0.7645197000238113
160,12,2031101932,96,0.0006114449019036884,0.0012321464808897184,2.862695630618984e-07,4.230773940814208e-08,0.21395719081369538,0.24574281326845165,1,0.7555444000172429
160,13,2031101933,100,0.0005701687338076084,0.0012089011740447307,2.500425771856519e-07,3.026766649301604e-08,0.2139572130395113,0.24574291116165667,1,0.7784058999968693
160,14,2031101934,100,0.000579591895852316,0.0011468877027259303,2.583294185430723e-07,7.487859084427961e-08,0.2139571538805282,0.2457427299568498,1,0.764130900031887
160,15,2031101935,94,0.0005382031266800435,0.001498811076022077,2.2259863855281693e-07,5.5394688942090956e-08,0.21395700442724555,0.2457429514530344,1,0.7811116999946535
160,16,2031101936,101,0.0006446861378640825,0.0011286983818749596,3.1735056758984093e-07,6.271613871380819e-08,0.21395723712805959,0.24574265638175255,1,0.7893765000044368
160,17,2031101937,104,0.0005457797453771054,0.0007915407888087233,2.2855445881955447e-07,3.849625989314365e-08,0.2139573163120781,0.24574246594597834,1,0.7704405999975279
160,18,2031101938,104,0.0005337911150000312,0.000972859566144629,2.188894725064096e-07,2.6759998521104624e-08,0.21395720420097772,0.24574270078855234,1,0.7842323000077158
160,19,2031101939,106,0.0005384543289218397,0.0007700558130366528,2.2297744819891376e-07,8.668225679860418e-08,0.21395724806320035,0.24574257878420466,1,0.7959342999965884
160,20,2031101940,98,0.0005379088183966469,0.001089657255874204,2.2205386913104294e-07,3.355447399320252e-08,0.2139573022222491,0.24574277141720696,1,0.7542373999604024
160,21,2031101941,89,0.0007086501293316694,0.0014617081589862052,3.8576291552104053e-07,4.146722895252438e-08,0.21395695250738098,0.2457429242720154,1,0.7672825999907218
160,22,2031101942,103,0.0005262540243865725,0.0011726736330990655,2.1284356359249364e-07,4.8930577500362205e-08,0.21395718601172797,0.24574268788381565,1,0.7875157000380568
160,23,2031101943,100,0.0006275918025761919,0.0012584100919040828,3.0246123427885447e-07,4.5299205513514336e-08,0.21395707680679077,0.24574281856309968,1,0.7710618000128306
160,24,2031101944,105,0.0005918050821734042,0.00098797431064951,2.695871315146831e-07,2.3047902483615394e-08,0.2139571858461591,0.24574271505829995,1,0.7568710999912582
160,25,2031101945,103,0.0005927171309522958,0.0010651239143150333,2.6909252532230237e-07,1.0072393108239583e-07,0.21395720720332612,0.24574284937588917,1,0.808683299983386
160,26,2031101946,104,0.0004998683441127536,0.0008248255768500241,1.9346165343810238e-07,1.8782925186214912e-08,0.21395716482670254,0.2457427020598856,1,0.7926155999884941
160,27,2031101947,100,0.0006626549768921489,0.0011100755013231654,3.333636915391837e-07,6.257365792069496e-08,0.21395734268797573,0.24574263925021886,1,0.7611709000193514
160,28,2031101948,102,0.000597449393618491,0.0009484902835951545,2.7503781544186085e-07,8.909289440140361e-08,0.2139571617189393,0.24574264807371193,1,0.8038075999938883
160,29,2031101949,101,0.0006261478322259141,0.0010766309991603127,3.002985759167419e-07,5.5165258601917945e-08,0.21395725954989225,0.24574261346185922,1,0.7897191000520252
160,30,2031101950,100,0.000582371253732304,0.0012207543524291576,2.6115939882032746e-07,4.047421601575914e-08,0.21395712158410166,0.24574279718460507,1,0.7839036000077613
160,31,2031101951,101,0.0005915080786281767,0.0008919751431733643,2.672350245360611e-07,7.154064471488646e-08,0.21395727911212617,0.24574257550441664,1,0.7796780999633484
160,32,2031101952,103,0.00062898931914506,0.0012410774927638327,3.026003107465159e-07,2.5954821994820965e-08,0.21395728127123725,0.24574258781246325,1,0.7705415999516845
160,33,2031101953,101,0.0006067843628598579,0.0011042289436332246,2.8227796066260076e-07,1.0856768821161255e-07,0.21395712088542249,0.24574273306576597,1,0.8008305000257678
160,34,2031101954,99,0.0006457751269329278,0.0010330444103220007,3.1828591477588814e-07,6.211282274296182e-08,0.21395706185400293,0.2457428668536475,1,0.7877141999779269
160,35,2031101955,105,0.0005490383915876193,0.0008575888692612454,2.3279781617629e-07,5.061689438706653e-08,0.21395720949166072,0.24574258084946693,1,0.7858015999663621
160,36,2031101956,103,0.0005815340231690189,0.001079893870595616,2.600763142987712e-07,5.0191784625667386e-08,0.21395719839009844,0.2457426825486439,1,0.8934973000432365
160,37,2031101957,96,0.0006580897624845596,0.0014265734072942387,3.305475369144441e-07,1.4221941060891345e-08,0.21395717655621432,0.2457426342323203,1,0.8374483000370674
160,38,2031101958,102,0.0006363518270861981,0.0010701309897608012,3.0941922922606625e-07,4.632766916217631e-08,0.2139572429634557,0.24574267880534076,1,0.7740113000036217
160,39,2031101959,95,0.0006319153030933912,0.0014339413822397793,3.0436983464039343e-07,6.670860314283405e-08,0.2139571924655359,0.2457427975830975,1,0.7999026000034064
160,40,2031101960,95,0.00059502529909758,0.0012190268242255663,2.7136520328548715e-07,8.027277665678423e-08,0.21395716606548912,0.2457427556077569,1,0.7762548999744467
160,41,2031101961,99,0.0005815864855556949,0.0012631422763522797,2.58824959943865e-07,2.6813013254597697e-08,0.21395712633487146,0.24574276466653747,1,0.7779386999900453
160,42,2031101962,103,0.0006023316233156393,0.0011695064311500088,2.786431181861544e-07,3.2289440153566207e-08,0.21395724176751724,0.24574275507379234,1,0.8061643000110053
160,43,2031101963,108,0.0005253767664290164,0.0011901819498170683,2.1287983519480672e-07,5.5359372833472644e-08,0.21395716509405016,0.24574265108544815,1,0.7787965000024997
160,44,2031101964,99,0.0005901818502562229,0.0012246179726582327,2.665746265377281e-07,2.093793372172477e-08,0.213957168094953,0.24574278229035115,1,0.74303549999604
160,45,2031101965,97,0.0006375783394787011,0.0010224979320359292,3.110421428499139e-07,1.470950003227616e-07,0.2139571563979538,0.24574261060784258,1,0.7819811999797821
160,46,2031101966,102,0.0005345151423461615,0.0011332344521291643,2.1917869494993565e-07,5.706018289120429e-08,0.21395716725316494,0.2457427485601304,1,0.7696336999651976
160,47,2031101967,94,0.0006393178598979656,0.0011198743699841766,3.1185402091322466e-07,3.738108519168143e-08,0.21395728549915446,0.24574267499880706,1,0.789447899966035
160,48,2031101968,103,0.0006259399701338415,0.0013165171532548323,2.9975922304464114e-07,9.589773110304519e-08,0.21395705154861905,0.2457427065513026,1,0.7770709000178613
160,49,2031101969,100,0.0006250501494369587,0.0011776146133527815,2.9811471109248584e-07,9.272388077829608e-08,0.21395702946264022,0.2457426489856844,1,0.782449499994982
160,50,2031101970,97,0.0006667822530311608,0.001359006314577738,3.4014787516878e-07,3.721833655731416e-08,0.21395718416476708,0.2457426810191457,1,0.7878000999917276
160,51,2031101971,96,0.0006014551377894741,0.0011825615674468965,2.769226435373546e-07,7.761299596889472e-08,0.2139571640110768,0.24574281528407224,1,0.7555878999992274
160,52,2031101972,105,0.000598754306298717,0.001125491142034916,2.747763667733911e-07,9.019358142971891e-08,0.21395715182165684,0.245742674765317,1,0.7537671999889426
160,53,2031101973,104,0.0005299947713834051,0.0012985521920454851,2.172074115478707e-07,8.975352312113077e-08,0.21395712835361835,0.24574274102876284,1,0.7860543999704532
160,54,2031101974,99,0.000540475636363555,0.0011773102189879163,2.243614791095473e-07,9.510404590509778e-08,0.21395711095387618,0.2457429147253281,1,0.8870420000166632
160,55,2031101975,101,0.0004895723301397429,0.0010179095521721446,1.8429105908958524e-07,5.704582166930625e-08,0.2139570266923943,0.24574275804335394,1,1.0004828000091948
160,56,2031101976,92,0.0006597174587195552,0.0013854761898944611,3.318610451862846e-07,1.7973520221167736e-08,0.2139572454311505,0.24574290793774226,1,0.9905224000103772
160,57,2031101977,98,0.0006437889520932876,0.0014116783286771822,3.164654765284073e-07,5.691658773461132e-08,0.21395704872364013,0.24574275642927712,1,0.9219708999735303
160,58,2031101978,93,0.0006680474970555635,0.001333516063038429,3.4095681982853137e-07,1.3638641166293722e-08,0.2139571401658251,0.24574291846520818,1,0.7710038000368513
160,59,2031101979,96,0.0006453044690310794,0.001209407375612002,3.1776593396970257e-07,4.693720115033697e-08,0.21395725280678396,0.24574276286826818,1,0.7848529000184499
160,60,2031101980,96,0.0006280124671785842,0.001159421539316743,3.008460531393973e-07,8.46341135974813e-08,0.21395718139675884,0.2457428206039959,1,0.784788099990692
160,61,2031101981,101,0.0006379197760833212,0.0012399479188044968,3.1031143738845127e-07,7.839789365816357e-08,0.2139570685950464,0.2457427487374594,1,0.8007931000320241
160,62,2031101982,105,0.0006120822839751739,0.0008351211984479324,2.869672069248654e-07,8.163656399267028e-08,0.21395729523766924,0.24574269261115217,1,0.7730475999996997
160,63,2031101983,98,0.0006009940474375736,0.0009763345205905541,2.7686525817853625e-07,8.290848515977429e-08,0.21395711907654116,0.24574269130617699,1,0.7530981000163592
160,64,2031101984,104,0.0006294806493286604,0.0012033099720361825,3.038507934030077e-07,2.7587006940821252e-08,0.21395727596750874,0.24574274808387084,1,0.7564994999556802
160,65,2031101985,111,0.0005009798260947556,0.0008656247244336825,1.9406508960398893e-07,5.095052434796737e-08,0.2139572268428445,0.24574255951218746,1,0.7870619000168517
160,66,2031101986,91,0.0006474581897475314,0.0011807265651508376,3.1787221804542524e-07,5.1800874682402454e-08,0.21395713290452695,0.24574287193223507,1,0.755458900006488
160,67,2031101987,108,0.0005334587449226711,0.0010757671428965536,2.1981810317844524e-07,1.4826381632649888e-08,0.21395732147406624,0.2457426694311775,1,0.7728056999621913
160,68,2031101988,96,0.0006538844410001625,0.0011676569831138373,3.256144954880488e-07,1.1963368554417385e-07,0.21395706757018965,0.24574273862853252,1,0.7390659999800846
160,69,2031101989,99,0.0006255325018693747,0.0011988988395649357,2.9864601279271567e-07,1.4675831410911208e-07,0.21395710619799807,0.24574284592522114,1,0.764607299992349
160,70,2031101990,99,0.0006153881922382264,0.0012295734775098837,2.8964547224494286e-07,1.0929794739685347e-07,0.21395706760085692,0.24574265124397726,1,0.7404321000212803
160,71,2031101991,104,0.0005068585065032938,0.0008770939466618113,1.9818834784908284e-07,1.657659507478896e-08,0.2139571369840346,0.24574276379991833,1,0.7904487000196241
160,72,2031101992,102,0.0005742846379339062,0.0010003784716501446,2.5190035836379287e-07,2.5307091871226937e-08,0.21395722454804683,0.24574269268868934,1,0.781267799960915
160,73,2031101993,96,0.0006319789168182656,0.001259469439078755,3.0520982772650855e-07,8.496199467131862e-08,0.21395709826569437,0.24574272192683053,1,0.852444399963133
160,74,2031101994,98,0.0005569200101038198,0.0008448844576299374,2.3837717041063204e-07,3.447934089215836e-08,0.21395727061640268,0.24574284007087677,1,0.9054565000114962
160,75,2031101995,100,0.0006201762661366441,0.0011626153854788109,2.9450378648112394e-07,3.4386252298109694e-08,0.21395722364593853,0.2457427094647824,1,0.8418940000119619
160,76,2031101996,104,0.0005912726133576628,0.0011447017972839248,2.6831962950591736e-07,8.797890743168697e-08,0.21395707968697675,0.24574289379902772,1,0.8071723000030033
160,77,2031101997,99,0.0006362219005675435,0.0013063518870451245,3.089815190811494e-07,6.604658573435407e-08,0.21395720961802212,0.24574281955933305,1,0.7761981000076048
160,78,2031101998,103,0.0005250479482807029,0.0009844572465569005,2.115055569552327e-07,5.31459667604071e-08,0.2139572236228786,0.24574261932629904,1,0.7817202000296675
160,79,2031101999,96,0.0006340062937741717,0.0015039017967332657,3.0588038258490054e-07,7.65945041481794e-08,0.21395704301216936,0.24574270495423034,1,0.779460999998264
160,80,2031102000,103,0.0005431203232863668,0.0009781563430800067,2.2673124452164257e-07,6.858749504416692e-08,0.21395711313400007,0.24574265335236983,1,0.7800346000003628
160,81,2031102001,99,0.0005996868021759498,0.0011001794587348153,2.7516354419343625e-07,3.888210549906069e-08,0.21395723322412363,0.24574280728462272,1,0.7708477999549359
160,82,2031102002,92,0.0006903780852645846,0.00139042338922672,3.623236001640794e-07,5.433565556182302e-08,0.21395715396894396,0.2457428180308349,1,0.7302590999752283
160,83,2031102003,107,0.0005734578778225201,0.0009312246346318931,2.5264274511483826e-07,5.2174736046569273e-08,0.21395720096853402,0.24574251954719462,1,0.7556045000092126
160,84,2031102004,100,0.0006186466288904711,0.0012702896598182937,2.927319913939005e-07,2.3097530901954506e-08,0.2139572320463455,0.24574265784966537,1,0.7644285999704152
160,85,2031102005,103,0.0005878670544435938,0.0011693267480667176,2.649033016125096e-07,7.152157351573587e-08,0.2139572278430114,0.24574264041506388,1,0.7903518999810331
160,86,2031102006,102,0.0006215468553318801,0.0010249963692298839,2.9518018672385934e-07,9.622016207118068e-08,0.21395723061702174,0.24574263605734473,1,0.7696425000322051
160,87,2031102007,100,0.0006284763770825389,0.001224697561398659,3.0189482728528186e-07,4.6777107233868087e-08,0.21395725499568294,0.24574264531717308,1,0.7700038999901153
160,88,2031102008,98,0.0006433432003601505,0.0011387194575164868,3.163571155809731e-07,8.397316581110964e-08,0.2139570760351008,0.24574268843175867,1,0.7712690000189468
160,89,2031102009,100,0.0006459569775805946,0.001130934125508364,3.1920131508314667e-07,7.104508094340805e-08,0.21395717934760364,0.24574260484033988,1,0.7783308000070974
160,90,2031102010,96,0.0006225937904425584,0.0010034294130221424,2.9641584500942607e-07,6.469408649481206e-08,0.2139571089028574,0.24574283307633324,1,0.783217100019101
160,91,2031102011,92,0.0006357808126064321,0.0011327194504694342,3.0834161319967377e-07,1.0822818044783222e-07,0.21395706303064724,0.24574275626463457,1,0.7929261999670416
160,92,2031102012,98,0.000609171619324447,0.0013916401018554726,2.8477849960548133e-07,6.020385174845196e-08,0.21395709522751113,0.24574268921459635,1,0.768825699982699
160,93,2031102013,105,0.0006289793463050977,0.0012270426751068927,3.02374349948031e-07,2.3188790597655267e-08,0.2139572926700389,0.2457429116284868,1,0.7446118999505416
160,94,2031102014,94,0.0006474689494856607,0.0011702117197787247,3.212025831665116e-07,5.765851361161462e-08,0.21395718789958418,0.24574274845874985,1,0.7707321000052616
160,95,2031102015,100,0.0006266747115690477,0.0011797445741698448,2.995536978675531e-07,6.36074736611222e-08,0.21395717058536312,0.24574272497601055,1,0.7788305000285618
160,96,2031102016,101,0.0005968264393636832,0.0011543948175594563,2.741211411430093e-07,5.504817858493688e-08,0.21395722234541936,0.2457426765058045,1,0.7917567000258714
160,97,2031102017,98,0.000655567603966116,0.0012841001322425466,3.2758603748007404e-07,1.0800436951016053e-07,0.213957191719822,0.24574286531510625,1,0.774048599996604
160,98,2031102018,96,0.0006572365684855491,0.00123706023771162,3.298285254445637e-07,8.209064341290081e-08,0.2139571618204586,0.24574271806274767,1,0.7691346000065096
160,99,2031102019,102,0.0006223695963802958,0.0010360245062787565,2.9625255947860177e-07,8.599638238088816e-08,0.21395715596730963,0.24574263295990434,1,0.7400169000029564
216,0,2031109592,114,0.0005037767152103024,0.0009145998422310358,1.9681532179916238e-07,6.19031809805388e-08,0.2139572872485571,0.24574260753112162,1,1.0135290999896824
216,1,2031109593,119,0.00039242324946959676,0.0006142896876040392,1.202743812246043e-07,2.3422503217903167e-08,0.21395722577371065,0.24574260254478808,1,0.9769321999629028
216,2,2031109594,109,0.0004376913581448414,0.0006943957923932833,1.5006088498027725e-07,1.968978785397933e-08,0.21395724976401648,0.24574262950190742,1,0.9918399999733083
216,3,2031109595,116,0.00048355482227907277,0.0008745788799280108,1.8048903839341877e-07,6.87774183742104e-08,0.21395721038874682,0.24574252569992489,1,0.9434787000063807
216,4,2031109596,109,0.000551215934859721,0.0009942267559687533,2.335942123980142e-07,4.491171168097382e-08,0.213957200520149,0.2457426978419766,1,0.942887699988205
216,5,2031109597,120,0.0005216383434854105,0.0007946521895575475,2.1060327876138232e-07,9.158622543351528e-08,0.2139572641096571,0.24574257494671886,1,1.0118247999926098
216,6,2031109598,121,0.0005187324571951364,0.0008828735434096915,2.076225739037474e-07,6.613283856726141e-08,0.2139572550867831,0.24574255192579314,1,0.9713769999798387
216,7,2031109599,105,0.0004915521570275509,0.0011439360488677468,1.8789900138521056e-07,1.9495386595152028e-08,0.21395718398200098,0.24574254125465206,1,0.9644605999928899
216,8,2031109600,115,0.0005123351973149057,0.0010854057471671055,2.0361959183995998e-07,5.1223131249054825e-08,0.21395722925710453,0.24574269552792274,1,0.9669239000068046
216,9,2031109601,113,0.0005170381957799553,0.0009066144569462108,2.069868507717535e-07,5.721833036843425e-08,0.21395723293851596,0.24574263077873934,1,1.0643020000425167
216,10,2031109602,114,0.00045292357309523423,0.0009518423262660685,1.5934094155854466e-07,1.0866606842074224e-08,0.2139572287622915,0.24574267995953733,1,1.0880378000438213
216,11,2031109603,109,0.0005443831582722355,0.0007984595055631038,2.286553881493627e-07,5.538444809716952e-08,0.21395728080699386,0.2457425872981477,1,1.0192920999834314
216,12,2031109604,113,0.0004982252958905612,0.0009365424448508123,1.9286402966927694e-07,2.8562323527696714e-08,0.21395719363179236,0.24574264367974846,1,0.9828063999884762
216,13,2031109605,113,0.0005009693065853685,0.0009208012563580764,1.9436452255930326e-07,5.148581618228326e-08,0.21395723419233467,0.24574259982698504,1,0.9586575999855995
216,14,2031109606,110,0.0005098221695917922,0.0009477164445450598,2.0155880825350005e-07,3.785612215278139e-08,0.2139571765628277,0.24574267652233,1,0.9829245000146329
216,15,2031109607,104,0.0006257172309529578,0.0011247325811625233,2.9936046007396485e-07,7.365004055972439e-08,0.21395715862290834,0.24574276580689378,1,0.9485762999975123
216,16,2031109608,110,0.0005619386145090877,0.0009716031390694015,2.4368357820237727e-07,8.504404352155106e-08,0.21395720672466179,0.24574271074383983,1,0.9370557000511326
216,17,2031109609,109,0.0005444897643565181,0.000892774359051314,2.281411033368397e-07,8.587778343226375e-08,0.21395722968049233,0.24574254082896882,1,0.9844140000059269
216,18,2031109610,111,0.000560677156994932,0.0009250271422662937,2.430402012625569e-07,6.536796491668875e-08,0.2139572662430001,0.24574265686440955,1,0.9937160999979824
216,19,2031109611,114,0.0004657561062597717,0.000988650849384479,1.6965484515828292e-07,2.2629654456102844e-08,0.213957167967112,0.2457425138907762,1,0.9779824000434019
216,20,2031109612,110,0.00048616901472536866,0.001016237413495988,1.831318251330334e-07,1.6543836049296652e-08,0.21395727008904097,0.2457427408661941,1,0.9798772999783978
216,21,2031109613,123,0.0004503819495208698,0.0008878408757011594,1.5907224042751667e-07,4.4808450112389186e-08,0.21395720640525515,0.24574259227692014,1,0.9997089999960735
216,22,2031109614,110,0.0005753018942085788,0.0009680872098145552,2.545845092596152e-07,9.242495590296231e-08,0.21395720812574676,0.2457424819350978,1,0.9538132000016049
216,23,2031109615,114,0.0005279352260746277,0.0011426114875588323,2.1600013009796402e-07,8.099097519869577e-08,0.2139571768126149,0.2457426453958563,1,0.9931722999899648
216,24,2031109616,116,0.0005193216918732831,0.0009899827133351858,2.0899628017417915e-07,7.29944096028507e-08,0.2139571895570402,0.24574264684225725,1,0.9676541999797337
216,25,2031109617,119,0.0004228455797574859,0.000701078983080896,1.4051617826091632e-07,2.9377636439174457e-08,0.21395721269380277,0.2457425423847444,1,0.9942167000262998
216,26,2031109618,105,0.0006100333248281414,0.0010618520733721732,2.8526489822077324e-07,2.137929389047203e-08,0.21395730105104796,0.24574261386218074,1,0.9872131000156514
216,27,2031109619,114,0.00047158291312251387,0.0007837196086200659,1.7309331320558945e-07,1.0039036027110467e-07,0.21395717861488253,0.24574264591096975,1,0.9737071000272408
216,28,2031109620,113,0.0005380166580309378,0.0008461364171882138,2.24020400279051e-07,3.6178699130303786e-08,0.21395728993941274,0.2457425940190589,1,0.9593837999855168
216,29,2031109621,111,0.0005127201023529026,0.0008545013720689243,2.0327268373959726e-07,4.393578463979337e-08,0.21395725452142422,0.2457427609603708,1,1.0142820000182837
216,30,2031109622,116,0.0004636453867013427,0.0007106957481674905,1.6601688253992614e-07,5.098248447456489e-08,0.21395722549711077,0.24574265383533245,1,1.0047885000240058
216,31,2031109623,116,0.000545893988722426,0.0009308407913530686,2.3089249748059554e-07,5.781606504277784e-08,0.21395724760381063,0.2457426534632854,1,1.0199346999870613
216,32,2031109624,118,0.00037324828629301253,0.0008368610510114719,1.0955008057054552e-07,4.390897735419264e-08,0.21395717792023455,0.2457425994815701,1,0.9948725000140257
216,33,2031109625,114,0.00044962719464055814,0.0007931365481946586,1.5867067619199235e-07,5.267697614065779e-08,0.21395721031168086,0.2457426140454761,1,0.9662897999514826
216,34,2031109626,111,0.0005806433364176416,0.000809294505849162,2.588726383209056e-07,8.72245855406507e-08,0.2139572625570785,0.24574257018250653,1,0.9704054999747314
216,35,2031109627,114,0.0004764963481342732,0.0009103276592192783,1.7676072815875914e-07,2.8652582419585037e-08,0.21395722087718766,0.24574273240261524,1,0.959034800005611
216,36,2031109628,112,0.00045274146791575285,0.0008421374891681869,1.5968254989179683e-07,4.0415741318295966e-08,0.2139572375924898,0.24574265256038877,1,1.0764756000135094
216,37,2031109629,116,0.0005233838559893132,0.0008299730303827204,2.107355918882579e-07,1.6368319440850957e-08,0.21395729940095862,0.24574257154804352,1,1.1740251000155695
216,38,2031109630,112,0.0005290804134233057,0.0009619711106414028,2.1683198745859952e-07,5.2497459350275666e-08,0.2139572274389715,0.245742647064459,1,1.2406541000236757
216,39,2031109631,115,0.00046752570135800205,0.0008034550483223503,1.702177627040488e-07,3.764361580509488e-08,0.21395726358667566,0.24574258210655217,1,1.206975900044199
216,40,2031109632,117,0.0005091378122475097,0.001045884362560555,2.0110320554123828e-07,8.42754125436894e-08,0.21395718556982454,0.24574250449289625,1,1.101450800022576
216,41,2031109633,115,0.00046736475015143956,0.0008773436064154308,1.703147303370833e-07,1.3167671120023164e-08,0.21395720470108595,0.24574251764147326,1,1.0047174000064842
216,42,2031109634,105,0.0005021765282612277,0.0007791524262790157,1.9437459695115644e-07,9.548387645070775e-09,0.21395730982926636,0.24574264287221867,1,1.0089020999730565
216,43,2031109635,113,0.000527777740816967,0.0008916837068326853,2.1415389143532155e-07,3.6641712416580404e-08,0.2139572529916372,0.24574264583754785,1,1.0254784999997355
216,44,2031109636,109,0.0006371398182563936,0.0009762934023450472,3.110546095780636e-07,8.918964003381975e-08,0.21395727596139813,0.24574260666296838,1,0.9775443999678828
216,45,2031109637,116,0.000489288686065543,0.0012047860663832349,1.8619899515550786e-07,4.271974468726673e-08,0.21395722499946102,0.2457426202013233,1,0.9993450000183657
216,46,2031109638,120,0.0005086385943135149,0.0007481075291267613,2.0131682075452412e-07,5.755047154124283e-08,0.2139572193632133,0.24574258847956335,1,0.998627699969802
216,47,2031109639,105,0.0005670566498530054,0.0012163676856641729,2.453733506016956e-07,2.6212188013148526e-08,0.21395718667445934,0.24574273899067337,1,0.9680987999890931
216,48,2031109640,114,0.0005285111180744602,0.0009128325684288712,2.1714131129031137e-07,4.546514652056538e-08,0.21395724361082058,0.24574272289460933,1,0.9434404000057839
216,49,2031109641,112,0.00046714917478322585,0.0007962261750113245,1.7003271333975904e-07,1.2870326411345323e-08,0.21395724510315633,0.24574260363708403,1,0.9737683000275865
216,50,2031109642,112,0.0005203796164774122,0.0011318991939865788,2.069856575421275e-07,8.282021953389922e-08,0.2139571934246725,0.24574277790875337,1,0.9901044000289403
216,51,2031109643,112,0.0005174681670051093,0.0008900798751392331,2.0669281464957585e-07,5.89621588756237e-08,0.21395724507320038,0.2457425407627239,1,0.9752006999915466
216,52,2031109644,117,0.0004894255644640636,0.0009394973731525743,1.85164482321764e-07,5.49994578856078e-08,0.21395724195238375,0.24574273258697585,1,1.0441231000004336
216,53,2031109645,110,0.0005967297400016422,0.0009437736914801365,2.7262007723175116e-07,1.0277154876198658e-07,0.21395727993786645,0.24574251141184356,1,0.9864386999979615
216,54,2031109646,110,0.0005428317957016499,0.0011301034337555767,2.2777036040834457e-07,6.178980179538623e-09,0.2139572740219808,0.24574268080207232,1,0.9882045999984257
216,55,2031109647,111,0.0004733420551460376,0.0007992132841907481,1.7495998161258424e-07,5.4699734111379236e-08,0.21395721572877976,0.24574272850657758,1,0.9927624000119977
216,56,2031109648,122,0.00048634289783751024,0.0007809731674794257,1.8399780783722832e-07,6.693517667060894e-08,0.21395724846244002,0.245742561496181,1,0.9615956000052392
216,57,2031109649,110,0.0005912525456467296,0.0012436413508698442,2.6849714961780877e-07,1.1580319246297785e-07,0.2139571416632694,0.2457426093827131,1,1.0016610999591649
216,58,2031109650,117,0.0005276589052147773,0.000998962843220933,2.1563156451968403e-07,7.46443066340536e-08,0.2139571946596011,0.24574261928295885,1,1.008131599985063
216,59,2031109651,111,0.0005219007235697896,0.0009868259148503179,2.1179725116994772e-07,9.72857039939159e-08,0.2139571646263433,0.24574266679975793,1,0.9896169999847189
216,60,2031109652,114,0.00046300482308588335,0.0010716512657504209,1.6752965011145275e-07,2.8224488446628478e-08,0.21395715642523483,0.24574261348988438,1,0.9951909999945201
216,61,2031109653,112,0.0005741786221154067,0.0008653806722865241,2.538851307205952e-07,1.8833690717883633e-09,0.2139572984460055,0.24574263695138823,1,0.9721055999980308
216,62,2031109654,117,0.0005802047123236453,0.0010082705717639948,2.5864012859896985e-07,1.435017504489321e-07,0.21395717277762483,0.2457425244933862,1,1.021731799992267
216,63,2031109655,116,0.0005425620784144083,0.0009900680534705004,2.2806578351303627e-07,8.702771554394775e-08,0.21395720727698217,0.2457425357698788,1,0.9873401999939233
216,64,2031109656,114,0.0005481220902680097,0.0009620503536614326,2.3157443674302937e-07,7.422819879866808e-08,0.2139572269648181,0.24574250075964418,1,0.9608039999729954
216,65,2031109657,110,0.0006243409754468321,0.0009508571283050503,2.978180164607682e-07,1.0089514322966301e-07,0.21395719937261973,0.2457424050493749,1,0.9729583999724127
216,66,2031109658,121,0.0005003833828160644,0.0010160185006645327,1.950391265118089e-07,4.442436420736001e-08,0.2139572180980421,0.24574262726436963,1,0.9704230999923311
216,67,2031109659,109,0.0006248752597786188,0.0009535050558364476,2.979376327068462e-07,5.544540044286622e-08,0.21395733669112005,0.24574258792106024,1,0.9868376000085846
216,68,2031109660,111,0.0005766848238054875,0.0009439469079599204,2.555417689114804e-07,6.668172343687788e-08,0.21395724972103006,0.24574263438835015,1,0.9647999000153504
216,69,2031109661,114,0.000531631797559118,0.0011436805217646384,2.1700304244232047e-07,5.906594805114336e-08,0.21395721838841059,0.24574269946081972,1,1.0338737000129186
216,70,2031109662,108,0.0005128144615257154,0.0008066842014816696,2.0266804979411477e-07,1.7310221616975614e-08,0.21395725454158057,0.24574258606609187,1,1.051928200002294
216,71,2031109663,111,0.0006226671015209501,0.000978975741333721,2.969911944002385e-07,3.5171322127909275e-08,0.21395736961915748,0.24574257930181853,1,1.0084765999927185
216,72,2031109664,116,0.0005593529630906659,0.00111609285570063,2.4224322700506376e-07,9.88959618762779e-08,0.213957150456073,0.2457424580908967,1,0.9952060999930836
216,73,2031109665,113,0.0005281409750848716,0.0010994228974023112,2.1609949973598123e-07,1.351569832341768e-08,0.21395724607195318,0.24574262252668497,1,0.9930244999704883
216,74,2031109666,110,0.0005276621370323903,0.0011823721200388572,2.1594876434942276e-07,7.265618246603628e-08,0.2139571943131932,0.24574263803461646,1,1.0152999000274576
216,75,2031109667,107,0.0005997036313436687,0.0009829856930676651,2.76245455012321e-07,3.8501279268354505e-08,0.21395732807920656,0.24574267550495651,1,0.9560044999816455
216,76,2031109668,120,0.0004230243269048199,0.0006505881424498808,1.4047554778736712e-07,3.3775202136634006e-08,0.21395727622969174,0.24574255503812673,1,0.9681941999588162
216,77,2031109669,112,0.0005536422790204044,0.0010373268483574905,2.3646984233444737e-07,1.5264958944969342e-07,0.2139571142674997,0.24574258198678406,1,1.0269942000159062
216,78,2031109670,111,0.0006022903537442075,0.000918828971076417,2.789558668181829e-07,9.996641302703415e-08,0.21395727130778408,0.24574254298090611,1,0.9691483999486081
216,79,2031109671,112,0.0005213289112074804,0.0007891439308101035,2.110282876651137e-07,5.0396371181866e-08,0.21395723125063112,0.24574251700095728,1,0.9800201000180095
216,80,2031109672,114,0.0005648710487874462,0.0009030156998558367,2.4602179052060573e-07,1.1120168232383241e-07,0.21395725563998846,0.24574251286145224,1,0.96619460004149
216,81,2031109673,115,0.00048503468307756084,0.0008437577172909088,1.831981680556581e-07,8.379394969791003e-08,0.21395718596336985,0.2457425538619284,1,1.0152393999742344
216,82,2031109674,115,0.0005296515938939411,0.0010207082208732662,2.175346385635241e-07,8.503980370786261e-08,0.21395716713794757,0.24574247781699426,1,0.9808901000069454
216,83,2031109675,113,0.0005233334855586646,0.0009438871879851728,2.126709073985056e-07,1.0325210843872588e-08,0.21395727130624478,0.24574270747310717,1,0.9492371000233106
216,84,2031109676,108,0.0005719843883467667,0.0008423894224941043,2.517479538965819e-07,8.466846871452445e-08,0.21395726624574418,0.24574268864833934,1,0.9976104999659583
216,85,2031109677,110,0.011350715847153973,0.0008142994416665436,0.00010889108345507445,0.00010906389956363429,0.21384823340419296,0.2457414976490125,1,1.0013654000358656
216,86,2031109678,111,0.0005406947444485985,0.000883242494904334,2.2531696256688342e-07,7.793436546695144e-09,0.21395732517566293,0.2457427285618125,1,0.9929581999895163
216,87,2031109679,110,0.0006151801780463506,0.0010533473303267994,2.891323825578667e-07,1.704943675120877e-07,0.21395718390894466,0.2457426696265555,1,0.9577024000464007
216,88,2031109680,119,0.0004469782244579637,0.000901911256995752,1.5612795959618897e-07,1.851823731828702e-08,0.2139572264903277,0.24574262135396224,1,1.007177599996794
216,89,2031109681,111,0.0006431650389683004,0.0009408013758494268,3.159373290948627e-07,1.3024650510888798e-07,0.21395717438223316,0.24574259939380155,1,0.996352799993474
216,90,2031109682,109,0.0005681838984781279,0.0010811698427226715,2.4843310284603603e-07,2.9060057634853234e-08,0.21395725894334866,0.2457426178046101,1,0.9580412000068463
216,91,2031109683,117,0.0004914108109374475,0.000812650960189579,1.8850404046760292e-07,5.2786783978544085e-08,0.2139572293247732,0.24574252150411413,1,0.9790584999718703
216,92,2031109684,109,0.0005180189721606937,0.000950712457795942,2.0733651065604072e-07,6.059139733690095e-08,0.21395723491914934,0.24574266125937116,1,0.9763963000150397
216,93,2031109685,111,0.0005430809790001862,0.0009907395198877637,2.280646096207827e-07,1.0828333423595983e-07,0.21395719636570382,0.24574263465952154,1,1.0115989000187255
216,94,2031109686,108,0.0005008931598750147,0.0009314239811586881,1.9331576850911946e-07,3.869187315022307e-08,0.21395721835827944,0.2457427802961689,1,0.9395261000026949
216,95,2031109687,118,0.0005088559342691005,0.0010939792080439034,2.0077226859381646e-07,3.4850557965441324e-08,0.21395725592794496,0.2457425734908805,1,0.9611011000233702
216,96,2031109688,110,0.0005602466841807573,0.0010153763405136376,2.4048285935701485e-07,8.273649401973096e-08,0.21395720720655945,0.24574264727066136,1,0.9690032000071369
216,97,2031109689,117,0.0005064966865258512,0.0008795930227547202,1.9952915120122181e-07,3.883714212702062e-08,0.21395722608577603,0.2457426297156709,1,1.017364000028465
216,98,2031109690,117,0.00048685846372100485,0.0008128530545528649,1.8462806228447638e-07,5.43299997595619e-08,0.21395726721646757,0.24574264298173532,1,1.0332964000408538
216,99,2031109691,108,0.0005753637264187088,0.0009466945066238107,2.5427654169812013e-07,2.3661495319978827e-08,0.2139573174704138,0.2457426158960909,1,1.0090837000170723
288,0,2031119456,126,0.0004094313998459472,0.0007410021521050737,1.320872877887841e-07,5.5337244812827136e-08,0.2139572295335408,0.24574262411585468,1,1.5474151999806054
288,1,2031119457,126,0.0004568786429293302,0.0006959607386056313,1.6380794984567442e-07,1.834228675645495e-08,0.21395728794910107,0.2457425898828247,1,1.5002030999748968
288,2,2031119458,122,0.00044827503798083916,0.0008409647798652545,1.575221325794791e-07,3.667390800412413e-08,0.2139572190454274,0.24574258912679392,1,1.368310299993027
288,3,2031119459,126,0.0004582186038947519,0.0008793919264668656,1.6458429207473347e-07,6.55692681008041e-08,0.21395719937433563,0.24574246491990057,1,1.3457146000000648
288,4,2031119460,122,0.00037842663054931796,0.00074514286178127,1.1283657981026619e-07,8.90906340142364e-09,0.2139572330040374,0.24574262348672504,1,1.360512999992352
288,5,2031119461,123,0.0005352370384493274,0.0010336110115417392,2.213242899767312e-07,1.5033396905946584e-07,0.21395717454489696,0.24574255674155454,1,1.2769496000255458
288,6,2031119462,120,0.0005214010541457517,0.0007463986505439902,2.106423707763337e-07,6.052886406621999e-08,0.2139573046494445,0.24574259059555723,1,1.333521400054451
288,7,2031119463,118,0.00046970791404477485,0.0007821292333299736,1.7259549757813754e-07,5.467354979250093e-08,0.21395721102077425,0.24574254787662603,1,1.3248169999569654
288,8,2031119464,112,0.0005614567012902191,0.0009157513987887022,2.4301203846506777e-07,8.580356034080638e-08,0.21395724177218928,0.2457424794686658,1,1.3264198999968357
288,9,2031119465,126,0.00032037457442536974,0.0007823115580817232,8.120983993984038e-08,3.4415246792193864e-09,0.21395718159072064,0.24574264524446912,1,1.3472680999548174
288,10,2031119466,122,0.0004364625496419269,0.0009434982194713,1.495662319611222e-07,2.7014291034714014e-08,0.21395723602897698,0.245742563468109,1,1.3286200999864377
288,11,2031119467,122,0.0004307518910129531,0.0006441531348053832,1.4572045325579488e-07,2.6106346422005936e-08,0.21395726746173155,0.24574261366151853,1,1.3000584000255913
288,12,2031119468,128,0.0004267038255147097,0.0008106087004469744,1.4324970182884875e-07,7.009952798512464e-08,0.21395719663960963,0.2457425836392945,1,1.337394200032577
288,13,2031119469,125,0.0004294276501038914,0.0006836668911723206,1.445847134483736e-07,2.291723018966209e-08,0.21395728245191398,0.2457425862050798,1,1.3246517999796197
288,14,2031119470,123,0.0004620100324227633,0.0008111623429740701,1.670501596776576e-07,5.1133827850861266e-08,0.2139572480417843,0.2457424899986268,1,1.281313500017859
288,15,2031119471,127,0.0003832549437433086,0.0006239274891068433,1.1588704177424584e-07,1.2990148733146783e-08,0.21395724020472104,0.24574262298058655,1,1.29534190002596
288,16,2031119472,123,0.0004514094812817245,0.000836013587682777,1.6006067552574073e-07,3.585861063837713e-08,0.2139572533821924,0.24574269851021005,1,1.250955099996645
288,17,2031119473,117,0.0004460474667328243,0.0007347614632406138,1.5551116528720183e-07,7.335085955899743e-08,0.2139571733233759,0.24574257999298457,1,1.3094476999831386
288,18,2031119474,124,0.0004117227501402649,0.0008223531152572578,1.3335061216678437e-07,4.028412755972198e-08,0.21395722122851293,0.24574259734152054,1,1.2638713999767788
288,19,2031119475,130,0.00039926759928804104,0.0005940900770980787,1.2562489813152676e-07,2.64382371568838e-08,0.21395727581094692,0.24574250813913565,1,1.301389099971857
288,20,2031119476,125,0.0005026406840274027,0.0007178897319466604,1.9596062776005777e-07,7.878639644654606e-08,0.21395726300977777,0.2457425179859981,1,1.2757116999709979
288,21,2031119477,120,0.0005364335095903611,0.0010016495750592924,2.233545269605992e-07,7.965135370125784e-08,0.21395719263953472,0.24574258915268213,1,1.2931641000322998
288,22,2031119478,129,0.0003858028395932206,0.0006918885852740693,1.1733949399587227e-07,6.091150232246875e-08,0.21395722292749758,0.24574258132241356,1,1.504460099968128
288,23,2031119479,121,0.0004885405965262847,0.0008907433486132292,1.862617866369849e-07,4.627118147451767e-08,0.21395719037444857,0.24574265765460893,1,1.369027000037022
288,24,2031119480,125,0.0004939815614887976,0.0006945262243288384,1.8881691384464155e-07,6.485899807115624e-08,0.21395725622315726,0.2457425493881907,1,1.3435697999666445
288,25,2031119481,126,0.0004433501022433691,0.0007089659050984517,1.5342651729780467e-07,3.381058914895109e-08,0.21395725637422147,0.24574258027250706,1,1.305579200037755
288,26,2031119482,129,0.000482529478167062,0.0008544382730645902,1.8127611912036526e-07,4.7783778801334377e-08,0.2139572173033725,0.24574262749661263,1,1.315422200015746
288,27,2031119483,124,0.0004721847624867875,0.0007589349001790482,1.7354079554852028e-07,5.1893942043257896e-08,0.21395726486711145,0.245742580877843,1,1.26173430000199
288,28,2031119484,127,0.0004715920463383204,0.000790764401692029,1.7379051458397637e-07,7.836856132880875e-08,0.2139572298441737,0.24574251236965527,1,1.2982309000217356
288,29,2031119485,113,0.000522369943917917,0.0008406395497430938,2.1158253543267415e-07,5.360740139668445e-08,0.21395731320230157,0.24574254477625734,1,1.2874773999792524
288,30,2031119486,120,0.00045449493791033707,0.0006869658968953215,1.6097674505774973e-07,3.0940706772506903e-08,0.21395726926101535,0.2457425435256708,1,1.2901764999842271
288,31,2031119487,120,0.0004561514256840605,0.0006849198343953776,1.627407109737206e-07,8.259209124346742e-08,0.21395723699478442,0.2457424847983353,1,1.3105107999872416
288,32,2031119488,118,0.0005473306898933715,0.0008636590888493471,2.3251156258817267e-07,9.126306267854213e-08,0.2139572071405447,0.2457424788950361,1,1.2930424999794923
288,33,2031119489,116,0.00048645537476838,0.0008714984363721982,1.8421676319860826e-07,4.973297115125985e-08,0.2139572775384453,0.24574259375581262,1,1.2758739999844693
288,34,2031119490,125,0.00044167714864517486,0.0008137801674995454,1.5223816580839727e-07,2.4555867372251216e-08,0.21395723221968516,0.24574262459873883,1,1.286988999985624
288,35,2031119491,121,0.00046832889433194005,0.0007935323909675411,1.710575387186797e-07,5.70316854813399e-08,0.21395723677800185,0.24574262892876306,1,1.2734072000021115
288,36,2031119492,128,0.00040814876824058556,0.0006143254335038364,1.3121809413286135e-07,3.754613478378152e-08,0.2139572762686651,0.24574255017214996,1,1.3091982000041753
288,37,2031119493,131,0.00042593011433459283,0.0009501154389236905,1.4298413619587983e-07,1.2804389383958836e-08,0.21395722678960746,0.24574269931273204,1,1.343215400003828
288,38,2031119494,124,0.00045302262189998954,0.0008179180913543095,1.597667091697694e-07,6.885111025667318e-08,0.21395721744215399,0.24574252109868622,1,1.3187491999706253
288,39,2031119495,132,0.0004137418388518778,0.0005872958016040244,1.3487736103771608e-07,6.255664709961475e-08,0.21395726966920503,0.24574254884406604,1,1.3291469999821857
288,40,2031119496,127,0.0004489945639597151,0.0007697266724315533,1.5797881363462495e-07,2.1016486867941767e-08,0.21395727479239451,0.24574267016707735,1,1.3061559000052512
288,41,2031119497,119,0.0004873984725834299,0.000939192260432531,1.849516182326882e-07,6.099707474528273e-08,0.21395721238603985,0.2457427502173639,1,1.2670745000359602
288,42,2031119498,127,0.00037781354781702434,0.0006392515943614864,1.1246093921825703e-07,1.5702211798945463e-09,0.2139572843250039,0.245742492861903,1,1.31289800000377
288,43,2031119499,127,0.00041313905935070933,0.0006729004343498328,1.3451969794582476e-07,3.131256273740721e-08,0.21395727581287602,0.2457426423959805,1,1.2756683999905363
288,44,2031119500,128,0.00035650152822987364,0.000701244188315499,1.0052000085936612e-07,5.067718641837059e-09,0.21395723602098876,0.24574257920377957,1,1.4177006999962032
288,45,2031119501,131,0.00042970046966234513,0.00079169399920073,1.4523029333199024e-07,4.414674911640457e-08,0.2139572309401422,0.24574262087991736,1,1.8099493000190705
288,46,2031119502,123,0.0004230220554028127,0.0006700017127338459,1.409338124216464e-07,2.2259875742078255e-08,0.2139572784836012,0.2457426023787847,1,1.4972530000377446
288,47,2031119503,116,0.0005408971133724623,0.0007708414080949539,2.2593976586955102e-07,8.332313776309612e-08,0.21395724419242476,0.24574251585145288,1,1.3028318000142463
288,48,2031119504,117,0.000492740353977107,0.0006538881064623641,1.8911533310456185e-07,8.877566935724794e-08,0.21395723444005665,0.24574254689115468,1,1.328595100028906
288,49,2031119505,125,0.00043522016225750544,0.0008782996542941192,1.487085231877449e-07,1.8792041619806248e-08,0.2139572300842158,0.24574263529594878,1,1.2750936000375077
288,50,2031119506,121,0.0004949883346266616,0.0008121505541569062,1.9100168411292264e-07,2.0727596193059722e-08,0.21395728249666124,0.24574256333206757,1,1.3198097000131384
288,51,2031119507,126,0.0004723288724094814,0.0006898003789431632,1.743055838871559e-07,7.156839156928704e-08,0.21395722962345057,0.24574250656378685,1,1.2689239999745041
288,52,2031119508,122,0.00042186492223919266,0.000734589955000674,1.394488106627286e-07,3.976576350953424e-08,0.21395726103065504,0.24574259418667166,1,1.3168161999783479
288,53,2031119509,121,0.000453489176980019,0.0007510049962404606,1.6082853452536329e-07,3.811764817074076e-08,0.21395722914700455,0.24574254339280466,1,1.3229584000073373
288,54,2031119510,130,0.00043202155761388523,0.0006330767038272533,1.4660383883681617e-07,8.887295397152406e-08,0.2139572336105921,0.24574255048078486,1,1.3498486999887973
288,55,2031119511,124,0.00047107438721590174,0.0008082827713133508,1.73304806047464e-07,3.9220747820635344e-08,0.21395723392530017,0.24574264758122943,1,1.3040033000288531
288,56,2031119512,125,0.0004235112810610391,0.0007506650071962631,1.4048929097167686e-07,4.41854454735502e-08,0.21395722720511529,0.24574257489061166,1,1.3172799000167288
288,57,2031119513,122,0.0004604869080109287,0.000750462027102014,1.660696510062943e-07,5.6460315418434873e-08,0.2139572446308427,0.245742497444534,1,1.3041969999903813
288,58,2031119514,123,0.00048004797816934955,0.0007265154507166336,1.801127382453453e-07,3.515937144218762e-08,0.21395726720500727,0.2457425491835467,1,1.3156028999947011
288,59,2031119515,124,0.0004393072680081385,0.0006611825465489034,1.517272235175672e-07,4.0249765428141784e-08,0.21395725549116235,0.24574258229017,1,1.316368900006637
288,60,2031119516,115,0.0005074677158693193,0.0007757050582362796,2.0046371749867203e-07,4.042872314096322e-08,0.21395726921002253,0.24574267048516518,1,1.293332100030966
288,61,2031119517,119,0.00041947600782453107,0.000693526529994886,1.3788258397730803e-07,5.8012664316267276e-08,0.21395720006190036,0.2457426069217466,1,1.2659667000407353
288,62,2031119518,131,0.00040127586677306937,0.0007365008698220405,1.2696841914281543e-07,6.009835216338583e-08,0.21395719842997155,0.24574253414884187,1,1.3233982000383548
288,63,2031119519,122,0.0004261014776803291,0.0007182791192596862,1.4252652050106824e-07,1.0363302813339864e-08,0.21395725496129817,0.24574253371557114,1,1.458896399999503
288,64,2031119520,122,0.0005084263036340241,0.000740672912718014,2.010144851079478e-07,5.511534505212706e-08,0.2139572990215186,0.24574248758597528,1,1.4984389999881387
288,65,2031119521,121,0.00043317254503797266,0.0010980127125587759,1.4691181303368417e-07,3.2060473720748566e-08,0.21395713532476376,0.24574256585329976,1,1.3418233999982476
288,66,2031119522,127,0.0004254850396616934,0.0007584125859566496,1.4210183066398137e-07,4.573751530655746e-08,0.2139572194437509,0.24574254844822702,1,1.4378844000166282
288,67,2031119523,120,0.0004815450364694621,0.0007451212982682362,1.8114132000364456e-07,6.402526536456268e-08,0.21395722169637194,0.24574252088674958,1,1.589923000021372
288,68,2031119524,129,0.00047165330435059664,0.0008414414392120993,1.736778260463496e-07,6.368734554030366e-08,0.2139572303000804,0.2457425638608429,1,1.4847932999837212
288,69,2031119525,128,0.000423614027552942,0.0008115359375525785,1.3975330394298355e-07,4.76248519521641e-08,0.21395721082832275,0.24574263182206224,1,1.3605734000448138
288,70,2031119526,124,0.000473271098970742,0.0007960821370575536,1.7454044670189708e-07,6.23642616670685e-08,0.21395722078296792,0.24574253435779467,1,1.3011452000355348
288,71,2031119527,125,0.00047292634316520256,0.0007503063289209401,1.7443587227739257e-07,4.3131407581150746e-08,0.21395724517836232,0.24574262767234176,1,1.3198600999894552
288,72,2031119528,130,0.00046419104180830435,0.0006872054378153492,1.6859561195850023e-07,4.5373161673399836e-08,0.21395726910031507,0.24574251613659076,1,1.34297230001539
288,73,2031119529,124,0.00047142124440640893,0.0007644235788653049,1.7328311179062279e-07,5.595726997966076e-08,0.21395726707112922,0.24574256652794826,1,1.301052900031209
288,74,2031119530,122,0.0004541387295880427,0.0007408273384880968,1.6135464907023941e-07,1.9433814505628308e-08,0.21395729013779682,0.2457426381835694,1,1.3666201999876648
288,75,2031119531,126,0.00045817939466685596,0.0007288847755656638,1.6366882503458198e-07,4.052901338957204e-08,0.21395724521844858,0.24574256328432587,1,1.2802925999858417
288,76,2031119532,119,0.0004314834122752562,0.0007213183957297063,1.4602934123829952e-07,4.705220619142731e-08,0.2139572383963055,0.24574260766316022,1,1.2862039000028744
288,77,2031119533,123,0.00046774936342880934,0.0007755985117767162,1.7121472501475243e-07,2.6012231430563724e-08,0.21395729695719515,0.2457426240787351,1,1.3339677999611013
288,78,2031119534,123,0.00042856066293484203,0.0007086399708948741,1.4456633593006213e-07,4.0135779390743785e-08,0.21395724071914973,0.2457426148350466,1,1.3201186999795027
288,79,2031119535,117,0.0005361563422637445,0.0008664362764526218,2.224270908452641e-07,1.1252775420026663e-07,0.2139571730152855,0.24574263476872196,1,1.3352398999850266
288,80,2031119536,123,0.00043493746264222877,0.000709493530281935,1.486990027547362e-07,5.187108906072969e-08,0.21395722938042863,0.2457425483827647,1,1.2941944999620318
288,81,2031119537,124,0.00044847885831931995,0.0007196266938967184,1.570522816362403e-07,1.929439508397998e-08,0.21395728646411022,0.2457425768262045,1,1.3070994999725372
288,82,2031119538,131,0.00040902135976240116,0.0006520183060558666,1.317990115494308e-07,5.7701747805482075e-08,0.21395725887696024,0.2457425259541954,1,1.3108913999749348
288,83,2031119539,129,0.000377829505555617,0.0006741513800379616,1.1258873687909649e-07,6.094659377631954e-09,0.21395724655864223,0.24574253458781956,1,1.347602800000459
288,84,2031119540,121,0.000429304272025667,0.0009085429353035975,1.448049401471974e-07,4.083695270333687e-08,0.2139571974487454,0.24574256699351163,1,1.2912628999911249
288,85,2031119541,122,0.00045983472890238827,0.0007926667334747251,1.6541624460557426e-07,4.575832781713393e-08,0.21395719817658088,0.24574250747996348,1,1.3091216000029817
288,86,2031119542,126,0.0004646620136356776,0.0007713175668920141,1.6897454843501012e-07,5.149004841268842e-08,0.21395725532794013,0.2457425415633658,1,1.3788240000139922
288,87,2031119543,122,0.0004357735778695721,0.0007433169942827291,1.4919643864927726e-07,4.559356942311224e-08,0.21395720809467084,0.24574262358208843,1,1.2911172000458464
288,88,2031119544,127,0.00037458629318155075,0.0006347176978591128,1.1046113850020906e-07,1.220180880200969e-08,0.2139572597879461,0.24574254732529083,1,1.3143226000247523
288,89,2031119545,122,0.0004911697594199147,0.0008934130102439739,1.862309516800458e-07,7.32271691939709e-08,0.21395723025838145,0.24574252237738495,1,1.4017733999644406
288,90,2031119546,120,0.0005154819771627169,0.0007636913642252035,2.0607947300947147e-07,1.3093725955898437e-08,0.21395731674730697,0.24574254629904338,1,1.4092939000111073
288,91,2031119547,126,0.00046786114416461284,0.000755154254499708,1.706485642883047e-07,4.925323179619064e-08,0.21395725241951866,0.24574261577953524,1,1.262253499997314
288,92,2031119548,120,0.000506546320703608,0.0007245757551508566,1.9938965044886016e-07,6.798846893667874e-08,0.2139572571944147,0.24574251785831838,1,1.2893627000157721
288,93,2031119549,134,0.00041505790162923534,0.0006421973233744419,1.3555229220889576e-07,4.317287126795165e-08,0.2139572662160838,0.24574256421511398,1,1.517917099990882
288,94,2031119550,125,0.0004300153296860613,0.0007314649796781938,1.4506212682087513e-07,1.4832496602714325e-08,0.21395727610291546,0.24574255339047588,1,1.6434665999840945
288,95,2031119551,125,0.0003802433041220491,0.0007314507696821991,1.140255072500396e-07,4.8168722944450104e-08,0.21395724456034623,0.2457425836237647,1,1.3412113999947906
288,96,2031119552,111,0.0005453433284891742,0.0008135071132557498,2.2921420294928565e-07,7.154245541335446e-08,0.21395722967979922,0.24574260027882475,1,1.2802317999885418
288,97,2031119553,123,0.00048614514761878043,0.0007288074166789386,1.8450449761237038e-07,9.01649621185756e-08,0.213957241795138,0.24574260928814123,1,1.3083571000024676
288,98,2031119554,125,0.0004365264657186232,0.0006826093595760407,1.4812354340631606e-07,2.6214911170178615e-08,0.21395724586172912,0.2457426196004588,1,1.3072778999921866
288,99,2031119555,118,0.00046444457230372996,0.00078740784497355,1.6863244244879192e-07,1.2755710771852022e-08,0.21395730014887832,0.24574264874905316,1,1.3220839999848977
384,0,2031132608,143,0.00038474523219704726,0.0006753131665743558,1.1676939716623195e-07,2.24745725211436e-08,0.21395727878742163,0.24574250252089075,1,1.7524801999679767
384,1,2031132609,138,0.00039023145002242704,0.0006666366947973761,1.201973346871953e-07,3.6525346365721274e-08,0.21395725235589522,0.2457425706120707,1,1.75224669999443
384,2,2031132610,139,0.00032642816479018613,0.0006153454315809944,8.43951520181209e-08,3.55943569134177e-08,0.2139572392108092,0.2457425351815129,1,1.7383455999661237
384,3,2031132611,137,0.0003766030067093028,0.0005818301363117097,1.1199573246728825e-07,5.465209308200883e-08,0.2139572717508123,0.24574255959060012,1,1.7502646999782883
384,4,2031132612,135,0.00035309893327978856,0.0007689757437477431,9.861194668380624e-08,4.2491300553085816e-08,0.21395721582876306,0.24574258730728957,1,1.7468979000113904
384,5,2031132613,132,0.00041166677175110046,0.0005718703202604893,1.3336593039903382e-07,3.095630672373066e-08,0.213957260565441,0.24574257600626107,1,1.7504061000072397
384,6,2031132614,131,0.00038563401114674644,0.0005799349639527866,1.1714674911569799e-07,4.9699982731447965e-08,0.21395720281248992,0.24574254196477915,1,1.7327533999923617
384,7,2031132615,139,0.0003628549686215563,0.0007534567860285891,1.0432076709089405e-07,1.8166957834270728e-08,0.21395725644967523,0.24574262336103173,1,1.73390410002321
384,8,2031132616,136,0.00033506342147490156,0.0006388378962337865,8.908138563151579e-08,2.60544760059616e-08,0.21395722484733495,0.24574260295693404,1,1.7728356000152417
384,9,2031132617,128,0.00038020269057899823,0.0006676133045060763,1.1409012952568538e-07,1.4244849022223422e-08,0.21395727087071398,0.2457425696643656,1,1.9311900999746285
384,10,2031132618,136,0.0003811025354029262,0.0006891451384408523,1.1457947879650613e-07,1.67879445926093e-08,0.2139572779127503,0.2457425646919895,1,1.7619978999719024
384,11,2031132619,130,0.00042420059914550086,0.0006973007881742436,1.4169162451881772e-07,5.316941237652457e-08,0.2139572361586953,0.24574260366198866,1,1.705080799991265
384,12,2031132620,131,0.0003736683770486906,0.0007167376791457702,1.098004229518882e-07,2.1899409679100176e-08,0.21395726801425308,0.24574260683642765,1,1.7271902000065893
384,13,2031132621,137,0.00038143809608131576,0.0005797681316641797,1.1470479805078376e-07,2.0525033425589607e-08,0.21395730490211062,0.24574255059317082,1,1.7650454000104219
384,14,2031132622,136,0.00042396652123571156,0.0006301052937423978,1.412120563563688e-07,6.397155657106632e-08,0.21395726171952753,0.24574254812399993,1,1.7640376000199467
384,15,2031132623,132,0.0003530525855970142,0.0007589103266068186,9.874275206438132e-08,1.2665119732155518e-08,0.21395725156412185,0.24574259306268081,1,1.7366674999939278
384,16,2031132624,132,0.0004240028375764996,0.0008067722528582853,1.4122874356083454e-07,5.11434100876288e-08,0.2139572295393842,0.24574259911292204,1,1.7272154000238515
384,17,2031132625,141,0.00037807034865188383,0.0007114763631986072,1.1259949149146094e-07,2.4518990813513537e-08,0.213957235813496,0.24574256857378748,1,1.7233676000032574
384,18,2031132626,133,0.00036657627194408885,0.0005814614816487207,1.0612913369928472e-07,2.2261319409634933e-08,0.21395726933489814,0.24574253625590564,1,1.7435241999919526
384,19,2031132627,137,0.00036822251782871516,0.0006572910044264246,1.0736866950718063e-07,1.8704950834095163e-08,0.2139572519351391,0.24574260431208592,1,1.720398599980399
384,20,2031132628,136,0.00036135268825814964,0.0006191998516049447,1.0329258497162428e-07,2.6999792744970477e-08,0.21395726495064604,0.24574255812969029,1,1.7430330000352114
384,21,2031132629,134,0.0004164693789875635,0.0007358430523070294,1.3684907270570492e-07,9.336043769228796e-09,0.21395728610398823,0.24574259596748857,1,1.7553996000206098
384,22,2031132630,139,0.00038198022879238757,0.000598978032919171,1.1503708065182572e-07,1.3909071854658502e-08,0.21395725227631396,0.24574254851199295,1,1.718374100048095
384,23,2031132631,141,0.00034836361583503235,0.0005865740908566294,9.58827814183637e-08,5.5384994093566536e-08,0.2139572329888005,0.24574254416117913,1,1.7110993000096641
384,24,2031132632,137,0.00034043620732689356,0.0006320422784472453,9.199188957115131e-08,2.9099183395415266e-08,0.21395722663059094,0.2457426009313327,1,1.7576441999990493
384,25,2031132633,134,0.0003825140431253767,0.0006132194051272855,1.1480373070210126e-07,1.3472756275539041e-08,0.21395726542240143,0.24574252796681034,1,1.7585526999901049
384,26,2031132634,139,0.00034288415081569766,0.0006208313361773446,9.303785922929245e-08,4.1267359577697434e-08,0.21395726589658423,0.2457425713040728,1,1.9358270999509841
384,27,2031132635,138,0.00037707816648727236,0.0006351258239147836,1.12431263176587e-07,1.2401175025990224e-08,0.21395728245243192,0.24574257431180296,1,1.753605299978517
384,28,2031132636,134,0.0003838707681989515,0.0005902401200668416,1.1636708408148257e-07,3.372758708000887e-08,0.21395725350313732,0.2457425510739309,1,1.7250059000216424
384,29,2031132637,145,0.00043062634821944105,0.000666529595764542,1.4601588640833694e-07,5.4191062255566766e-08,0.2139572438613426,0.24574245776605616,1,2.097713300026953
384,30,2031132638,130,0.0004473680880773615,0.0006696088608608545,1.5729520813526986e-07,2.358946853694485e-08,0.21395727640008158,0.24574251344667525,1,1.9230705000227317
384,31,2031132639,133,0.00041327079439359857,0.000691242378374482,1.343973890654319e-07,5.2198590212074086e-08,0.21395725590818246,0.2457425034873345,1,1.715147800045088
384,32,2031132640,133,0.0004104750179754815,0.0006628389957704205,1.329128059037518e-07,1.6054882246699556e-08,0.2139572939705522,0.24574259020023725,1,1.7134341999772005
384,33,2031132641,137,0.00037411661832335223,0.0006381749673808607,1.1052753507456303e-07,2.3227758057178582e-08,0.2139572654049997,0.24574253230243845,1,1.7403216999955475
384,34,2031132642,139,0.0003050546721874999,0.0005263541405245198,7.391103574785333e-08,1.2340370364735637e-08,0.2139572499856511,0.24574253630706097,1,1.7141977999708615
384,35,2031132643,136,0.00032371596749455184,0.0006062620347405222,8.302254304878149e-08,1.7974379975910944e-08,0.21395725746450717,0.24574262616037137,1,1.733273999998346
384,36,2031132644,141,0.0003160783901546342,0.0006548098177626368,7.896706551682438e-08,1.2671733113514308e-08,0.2139572262992263,0.24574255099701403,1,1.7702414999948815
384,37,2031132645,138,0.0003837917662701411,0.0007292135055800122,1.164672981180943e-07,2.4993516282155463e-08,0.21395726662456466,0.245742555912503,1,1.7343009999603964
384,38,2031132646,139,0.0003858226255433159,0.0005597134054056239,1.1743992624146073e-07,4.627517577940955e-08,0.21395727866882155,0.2457425411241974,1,1.7330740000470541
384,39,2031132647,138,0.00027587235045928283,0.0005583470567054639,6.053730596676253e-08,1.826389759873914e-08,0.2139572537965323,0.24574253348020728,1,1.7387547999969684
384,40,2031132648,139,0.00037564286196857766,0.0007244360335383244,1.1125639685027534e-07,4.440099764697086e-08,0.21395722326019376,0.24574258480762648,1,1.7329885000362992
384,41,2031132649,143,0.000382199384121593,0.0006062065168202036,1.153873386675826e-07,4.517648751498789e-08,0.2139572627251364,0.24574254701740098,1,1.7389945999602787
384,42,2031132650,148,0.0002852195147584547,0.0006247056504004613,6.48436559515644e-08,9.676785143618619e-09,0.21395724634622548,0.24574252279762018,1,1.806740699976217
384,43,2031132651,136,0.00042455300931604954,0.0007098643325979782,1.4201116132688488e-07,5.016705572843486e-08,0.21395726059017134,0.24574258142509842,1,1.9427252000314184
384,44,2031132652,143,0.0003579692228165044,0.0005866143862388703,1.0137887707920618e-07,3.944079024567517e-08,0.21395726253387973,0.2457425737953842,1,1.7250968999578618
384,45,2031132653,128,0.00046320895041200463,0.0007193277895775116,1.679807747053486e-07,4.767824338525469e-08,0.21395728628756275,0.24574248476207108,1,1.6964358999975957
384,46,2031132654,135,0.0003870152903401773,0.0006871874343208985,1.1835539631492552e-07,2.2975991914397862e-08,0.2139572727071938,0.24574257460318094,1,1.7194198000361212
384,47,2031132655,137,0.000376160300217442,0.0005623638422456299,1.1156882243443562e-07,1.807462965395415e-08,0.21395729956949394,0.2457425506691447,1,1.7442686000140384
384,48,2031132656,130,0.0004256103310529793,0.0006668177863447321,1.427077814466075e-07,2.286718165742861e-08,0.21395728851253437,0.24574261023593505,1,1.7287071000318974
384,49,2031132657,143,0.0003195481312798636,0.0005989060094320888,8.083712668476394e-08,2.545951093625826e-08,0.21395725892991696,0.24574247523091342,1,1.7397261000005528
384,50,2031132658,133,0.0003248562574798951,0.0008063651717076939,8.360636163995626e-08,2.1760846789299654e-08,0.21395723644974085,0.24574260463065226,1,1.7416478000232019
384,51,2031132659,127,0.00042478249757949504,0.0006405355286795325,1.420773413985009e-07,4.5918586480432326e-08,0.21395726322720302,0.24574250876221254,1,1.735603999986779
384,52,2031132660,141,0.0003411639354003873,0.0005886468261193888,9.262449104457817e-08,4.938347317007089e-08,0.21395724041268138,0.245742504484825,1,1.7458237000391819
384,53,2031132661,139,0.0003899298255067619,0.0005893783158182179,1.2008339301200457e-07,2.2980089541524594e-08,0.2139572942850042,0.24574248371153762,1,1.7895887000486255
384,54,2031132662,137,0.00030239267619861095,0.0006280211720328331,7.261065413939096e-08,1.832778827712933e-08,0.21395725475489777,0.2457425646288708,1,1.7504641999839805
384,55,2031132663,137,0.00033352585515812247,0.0005935718818639403,8.79858427234215e-08,2.1525152657127603e-08,0.21395725248355277,0.24574257398388472,1,1.7497609999845736
384,56,2031132664,131,0.00038638521650557014,0.0006892877577208326,1.1736416696639052e-07,2.3116649496625663e-08,0.21395725077297306,0.24574254332210116,1,1.7314138999790885
384,57,2031132665,141,0.00038440281553867007,0.0006357181689492303,1.1706966162855921e-07,2.618403298852476e-08,0.21395728841213207,0.24574254580901844,1,1.7377850000048056
384,58,2031132666,140,0.00039162034060232225,0.0006175633305791637,1.21347733739548e-07,6.219172017024026e-08,0.21395723114888224,0.2457425675666611,1,1.7729468999896199
384,59,2031132667,133,0.00037040940888495214,0.0005674469767249467,1.0856500524598391e-07,2.5990797659503577e-08,0.2139572734407483,0.24574251648840525,1,1.7437618999974802
384,60,2031132668,140,0.000316657977661517,0.0005947164975218263,7.939695331544361e-08,3.2429199306306006e-08,0.21395723796788924,0.24574259717830021,1,1.928579599945806
384,61,2031132669,149,0.00027416120431884904,0.0005417375840935152,6.007384678342834e-08,3.0834089601065646e-08,0.2139572510302134,0.24574251262958652,1,1.7760804999852553
384,62,2031132670,145,0.00028336334828722314,0.0005582358294883731,6.43034171623931e-08,1.8218949582847735e-08,0.21395725259191362,0.24574251893319493,1,1.7383866000454873
384,63,2031132671,120,0.0005096571900504951,0.0010880074893499937,2.0228106119782356e-07,6.12170525228325e-08,0.21395715912642727,0.24574252865098611,1,1.7209589999984019
384,64,2031132672,137,0.0003572499085041844,0.0005628785090645728,1.0100837946992554e-07,3.083083409754847e-08,0.21395729101796426,0.2457424968123439,1,1.739893399993889
384,65,2031132673,142,0.000378785452658411,0.0006202362008621964,1.1287875499862194e-07,1.8342556910922222e-08,0.21395727755630772,0.24574253839372515,1,1.7878026000107639
384,66,2031132674,139,0.0002954773525128679,0.0006316053798133732,6.929993199701542e-08,1.1867294440694941e-08,0.21395721539671356,0.24574260635353612,1,1.7488245000131428
384,67,2031132675,142,0.0003692946853984372,0.0006971191002778974,1.0770916120196807e-07,2.3830254085519024e-08,0.21395726726469907,0.2457426226698602,1,1.777127300039865
384,68,2031132676,135,0.0004018315735228828,0.00066949902599256,1.2750522403173011e-07,8.423910018122862e-08,0.21395721737052475,0.2457425669080882,1,1.8191816000035033
384,69,2031132677,132,0.0004119004296215646,0.0006446901689793383,1.336190002977945e-07,5.478692632350435e-08,0.2139572354315986,0.24574253450951267,1,2.1337962000397965
384,70,2031132678,132,0.0002964763976132755,0.0006533288163887978,6.941795328903507e-08,5.469472459443666e-09,0.2139572056122969,0.24574254669808826,1,1.8713760999962687
384,71,2031132679,145,0.00030566068237845796,0.0006390369776096229,7.441109754381627e-08,1.6276486828097498e-08,0.21395725000541835,0.2457425413824321,1,1.7539480999694206
384,72,2031132680,133,0.0004009201089532197,0.0006631397688877105,1.2689448137239192e-07,3.9837780055135775e-08,0.21395726830149114,0.2457425010914538,1,1.7399694999912754
384,73,2031132681,133,0.00040478786501358635,0.0006752936739758196,1.2918048221641e-07,4.466851351082035e-08,0.2139572328209036,0.2457425725733859,1,1.7339274000260048
384,74,2031132682,144,0.00037413678133595347,0.0006334712973329541,1.1095985293631312e-07,6.301991328838916e-08,0.21395725323649023,0.24574255809582865,1,1.7377235999447294
384,75,2031132683,136,0.0003582670479248374,0.0005920704965728717,1.0137608074349233e-07,3.268468523912345e-08,0.21395726564783976,0.24574257671150868,1,1.7015895000076853
384,76,2031132684,139,0.0003595376842316161,0.0006037275696783212,1.0230795592328439e-07,2.770375746414328e-08,0.21395727344576693,0.24574257779962433,1,1.8270104000112042
384,77,2031132685,142,0.00032404954197665493,0.0005435556587957745,8.357063451738354e-08,7.10461223177861e-09,0.21395728216688037,0.24574251077793074,1,2.04569120000815
384,78,2031132686,137,0.0003984043211598444,0.0006394357098539526,1.254680248354719e-07,3.1918896665421635e-08,0.21395727233565312,0.24574250234953718,1,1.8131538000307046
384,79,2031132687,136,0.0003873343367762139,0.0006138483351702397,1.1814074465639576e-07,3.611002870845476e-08,0.21395725384154343,0.24574255331574224,1,1.7287133999634534
384,80,2031132688,128,0.00044094404180579903,0.0006435822588429825,1.5208814211297574e-07,7.295259518919755e-08,0.2139572413019986,0.2457425291060601,1,1.727172699989751
384,81,2031132689,134,0.0003876646670861093,0.0006524123045231579,1.1879533082641392e-07,5.485532545339361e-08,0.21395723772111527,0.24574248450331088,1,1.7248219999601133
384,82,2031132690,138,0.00041438917906751416,0.000700691418871412,1.3504142328633157e-07,5.1604699693613196e-08,0.2139572557911504,0.24574252400370838,1,1.7212589999544434
384,83,2031132691,140,0.00038189117391600126,0.00064392109135076,1.149980972674075e-07,3.795217827516422e-08,0.21395726896633144,0.24574257778903105,1,1.750358299992513
384,84,2031132692,136,0.0003428678388818931,0.0006756915204244023,9.294651990911712e-08,5.491766933157435e-09,0.21395723837279676,0.2457424911272497,1,1.7439067999948747
384,85,2031132693,138,0.0004271349022589886,0.000598588996139836,1.4323130648982154e-07,2.577686565455821e-08,0.21395727652314167,0.2457425466868724,1,1.7296668000053614
384,86,2031132694,141,0.0003355779043034955,0.0006535574287604094,8.948896303152634e-08,1.747828992457209e-08,0.2139572710675802,0.24574258582728595,1,1.728822399978526
384,87,2031132695,147,0.0003326996175124628,0.000564856986024998,8.754482948988484e-08,5.530118497369998e-08,0.21395723179690856,0.24574253957251982,1,1.7543754000216722
384,88,2031132696,140,0.00034849775395159367,0.0006587012303653896,9.636508316485721e-08,1.4559400959018718e-08,0.21395724656083864,0.24574259550719976,1,1.7573552999529056
384,89,2031132697,140,0.0003204915768737265,0.0005585766596139925,8.157708356226052e-08,2.9472317712296484e-08,0.21395726261922296,0.245742574422375,1,1.720345699985046
384,90,2031132698,133,0.0004305788133747692,0.0006475677917672025,1.4583541526175254e-07,3.5322358949978584e-08,0.2139572707186865,0.24574256008663162,1,1.7543715999927372
384,91,2031132699,135,0.00035217387767707577,0.0007528942599203544,9.819179923341119e-08,8.278804972951869e-09,0.21395721505315302,0.24574257465206015,1,1.7255461000022478
384,92,2031132700,139,0.00039914556326006327,0.0006186572640739621,1.2590662468910096e-07,3.583571424155208e-08,0.2139572771456116,0.24574243647864852,1,1.7390318000107072
384,93,2031132701,148,0.0002536956523695603,0.0005616173452934245,5.128686969303293e-08,1.6725128465461555e-08,0.21395725502343216,0.24574256284519763,1,1.835252600023523
384,94,2031132702,134,0.0003768185367744362,0.000675555193727628,1.1228204255086608e-07,2.8657134854127195e-08,0.21395721650280064,0.24574258209088737,1,1.8608437000075355
384,95,2031132703,143,0.0003055145011955042,0.0006583338812712383,7.424160263105053e-08,4.834465985637225e-08,0.2139572168245403,0.2457425930996861,1,1.7424127000267617
384,96,2031132704,133,0.0003607895384591417,0.0006107203045941895,1.0274335278763304e-07,1.0349253074803038e-08,0.21395725853797154,0.2457425776212384,1,1.7115842999774031
384,97,2031132705,137,0.00039078728669006543,0.000718937450705505,1.2022839581555857e-07,3.0735154485181074e-08,0.21395723743888168,0.2457425427245515,1,1.7078637999948114
384,98,2031132706,136,0.0003053283585020912,0.0006228855931312336,7.401143728114445e-08,7.975480466234269e-09,0.21395724558452306,0.24574260670389061,1,1.7645168000017293
384,99,2031132707,146,0.0003940162447768284,0.0006361025289480183,1.2250147398651907e-07,2.6328436902280803e-08,0.2139572748660462,0.24574243929740952,1,1.7604176999884658
512,0,2031150144,145,0.0003766381672543817,0.0006365471193568363,1.1158749816536254e-07,3.0431709593841214e-08,0.21395727939094283,0.24574249252607464,1,2.245289499987848
512,1,2031150145,152,0.00030326658296244774,0.0005679567060299162,7.341463478189951e-08,2.6699026838035533e-08,0.21395726164590076,0.2457424983144926,1,2.3635158000397496
512,2,2031150146,149,0.0003298759287929717,0.0005550376234513207,8.612330663707449e-08,2.6046814425269797e-08,0.21395728291394306,0.24574250298178185,1,2.6799400000018068
512,3,2031150147,150,0.000371757894586424,0.000552746200383453,1.0951329027165529e-07,5.2169475143785575e-08,0.21395726969812084,0.2457425016186666,1,2.3190291000064462
512,4,2031150148,156,0.0002654224779148197,0.0005515700417729581,5.638109039331822e-08,2.178895138508953e-08,0.21395725307424257,0.24574253534408502,1,2.3186559000168927
512,5,2031150149,162,0.00029930076696034697,0.0005908830538605946,7.151663433374583e-08,4.1107247461348646e-08,0.2139572382339077,0.24574252350574433,1,2.335693899949547
512,6,2031150150,155,0.0002545500064837331,0.0004639489399532478,5.1937954661155256e-08,8.342261508373604e-09,0.2139572668432821,0.24574253423227277,1,2.251240699959453
512,7,2031150151,141,0.00039866319153943606,0.0005942541376325492,1.255159284360263e-07,4.732032947626847e-08,0.21395727068387893,0.24574252926970375,1,2.2928900999831967
512,8,2031150152,151,0.00030859811241037516,0.0006044985715117657,7.59257345842564e-08,2.4956924665287472e-08,0.2139572651931692,0.24574255456320637,1,2.4688366999616846
512,9,2031150153,160,0.00024163235501455297,0.000527757301492334,4.701401203721768e-08,3.726452330253128e-09,0.21395726460258832,0.24574255012794113,1,2.277373799995985
512,10,2031150154,152,0.0003451589982571435,0.0005568441880411875,9.436601499197524e-08,3.4005044628253926e-08,0.21395727102601156,0.24574248000449092,1,2.2683678999892436
512,11,2031150155,153,0.00030686325470011776,0.0006137050587276619,7.498858087054699e-08,2.200943856969442e-08,0.21395725569374435,0.24574256711369094,1,2.287533099995926
512,12,2031150156,148,0.00029133869978709533,0.000496232310675432,6.762173927128369e-08,1.7557356079903775e-08,0.2139572728359355,0.24574253452518618,1,2.2751249000430107
512,13,2031150157,152,0.00030800174389198216,0.0005243635256521157,7.542654467628993e-08,1.8804452610823714e-08,0.21395726459162573,0.24574255926787303,1,2.381857400003355
512,14,2031150158,149,0.0003170544563307093,0.0006523875218486335,7.988904982021893e-08,2.7401052132506458e-08,0.21395725008104946,0.24574253980357524,1,2.2922689999686554
512,15,2031150159,137,0.00034742297585075037,0.0006465223474951087,9.54753105634834e-08,1.0935592918090268e-08,0.21395727539217432,0.24574256808471973,1,2.2792080999934115
512,16,2031150160,147,0.000328317843554646,0.0006030466034781439,8.550465878406873e-08,4.1886249527022284e-08,0.21395724597772664,0.24574255631827158,1,2.2853418000158854
512,17,2031150161,149,0.0002776092471237143,0.0005838364361492071,6.164800292902301e-08,1.5172262766872822e-08,0.21395726367038934,0.24574257769083513,1,2.2771347000380047
512,18,2031150162,151,0.00023483677221772524,0.0005008006308195347,4.434112781496407e-08,1.5773786997459415e-08,0.21395723695862012,0.24574256504592978,1,2.3053565999725834
512,19,2031150163,154,0.0002516665714231462,0.0005120253596493889,5.0881754016360984e-08,9.046914979251388e-09,0.2139572567866148,0.2457425610749831,1,2.307122000027448
512,20,2031150164,146,0.00029054697699776734,0.0005503107454204058,6.724287957551716e-08,3.2263178864362487e-08,0.21395725266694926,0.24574252896568327,1,2.2987766000442207
512,21,2031150165,159,0.0002747232434956857,0.0005547445897626993,6.034895635758418e-08,1.9769426357617466e-08,0.21395726229600806,0.24574252052049594,1,2.441362500016112
512,22,2031150166,149,0.00029687939294390945,0.0005548730246878149,7.03910172616087e-08,1.02502298032502e-08,0.21395728162908859,0.24574253292288448,1,2.2941300000529736
512,23,2031150167,153,0.000333353483073464,0.0005989238207907297,8.800636763797912e-08,5.6174827741930035e-08,0.21395722027175576,0.24574252763549234,1,2.2766106999479234
512,24,2031150168,142,0.00037278792579076644,0.0006838135300050966,1.0984051103109996e-07,1.5069949867027994e-09,0.21395729095173338,0.24574257031681956,1,2.2652624000329524
512,25,2031150169,160,0.0002946335560926173,0.00046055547846437676,6.92300141250649e-08,3.015975731968393e-08,0.21395725424226367,0.24574257011695264,1,2.2832799999741837
512,26,2031150170,150,0.0003313993936208196,0.0006074138418191428,8.7096206810729e-08,3.246772200626426e-08,0.21395724778973152,0.24574251736114996,1,2.2754614999867044
512,27,2031150171,158,0.0002723478908773329,0.0005720888874129502,5.918538002343737e-08,1.525325678239937e-08,0.21395726157379957,0.245742540121075,1,2.2928337000194006
512,28,2031150172,153,0.0003236823197936708,0.00054804311952393,8.314526313271083e-08,5.026499724462612e-08,0.21395725468640112,0.24574252608262645,1,2.7506692000315525
512,29,2031150173,154,0.00033846001963830396,0.0006044247182166421,9.102397768124614e-08,2.0242016003617074e-08,0.21395728400942784,0.24574252097756072,1,2.384618300013244
512,30,2031150174,142,0.0003695377859058353,0.0006418570875985535,1.0797748487507022e-07,2.2888616186817088e-08,0.21395727941764717,0.24574253612745506,1,2.278836500016041
512,31,2031150175,146,0.00032122699244546227,0.0005993408024196904,8.145892520239537e-08,1.481622268718801e-08,0.21395725037571053,0.24574255769929365,1,2.3023462000419386
512,32,2031150176,158,0.0003037920002618374,0.0005240432918786071,7.343127288460591e-08,3.5262190526192176e-08,0.2139572632295617,0.24574251889512932,1,2.2811621999717318
512,33,2031150177,154,0.0003085805446640926,0.0005527691909074231,7.598110013556993e-08,1.9904448233284876e-08,0.2139572758995082,0.24574253405625565,1,2.3225853000185452
512,34,2031150178,150,0.00031694459697166854,0.0005507769219712795,7.959495227344664e-08,4.5830442945418255e-08,0.21395725304995408,0.2457424974534525,1,2.448290900036227
512,35,2031150179,156,0.0002817997656344896,0.0004249532600640926,6.348732563730336e-08,2.6014626421009364e-08,0.21395725341783003,0.24574254439525423,1,2.2933020999771543
512,36,2031150180,152,0.0003655401419656505,0.0005658025327420685,1.0580552808056732e-07,5.7729014638050283e-08,0.21395725421432787,0.245742480026643,1,2.2840060999733396
512,37,2031150181,150,0.00031319638228576393,0.0005962380649765543,7.827588829868449e-08,1.954402122421575e-08,0.21395726585308417,0.24574252775286565,1,2.31340879999334
512,38,2031150182,153,0.00021569182499714447,0.00059177925300486,3.7582708959097933e-08,8.419676214186418e-09,0.2139572329660101,0.2457425248565269,1,2.3126137999934144
512,39,2031150183,152,0.0002854819881429755,0.0005530989830684934,6.493937044703494e-08,2.357564572816053e-08,0.21395725045205136,0.2457425256395847,1,2.2730670999735594
512,40,2031150184,151,0.0003811447667030114,0.0006118307991481342,1.151334404847044e-07,7.220164387800242e-08,0.2139572434759485,0.2457425261104283,1,2.295175199978985
512,41,2031150185,141,0.00034763115792213033,0.0006246915848472047,9.572954866703516e-08,3.6559112830398894e-08,0.21395724441124941,0.24574254035763857,1,2.2509626999963075
512,42,2031150186,148,0.0003711977519890905,0.0005832696716733035,1.0903451626854912e-07,7.245176160457759e-09,0.21395731992847583,0.24574247165734464,1,2.2834627999691293
512,43,2031150187,151,0.0003202043851293515,0.0005594451161330936,8.122347354570657e-08,4.118473686250188e-08,0.21395725514999367,0.24574252220595783,1,2.3334340000292286
512,44,2031150188,150,0.0003555920629480954,0.0006113580360970061,1.0035411577902936e-07,3.047069904488608e-08,0.21395726510687912,0.24574253439547827,1,2.3123657000251114
512,45,2031150189,148,0.00029460920455634445,0.0005703265325563052,6.91340410396341e-08,9.934458095337416e-09,0.21395725792956624,0.24574255677472173,1,2.2578688000212424
512,46,2031150190,158,0.0002912417320980516,0.0005245939787721181,6.73840882728582e-08,2.690800620066302e-08,0.2139572413662982,0.2457425032314971,1,2.3553183000185527
512,47,2031150191,152,0.0002736149390461099,0.0006080318095564986,5.996071102166943e-08,1.7635529303627852e-08,0.21395723794344282,0.24574253950329297,1,2.444642999966163
512,48,2031150192,151,0.00030594687132186256,0.0005874382716402273,7.433411622264358e-08,2.1074608942731877e-08,0.21395725660599627,0.24574254873360796,1,2.2769461999996565
512,49,2031150193,148,0.00031410241874539634,0.0005622426376095132,7.859393176868941e-08,1.779604181733445e-08,0.21395727291358538,0.24574256902622474,1,2.273062199994456
512,50,2031150194,154,0.0003350095656173735,0.0005661158926192185,8.92038833356626e-08,5.6900718576830705e-08,0.21395724741813774,0.2457424809113661,1,2.2663035999867134
512,51,2031150195,150,0.0003720529128881992,0.0005705200192233432,1.0956149284315345e-07,5.313244993710361e-08,0.213957254409734,0.24574248684232533,1,2.3075299999909475
512,52,2031150196,161,0.00024916714081729756,0.0005437422083492352,4.9915786669873915e-08,2.9622331359867644e-08,0.21395722631399086,0.2457425116976981,1,2.3619744000025094
512,53,2031150197,156,0.00023398420977276073,0.0005709988669585869,4.409688334129842e-08,8.210159386355628e-09,0.21395725179941538,0.24574253515082847,1,2.2813229999737814
512,54,2031150198,150,0.00038445089344370324,0.0006604472627357169,1.169209849138324e-07,9.098776295355775e-09,0.2139572907300557,0.24574250557681646,1,2.3149898999836296
512,55,2031150199,149,0.0003194086966118206,0.0005616359038485477,8.08877301237523e-08,1.012048456567932e-08,0.2139572795676194,0.2457425324853586,1,2.298320000001695
512,56,2031150200,158,0.00025513216815853265,0.0005400884621350103,5.210081590727941e-08,2.882419970376208e-08,0.2139572303172609,0.24574254655056516,1,2.2630386000382714
512,57,2031150201,152,0.0002798054825070958,0.0005692652118041824,6.244290808766998e-08,4.97547368805461e-09,0.2139572739263992,0.24574253562451465,1,2.3161384999984875
512,58,2031150202,153,0.00026927912677558995,0.0005050917956930635,5.806455217386318e-08,1.4940027370210168e-08,0.21395725764203147,0.24574258149209788,1,2.2997594000189565
512,59,2031150203,148,0.0003810984002569336,0.0006004347388210696,1.1473183150780866e-07,3.175949244856814e-08,0.21395728131688066,0.24574256387803098,1,2.3424235000275075
512,60,2031150204,136,0.0003921700850558577,0.0006178164690922643,1.2138111971298646e-07,2.6696732515675595e-08,0.21395727237571438,0.24574256418560572,1,2.459589199977927
512,61,2031150205,147,0.0003452781980121418,0.0004974244109055301,9.426094443116134e-08,3.593680888693607e-08,0.2139572603815806,0.2457425435589383,1,2.2706581999664195
512,62,2031150206,149,0.0002863069747213765,0.000564646733933905,6.531174226478116e-08,9.492128214239217e-09,0.21395726981248908,0.2457425665233676,1,2.290843599999789
512,63,2031150207,157,0.0002783844585435663,0.0005558883059263595,6.206469486680408e-08,2.6219837460587063e-08,0.2139572554607693,0.24574250312490362,1,2.3865346999955364
512,64,2031150208,157,0.0003456948663344182,0.0006027380339575961,9.472782955230468e-08,2.6143445360526148e-08,0.21395727445200283,0.24574251814852038,1,2.662277500028722
512,65,2031150209,156,0.00029212226294978106,0.0005532501983533597,6.79636651545237e-08,1.8048996639771162e-08,0.21395727264572534,0.2457424955804875,1,2.515190400008578
512,66,2031150210,153,0.0003145310815164904,0.000594741315745173,7.824790389793478e-08,4.340405846528129e-08,0.21395723786765244,0.24574251010922127,1,2.299466399999801
512,67,2031150211,155,0.00025426430534540714,0.000548735361985565,5.182598103756082e-08,2.541292815407122e-08,0.213957234247684,0.2457425648138195,1,2.291251899965573
512,68,2031150212,154,0.0002589266040284215,0.0005493863670416782,5.388689486691128e-08,1.0623817410890188e-08,0.2139572690677568,0.2457425617478611,1,2.2999348000157624
512,69,2031150213,161,0.00022651445793464645,0.0005080664200671715,4.129931553348914e-08,1.1987044910887212e-08,0.2139572547624964,0.24574252831792565,1,2.2365977000445127
512,70,2031150214,153,0.00030964866469547226,0.0005763826452666246,7.627103976811332e-08,1.549039628836684e-08,0.21395727558415062,0.2457425238962032,1,2.276352099957876
512,71,2031150215,158,0.00027540751030486095,0.0004604605501751775,6.078882679032876e-08,1.7317691719764296e-08,0.21395726986839522,0.24574253808444455,1,2.299444299947936
512,72,2031150216,158,0.00026092410576804346,0.0005662071985503223,5.471126183947529e-08,1.6601930445102746e-10,0.213957272399824,0.2457425450207934,1,2.406371899996884
512,73,2031150217,158,0.0002970186162004238,0.0005234096930688444,7.034562638197305e-08,3.404633769118076e-08,0.2139572516845259,0.2457424843307948,1,2.3576611000462435
512,74,2031150218,140,0.0003564008603519517,0.0006171598904947202,1.0043745264992892e-07,3.5998756348982734e-08,0.21395725893190443,0.24574253784559785,1,2.2491352999932133
512,75,2031150219,151,0.00033577036308190373,0.0005398269995692596,8.949723146446357e-08,4.4068957142247985e-08,0.2139572582540625,0.24574254103486046,1,2.27798170002643
512,76,2031150220,159,0.0003139479527940795,0.0005952912485244684,7.859382749854415e-08,2.1387244963003497e-08,0.21395726862251285,0.2457425358323681,1,2.2510393999982625
512,77,2031150221,145,0.00034829209966815144,0.0005647943225706015,9.617398613214225e-08,4.0075329247983085e-08,0.21395726682560204,0.24574249176274532,1,2.264238999981899
512,78,2031150222,153,0.0002668740438318967,0.0005772734176553567,5.714944230635475e-08,1.508490068920197e-08,0.2139572605892039,0.2457425231743522,1,2.281834799970966
512,79,2031150223,154,0.000294678871000759,0.0005849236225528105,6.901405681473437e-08,2.8713699891275412e-08,0.21395724894615586,0.24574253346344463,1,2.304868500039447
512,80,2031150224,160,0.0002396021534875018,0.00044476628668763617,4.59882393166318e-08,2.5343653723708008e-08,0.21395724664011798,0.2457425213978716,1,2.3116055999998935
512,81,2031150225,154,0.0003164863735087716,0.0005437592401851555,7.967092463877735e-08,4.8586201079126447e-08,0.21395725346253927,0.24574247513190361,1,2.270828199980315
512,82,2031150226,152,0.0003070410403287563,0.0005427616955366232,7.474800443100958e-08,4.461871010821928e-08,0.21395723591118745,0.24574248794980547,1,2.2910747000132687
512,83,2031150227,146,0.00030454349107531355,0.0007595310202069924,7.384640039104388e-08,7.884137354417298e-09,0.21395724056344853,0.24574260954623203,1,2.267089200031478
512,84,2031150228,143,0.00037285412014809497,0.0006482090440523232,1.101203150367776e-07,3.004172124026186e-08,0.21395727697777078,0.24574249808186496,1,2.23597979999613
512,85,2031150229,150,0.0003069461999970232,0.0006603425239579978,7.523948062321162e-08,6.03937724243463e-09,0.21395726529449818,0.2457425793806604,1,2.3594636999769136
512,86,2031150230,156,0.0002848169124593373,0.0005736710736951883,6.473434424998747e-08,3.180297271997841e-08,0.21395724693514298,0.24574251488143775,1,2.414642099989578
512,87,2031150231,146,0.0003371585063335324,0.0006165725759150944,9.016479149470153e-08,4.8477824206797326e-08,0.21395723193394228,0.2457425205919991,1,2.3165167999686673
512,88,2031150232,145,0.00029872647475141876,0.0005416417610542161,7.12156263304918e-08,3.0270938300592287e-08,0.2139572598333737,0.24574254817211966,1,2.2678774000378326
512,89,2031150233,145,0.00034648552855385834,0.0006089778809164082,9.534709032418251e-08,1.5118617483374034e-08,0.21395726854386501,0.2457425489504163,1,2.5809720000252128
512,90,2031150234,152,0.0002488418232368541,0.0005641941185071845,4.9706894894168454e-08,1.3124009039395967e-08,0.21395725389200612,0.24574256779645146,1,2.60177599999588
512,91,2031150235,150,0.0003396004608268088,0.000708535830549205,9.183875559208765e-08,5.7640431083023205e-08,0.21395720595312595,0.24574253520837724,1,2.270684999995865
512,92,2031150236,143,0.00036515327247628405,0.000623991555968269,1.0541631208439125e-07,5.113171211482285e-08,0.21395722653056753,0.24574258710138427,1,2.271040700026788
512,93,2031150237,149,0.0003025958303186471,0.0005677948618873009,7.314417717287904e-08,2.823510940362491e-08,0.21395726618698332,0.24574256790814925,1,2.2465124999871477
512,94,2031150238,151,0.0002482693241451434,0.0005624262631652099,4.92995241386276e-08,7.605488282785013e-09,0.21395726181368868,0.2457425826542895,1,2.280489699973259
512,95,2031150239,154,0.000301931311323735,0.0004821553841158408,7.261005771416006e-08,2.3470047939575773e-08,0.2139572586178766,0.24574253596412726,1,2.3059925999841653
512,96,2031150240,154,0.00026259955847250107,0.000508435028153295,5.525011781693833e-08,2.0875037401356218e-08,0.21395725919575304,0.2457425278820376,1,2.299994200002402
512,97,2031150241,155,0.00032838224290591023,0.0005929850052666592,8.585454768351139e-08,3.3052543486654384e-08,0.21395726792316874,0.24574253533391338,1,2.286504599964246
512,98,2031150242,156,0.00032742798673495566,0.0005576276335551523,8.553570190213418e-08,4.744753488268285e-08,0.21395725789110895,0.2457424843201687,1,2.4685941000352614
512,99,2031150243,159,0.00022872927083212487,0.0005366533057292242,4.2136288956197455e-08,1.7262885625175616e-08,0.2139572542257233,0.24574251668944133,1,2.330634000012651
672,0,2031172064,164,0.00027114909216057045,0.0005300565166363624,5.9084018825645664e-08,2.7417648337572674e-08,0.2139572557968554,0.24574252738958144,1,3.7860279000015
672,1,2031172065,163,0.00026440922554612985,0.000550829174743574,5.593957040687559e-08,3.1461851233513586e-08,0.21395724692292847,0.2457425327376188,1,3.7838731999509037
672,2,2031172066,159,0.00031138412018922554,0.0005695938241891531,7.719865409060578e-08,2.1815310309065627e-08,0.21395727211853074,0.24574253902334545,1,3.5405339999706484
672,3,2031172067,153,0.00033265065859128875,0.0005412778454894294,8.781534985057454e-08,2.539941720781228e-08,0.21395727753922011,0.24574249090873454,1,3.1197642000042833
672,4,2031172068,162,0.00024517527974674474,0.0004992262638196036,4.841818490660261e-08,1.0088766535400895e-08,0.21395726435252851,0.24574253337020133,1,3.181248900014907
672,5,2031172069,167,0.00023368296235694343,0.0004410054419099559,4.382395756314855e-08,1.4687686983302173e-08,0.21395725787255257,0.2457425189192959,1,3.7558068999787793
672,6,2031172070,168,0.00021646563259587528,0.0005314296408482101,3.783987098710495e-08,2.090841730816804e-08,0.21395723972773412,0.24574252126758983,1,3.361816100019496
672,7,2031172071,158,0.0001756794838390629,0.0005336793438244572,2.5073467406647305e-08,5.195415634590822e-09,0.21395724426973994,0.24574252784121906,1,3.2188504000077955
672,8,2031172072,166,0.00022722503816194174,0.000502664319837034,4.1713298912060454e-08,1.2311405255874223e-08,0.21395725321680242,0.24574252846872682,1,3.2448581000207923
672,9,2031172073,163,0.0002366925137670239,0.0004445626951033814,4.517496365421041e-08,1.947717060077468e-08,0.21395725491092762,0.24574251418177256,1,3.21109970001271
672,10,2031172074,166,0.00023161797004159218,0.0004976025018856777,4.3294863925431224e-08,1.071461225132516e-08,0.21395725909276134,0.2457425264689521,1,3.151407500030473
672,11,2031172075,165,0.00023166785180617978,0.000518195962210162,4.321863107431944e-08,1.5870478978146265e-08,0.2139572500962422,0.245742538398256,1,3.1872690000454895
672,12,2031172076,171,0.00027533722863554497,0.0005296302538113596,6.052442045179308e-08,3.186813113375291e-08,0.21395724887939319,0.24574252839331545,1,3.3437437000102364
672,13,2031172077,168,0.00022522683442127494,0.0005305074212397515,4.086246988286758e-08,1.3186172245852286e-08,0.21395725358941273,0.2457425519693824,1,3.47093849995872
672,14,2031172078,167,0.00022280752530803925,0.0005358515562398972,4.010136872615052e-08,1.5079059854828533e-08,0.21395725039614333,0.24574253081608421,1,3.848166499985382
672,15,2031172079,169,0.00022266615054954595,0.0004643744880053655,4.011251482551491e-08,8.552633161813465e-09,0.2139572507066131,0.24574252154738702,1,3.3164704999653623
672,16,2031172080,155,0.00029522510946457334,0.0005577481340820503,6.950683884831926e-08,5.292329426313959e-09,0.2139572827312975,0.24574257357299475,1,4.215638900001068
672,17,2031172081,160,0.000303717957001192,0.0005684569067921617,7.340630113272597e-08,3.530416627419735e-08,0.21395724208704142,0.24574252796145732,1,3.552681599976495
672,18,2031172082,154,0.0003069471324570472,0.0005348757448281758,7.51495739748322e-08,1.5532889026710438e-08,0.21395727788879193,0.24574253966198245,1,3.3816408999846317
672,19,2031172083,163,0.0003131035284162127,0.0005526694616767338,7.776460589759881e-08,2.8002345262534734e-08,0.2139572736448885,0.24574250925883132,1,3.7928621000028215
672,20,2031172084,157,0.00023367527562036502,0.0005254528753881042,4.37451223187931e-08,3.446643016277196e-09,0.21395726246862218,0.24574253060146078,1,3.5148387999506667
672,21,2031172085,171,0.00022858887652671913,0.0005166325009792541,4.2218120166199425e-08,1.0272261137033744e-08,0.2139572613538072,0.24574252606796151,1,3.17266910005128
672,22,2031172086,161,0.00023011092301000304,0.0005188753800281614,4.2551825201604856e-08,2.6748277419284632e-08,0.21395722847296403,0.2457425297224739,1,3.417123899969738
672,23,2031172087,166,0.000230420251430599,0.0005670306626144104,4.2736227901411896e-08,6.326318823928595e-09,0.21395724581636233,0.2457425300069164,1,3.559902700013481
672,24,2031172088,157,0.00033048104951251945,0.0005478543420822269,8.690900777520811e-08,3.969508825716495e-08,0.2139572701400454,0.24574248760429782,1,3.6119422999909148
672,25,2031172089,172,0.00022182450512650266,0.0005570357628725696,3.972547371498692e-08,3.183155392512318e-09,0.21395726412786872,0.2457425299075337,1,3.1043287999927998
672,26,2031172090,178,0.00018736188718602659,0.0004968157465117157,2.850112965442717e-08,5.956383894268194e-09,0.21395725307572055,0.24574256858651752,1,3.5289283999591134
672,27,2031172091,163,0.0002974012194591056,0.0004958892356003958,7.051387043215982e-08,1.080797137900526e-08,0.21395728082693904,0.2457425525355748,1,3.0279093999997713
672,28,2031172092,166,0.00026749794770397265,0.0005986968867068703,5.750388989654828e-08,1.496758596960303e-08,0.21395725658627196,0.2457425550025069,1,3.0882424999726936
672,29,2031172093,161,0.0003168999070641052,0.0005886436725788092,8.017715353987736e-08,3.910805928300857e-09,0.21395728912377562,0.24574255908314235,1,3.3714037999743596
672,30,2031172094,164,0.0002539526279348408,0.0006020914430771724,5.182620152152254e-08,2.326847251559025e-08,0.21395723348625356,0.2457425455060365,1,3.1833259999984875
672,31,2031172095,163,0.00018898757872837392,0.0005311444013926811,2.8949472889593698e-08,2.3781392526702796e-09,0.21395725312552982,0.24574255463899616,1,3.5206544999964535
672,32,2031172096,162,0.00023335342534212982,0.0005650343298775099,4.3831388232864116e-08,4.883830088637201e-09,0.21395725772034876,0.24574253617198544,1,3.594717900035903
672,33,2031172097,170,0.00023976655689104183,0.0005273922233943656,4.612101938417607e-08,1.3750527582130298e-08,0.21395725305977548,0.2457425290795493,1,3.2888958000112325
672,34,2031172098,164,0.00019795312998094743,0.0004321451205600244,3.172853653826054e-08,4.406791140748205e-09,0.21395725380056063,0.2457425490092402,1,3.218889700016007
672,35,2031172099,171,0.00027762993836482095,0.000491417106164494,6.159605990304115e-08,3.298784386151904e-08,0.21395725016247422,0.24574251184956905,1,2.8567600999958813
672,36,2031172100,163,0.0002828538602294761,0.0005716832019568072,6.385198791009096e-08,2.1043705736243157e-08,0.21395726354815628,0.2457425575825268,1,2.9405550999799743
672,37,2031172101,170,0.0002089777118422969,0.000504765563402572,3.535654666604307e-08,1.2253297968486533e-08,0.21395725171696434,0.24574252039632727,1,2.887638300016988
672,38,2031172102,167,0.0017391986671019283,0.00048013010221792087,2.0751189165642297e-06,2.1183603276319756e-06,0.21395514995401974,0.24573864263949377,1,2.8969885000260547
672,39,2031172103,166,0.00025692228482530145,0.0005533279792124756,5.301154737659723e-08,1.4596021771527382e-08,0.21395726028131776,0.24574252972920937,1,2.8914653999963775
672,40,2031172104,163,0.000264126189949021,0.0005362196533880576,5.607710576179007e-08,3.18748698288681e-08,0.21395722585528876,0.2457425137186975,1,2.9048600000096485
672,41,2031172105,166,0.00024602810235935675,0.0005633320261623572,4.8786809824074345e-08,1.6660975215887385e-08,0.21395725683285144,0.24574255787923643,1,2.892364399973303
672,42,2031172106,170,0.00019798802588741403,0.0005212353342389756,3.18148106043611e-08,3.215769577293752e-09,0.21395725803139629,0.24574254960477174,1,2.8609791999915615
672,43,2031172107,169,0.00020696156692928076,0.0005587445913839846,3.461980927146803e-08,9.460369234231019e-09,0.21395725267837906,0.24574253361470477,1,2.915547299955506
672,44,2031172108,170,0.00027381257152767714,0.0005585788113577057,5.99995076677366e-08,2.7383452659060732e-08,0.2139572588454292,0.24574251704287028,1,2.8526193000143394
672,45,2031172109,164,0.000339023468851389,0.0005894727323904052,9.093598012443545e-08,3.9004752593888354e-08,0.21395726078604915,0.24574250624403052,1,3.0322964999941178
672,46,2031172110,163,0.00019015251729197287,0.0005348872405511305,2.9255189732607783e-08,1.0608813695315252e-08,0.2139572414348058,0.24574254801418394,1,2.91732080001384
672,47,2031172111,165,0.00023832864224538787,0.0005307888506730753,4.5656460624764576e-08,1.737707944453581e-08,0.21395725231057106,0.24574251463895394,1,2.918526599998586
672,48,2031172112,153,0.0003559929336801534,0.0005198752097025385,1.0067274790139982e-07,3.7283971011697306e-08,0.21395726762374062,0.24574254967308898,1,2.8929085000418127
672,49,2031172113,157,0.0002370873242818382,0.0005518380217841744,4.523616321494242e-08,8.20712758969556e-09,0.2139572606137903,0.24574250880774826,1,2.8855870999977924
672,50,2031172114,169,0.00025567475644165194,0.0005193111380685067,5.253378308766137e-08,2.0554999527845542e-08,0.21395725872571278,0.24574253819543973,1,2.896083200001158
672,51,2031172115,171,0.00018925447578608035,0.0004901482233899618,2.8896160701813504e-08,4.948898450922612e-09,0.21395725110326477,0.24574252844944672,1,3.014742700033821
672,52,2031172116,158,0.0002807805361342073,0.0005800650130184177,6.3011967524156e-08,3.635445556008358e-08,0.21395723391813132,0.24574255711152568,1,2.8584150000242516
672,53,2031172117,154,0.0003503174197050352,0.0006135284686600285,9.729704498366089e-08,3.3567140540866917e-08,0.21395726122550296,0.24574254374317622,1,2.9669261000235565
672,54,2031172118,161,0.00021672192105397957,0.0005081410952743481,3.785235800053741e-08,6.62884822339305e-09,0.21395725901898582,0.24574252333591043,1,3.1858025999972597
672,55,2031172119,168,0.00017323893004010497,0.0005405382028435419,2.43202221522564e-08,7.276562611674247e-09,0.21395724512659833,0.24574255497646763,1,2.8911389999557287
672,56,2031172120,160,0.00025518861122611616,0.0005640950945453033,5.220170883732784e-08,8.346724081008755e-09,0.21395726863367356,0.24574256222042704,1,2.840950999991037
672,57,2031172121,167,0.00022058597326902793,0.0005335009235336517,3.933041024906451e-08,2.1290521890855148e-08,0.21395724295615384,0.24574253470941504,1,3.0469675000058487
672,58,2031172122,157,0.00025496097516937075,0.0005816145097585247,5.203055640841659e-08,8.442318381439117e-09,0.21395726278232524,0.24574257033220395,1,2.8929878000053577
672,59,2031172123,170,0.0002219601951684262,0.0005503801382584988,3.965314113605419e-08,1.0521411615825036e-08,0.21395725513797606,0.24574253150462586,1,2.9116842999937944
672,60,2031172124,160,0.0003252220356658411,0.0005686705783943579,8.396228190376506e-08,4.2830412090314146e-08,0.2139572551880079,0.2457425101004222,1,2.8600180000066757
672,61,2031172125,165,0.00021447206494107907,0.0005901633086707544,3.7157698728291995e-08,6.4193695015608e-09,0.21395722933608471,0.2457425331912275,1,2.9291648999787867
672,62,2031172126,165,0.00023818854857065062,0.0005617148254409397,4.5627940844214476e-08,7.603681565540739e-09,0.21395725671180355,0.24574253311072147,1,2.9245134000084363
672,63,2031172127,175,0.00020660382990568064,0.0005383447808921077,3.454127413554885e-08,1.2609648583622144e-08,0.21395724251572482,0.24574251824681717,1,2.9169555000262335
672,64,2031172128,163,0.0002681620168123789,0.0005280094609721305,5.759379995740518e-08,2.7545328836685277e-08,0.21395725106171481,0.24574251967881047,1,2.9020444999914616
672,65,2031172129,173,0.00023167467307281685,0.0005271652377037079,4.334537371087093e-08,6.195847676564605e-09,0.21395726120152947,0.2457425309970881,1,2.9951462000026368
672,66,2031172130,168,0.00019878320998398095,0.00045863390032583863,3.201914122474862e-08,9.94994069525223e-09,0.21395725169658475,0.2457425222358697,1,2.90045979997376
672,67,2031172131,165,0.00023440842213958115,0.0005269856352353751,4.417804551613197e-08,1.4980300102370085e-08,0.2139572551767986,0.24574251955027077,1,2.875414800015278
672,68,2031172132,171,0.00023113175036323493,0.0005132357555200251,4.305224644519583e-08,1.6755356001408974e-08,0.21395725367123825,0.24574252558046655,1,2.899162099987734
672,69,2031172133,152,0.0002820897453742336,0.0005692633293522188,6.379581454952477e-08,6.655266865725071e-09,0.2139572718619075,0.245742555479853,1,2.9060506999958307
672,70,2031172134,163,0.0002380061710840538,0.0005271185328466755,4.563824974910345e-08,8.057345042682718e-09,0.2139572619800387,0.24574252193858262,1,2.9247054000152275
672,71,2031172135,154,0.00028951289913515795,0.0006132453511433087,6.675600567794492e-08,2.575837287034071e-08,0.2139572518149508,0.24574257131189173,1,2.871283799991943
672,72,2031172136,179,0.0001842926932219643,0.0005576496642243824,2.7518246088318975e-08,6.192198221480419e-09,0.21395724229487695,0.2457425324701564,1,2.945170200022403
672,73,2031172137,168,0.000180048195775819,0.0004911054886281006,2.624297690164162e-08,4.971293782304162e-09,0.21395724846231423,0.24574253026168383,1,2.8798688999959268
672,74,2031172138,167,0.00023689658523893804,0.0005462300323757159,4.517076839231129e-08,1.3859540312763444e-08,0.21395725350694877,0.24574253942795912,1,2.8950958999921568
672,75,2031172139,169,0.0002601801861954909,0.0005150537291272133,5.406586831504555e-08,1.8586792474230007e-08,0.21395725774919594,0.24574251783534842,1,2.9173539000330493
672,76,2031172140,171,0.00019852661061593857,0.0005409337190527815,3.1945832298092076e-08,1.3181508716209902e-08,0.21395724384065606,0.2457425524244071,1,2.906575300032273
672,77,2031172141,174,0.0001857687004632908,0.0005120991940720215,2.802776177397974e-08,9.62454219878257e-09,0.21395724395140642,0.24574254819605137,1,2.9581370999803767
672,78,2031172142,152,0.0003151490444205876,0.0006164134831936895,7.884940462034318e-08,4.8038989081804156e-08,0.21395722969418346,0.2457425172308974,1,2.904824399971403
672,79,2031172143,160,0.0002556879919415473,0.0005549927396521405,5.2490383767800237e-08,8.429057873110885e-09,0.21395726059282008,0.24574258922773803,1,2.8671218000235967
672,80,2031172144,163,0.0002238959355870436,0.0005148023469063704,4.043398669789607e-08,2.725734398499244e-09,0.21395725995382778,0.24574255365206008,1,2.8669712000410073
672,81,2031172145,167,0.00019330967461882946,0.000520548560773277,3.024310746132925e-08,5.9553798675603576e-09,0.21395725027664045,0.24574253682967753,1,2.9166946000186726
672,82,2031172146,160,0.0002622396700243985,0.0005539407645256951,5.525721501177114e-08,1.4191507070056307e-08,0.21395726598705006,0.2457425534123413,1,2.9206009000190534
672,83,2031172147,162,0.0002107480304449044,0.0005697439401442409,3.5853794684740586e-08,1.9176870307433856e-09,0.21395725269854757,0.24574254612208632,1,2.90570880001178
672,84,2031172148,168,0.0002101388844402095,0.0004930295345993212,3.583359945342407e-08,9.640752983475482e-09,0.21395725474636468,0.2457425385512015,1,2.924437100009527
672,85,2031172149,166,0.0002569482321331176,0.0005703859589350449,5.3101677542251674e-08,2.1030637084982212e-08,0.21395725216842715,0.24574252207175853,1,2.9208385000238195
672,86,2031172150,161,0.0002737795964590535,0.0004835515404583999,5.98288087191662e-08,2.5519858515112433e-08,0.21395725653616865,0.24574251016546442,1,2.906886500015389
672,87,2031172151,170,0.00020006956441607468,0.0003821738265997878,3.241475182456053e-08,1.6572304073938286e-08,0.21395724260231178,0.2457425202552856,1,2.8868344000075012
672,88,2031172152,170,0.0002183466608216083,0.0005419029872712254,3.8469102449436924e-08,8.197853613393836e-09,0.21395725846068908,0.245742529247618,1,2.9150313999853097
672,89,2031172153,168,0.00021403362620287292,0.0005379017086413352,3.7011087889515955e-08,1.3173967899304522e-08,0.21395725182119277,0.2457425391275792,1,2.880443300004117
672,90,2031172154,173,0.00017681232692894855,0.0004901371960870489,2.54180307558162e-08,3.790708143733822e-09,0.21395725369427343,0.24574252599010243,1,2.9334830000298098
672,91,2031172155,158,0.00025178933778047485,0.0005409603857577315,5.086223786806325e-08,1.785993325405297e-08,0.21395725398788384,0.245742523017015,1,2.9061641999869607
672,92,2031172156,170,0.00014045007530983036,0.0005174978964074571,1.613414234450143e-08,3.3917728429446993e-09,0.21395724301105065,0.2457425536144688,1,2.8599299999768846
672,93,2031172157,171,0.00022365932976311498,0.0005225224273700845,4.0410524398555356e-08,1.5351258775274883e-08,0.2139572493998382,0.2457425224498929,1,2.900515399989672
672,94,2031172158,179,0.00023334189146741817,0.000503432201086499,4.381909648897641e-08,1.7897633926102386e-08,0.2139572530197001,0.24574252042567818,1,2.852038800017908
672,95,2031172159,163,0.0002811447108594559,0.0005387013643698344,6.331768588382674e-08,2.135382448562606e-08,0.21395725967744336,0.24574254210275545,1,2.958827199996449
672,96,2031172160,167,0.00026736859333754867,0.0004614228737226763,5.730798202891298e-08,9.686035232577974e-09,0.21395727178850776,0.2457425184965728,1,3.0639224000042304
672,97,2031172161,177,0.00022742835946609614,0.000480440229400572,4.169799963801922e-08,2.4034091034164245e-08,0.21395725008525232,0.2457425205708006,1,2.9354712999775074
672,98,2031172162,164,0.00024169895121803507,0.0004976432683103022,4.7145255921149106e-08,1.984617714697808e-08,0.21395724827516088,0.2457425245503344,1,2.95873000001302
672,99,2031172163,169,0.00025469487999803166,0.0004697262343036463,5.200677276744639e-08,2.165719430246133e-08,0.21395725471476001,0.24574253212740452,1,2.926941799989436
896,0,2031202752,189,0.000230945294267936,0.0005261102284038157,4.300020730109825e-08,7.89790670105441e-09,0.21395726387077135,0.24574254420334105,1,4.289080499962438
896,1,2031202753,170,0.0002339589420128477,0.0005300225747389185,4.4094979937192175e-08,2.562421321398358e-08,0.2139572472217145,0.24574253582879485,1,4.1132494999910705
896,2,2031202754,181,0.00019807780669728358,0.0005189001529669808,3.180146326743918e-08,1.2453818747348245e-08,0.21395724535177713,0.24574252565832885,1,4.125317900034133
896,3,2031202755,178,0.00019070527083015683,0.0004449231854383583,2.9564447968919145e-08,8.57629926189264e-09,0.21395725204130592,0.24574252372189936,1,4.070792800048366
896,4,2031202756,183,0.0002009604099969746,0.0004974284856124332,3.2724933136030585e-08,1.6705694595787542e-08,0.21395724771404787,0.24574252238222935,1,4.173115200013854
896,5,2031202757,176,0.0002131631778116326,0.0005728741530137005,3.6617434914285824e-08,1.0489632160951948e-08,0.2139572329219717,0.24574252135782065,1,4.116518099966925
896,6,2031202758,185,0.00019724361858986,0.00047807860015001107,3.1554703797869793e-08,1.235392851693307e-08,0.21395725034423044,0.2457425216634342,1,4.148006599978544
896,7,2031202759,177,0.0002120755633149038,0.00047495382010037586,3.633782523024255e-08,1.0226567115648507e-08,0.21395725456461065,0.24574251420635607,1,4.164476900012232
896,8,2031202760,183,0.00016843802002338126,0.0005343935577070684,2.310989961616762e-08,6.083733003900944e-09,0.21395724275187442,0.24574255805609205,1,4.134817799960729
896,9,2031202761,179,0.00018652536336569752,0.0005249738563800756,2.8182398380627673e-08,3.1323968753806424e-09,0.21395724987657733,0.24574254415657115,1,4.097456699993927
896,10,2031202762,173,0.00020842330654392835,0.0005411719173978577,3.513385426265691e-08,1.564725195328804e-08,0.2139572426450268,0.24574252520719497,1,4.074001899978612
896,11,2031202763,188,0.00017610741784820433,0.000394476107883671,2.522925496611685e-08,1.1713960831698625e-08,0.21395724120693363,0.24574252239977024,1,4.097321200009901
896,12,2031202764,176,0.00019512617597578356,0.0005087274923769393,3.087084994598688e-08,5.046157471617609e-09,0.21395725414561387,0.24574255067542955,1,4.122134800010826
896,13,2031202765,178,0.00018733500457322847,0.0004778598231116813,2.848719271722931e-08,5.164958893905909e-09,0.2139572532668627,0.2457425329149918,1,4.11574009998003
896,14,2031202766,181,0.0001779608449923361,0.0005073482083273972,2.574234465319305e-08,5.2206689158629745e-09,0.21395724862781845,0.24574255915004437,1,4.172445799980778
896,15,2031202767,183,0.0002100051701038054,0.00043060674086207404,3.5664744569768153e-08,1.625001244863328e-08,0.21395724883462786,0.24574251428473118,1,4.091388699947856
896,16,2031202768,180,0.00022656772868159637,0.00044139123734547874,4.149882659818055e-08,1.2945130192720764e-08,0.2139572562598101,0.24574251980242384,1,4.12283499998739
896,17,2031202769,189,0.00014900026613493558,0.0004881695888758221,1.8108151557745614e-08,5.934162978402355e-09,0.21395724172293595,0.24574254339482618,1,4.1812402999494225
896,18,2031202770,182,0.0001405340516336471,0.0004723646964080708,1.619891571706679e-08,5.189610252066774e-09,0.21395724458521181,0.24574253030956372,1,4.121548800030723
896,19,2031202771,181,0.0002221206441926762,0.0005091303312226246,3.980388334756761e-08,1.7125338705754116e-08,0.21395725262733978,0.245742523171906,1,4.0979062000405975
896,20,2031202772,184,0.00019724211516124646,0.0004221525290734756,3.160229079634675e-08,8.426749521676858e-09,0.21395725209797986,0.2457425380924618,1,4.120843000011519
896,21,2031202773,184,0.00017058682593969253,0.00043440259566099185,2.363181548666716e-08,3.954486398390036e-09,0.21395724827615278,0.24574253907956148,1,4.152493800036609
896,22,2031202774,173,0.00021413864734482873,0.0005066919910283197,3.711898000046065e-08,9.102205456060335e-09,0.21395725783581554,0.24574253153119976,1,4.132394900021609
896,23,2031202775,174,0.00022871162874727103,0.00046859775540282185,4.222506607453056e-08,1.2770593913222618e-08,0.21395725889636888,0.24574256999532096,1,4.127202899951953
896,24,2031202776,195,0.0001827604783034021,0.0004840965265181774,2.7134913013738596e-08,3.2567756129479895e-09,0.21395725462728402,0.24574252401901242,1,4.182999000011478
896,25,2031202777,177,0.00023834832817030377,0.00044061511957783553,4.570457276560949e-08,1.5652072456894565e-08,0.21395725831913362,0.24574251415321033,1,4.114849500008859
896,26,2031202778,191,0.0001607266013250855,0.0005112864722278727,2.102414446740984e-08,7.449817695460242e-09,0.2139572435213859,0.24574253028404333,1,4.173637600033544
896,27,2031202779,184,0.00019038148696639553,0.0004909523498918642,2.9429998441558188e-08,9.769448694638777e-09,0.21395725081621825,0.24574252370316013,1,4.138476399995852
896,28,2031202780,176,0.00019772969694886687,0.0005193184885272643,3.1710166413650284e-08,8.06457797828645e-09,0.21395725493289375,0.24574254346485705,1,4.104080199962482
896,29,2031202781,176,0.00019338108201198941,0.0005257060553759441,3.026923149310539e-08,1.3166659510032035e-08,0.21395724572992303,0.24574253031169502,1,4.1211463999934494
896,30,2031202782,185,0.0002003298150712009,0.0005366725575637768,3.252072915647404e-08,1.5467627669865253e-08,0.2139572374699649,0.24574253334871088,1,4.1212003999971785
896,31,2031202783,197,0.00017076741390408023,0.0004940135522426032,2.366420520626316e-08,8.737718357116771e-09,0.21395724783522627,0.24574252087785456,1,4.14529479999328
896,32,2031202784,181,0.00021418935708836394,0.0005084851265429568,3.709931597813873e-08,1.3353072348657656e-08,0.21395725242721209,0.24574251698225844,1,4.080332500045188
896,33,2031202785,180,0.00017972731701485463,0.0005191458352658142,2.6282832363638408e-08,9.018794837730765e-09,0.2139572469123664,0.2457425501343784,1,4.113695200008806
896,34,2031202786,178,0.0002259674658798155,0.0004947000908320625,4.109648071573093e-08,1.515931279399539e-08,0.21395725224457043,0.24574256146690063,1,4.107299499970395
896,35,2031202787,191,0.00015926819384296502,0.00048644016222728937,2.0730761455505727e-08,5.3294569917285986e-09,0.21395724741441224,0.24574252997922094,1,4.132346800004598
896,36,2031202788,177,0.00022659086958766512,0.0005298119511761079,4.148691951633782e-08,9.37273396877958e-09,0.21395725979421198,0.24574252162784943,1,4.114154599956237
896,37,2031202789,182,0.00022829151741646792,0.0005093278279301401,4.211589655951536e-08,1.6747108043336633e-08,0.21395725750074768,0.2457425229150714,1,4.190309099969454
896,38,2031202790,171,0.00022230939083527678,0.0004872764344304442,3.998320411007665e-08,6.398245697205205e-09,0.21395726105256052,0.24574254292688924,1,4.101327600015793
896,39,2031202791,180,0.00019478578503390648,0.00039932847990542937,3.076421609132238e-08,3.164385439290502e-09,0.21395725792534936,0.2457425302457284,1,4.074850300035905
896,40,2031202792,180,0.00020029373688397887,0.0005167701408390476,3.258752916149914e-08,1.0060512738512256e-08,0.21395725481938943,0.2457425412775585,1,4.121680699987337
896,41,2031202793,189,0.0001996299750333233,0.0004610558547063535,3.231943962226862e-08,7.47808286727382e-09,0.2139572567781639,0.24574252274419728,1,4.139726999972481
896,42,2031202794,180,0.000169833544906118,0.0005288439221525277,2.34960360409989e-08,2.101477570006697e-09,0.21395724940351912,0.24574254456864145,1,4.112081700004637
896,43,2031202795,182,0.00017936948625882712,0.00047756875667148143,2.6201565160331272e-08,1.0093636519930898e-08,0.2139572497394706,0.24574253701676302,1,4.081665800011251
896,44,2031202796,173,0.00021362799264993624,0.0005678110636558393,3.6953695705742683e-08,1.3063770659821196e-08,0.21395724942155264,0.24574254092592943,1,4.066946699982509
896,45,2031202797,179,0.0001926150595846084,0.0005013173490370824,3.0054120098026055e-08,1.1970600371486831e-08,0.21395724919497863,0.24574253394048678,1,4.148334399971645
896,46,2031202798,183,0.0001697402116137906,0.0005153034985983932,2.3435364276784e-08,1.1508840222774181e-08,0.2139572441421025,0.2457425334721508,1,4.106832100020256
896,47,2031202799,183,0.00017326573139255427,0.0005398147060043343,2.44055684036462e-08,2.171928357190555e-09,0.2139572548766526,0.24574257522724383,1,4.071373599988874
896,48,2031202800,174,0.00019327783207182678,0.0005164717181542562,3.0304287684688866e-08,1.3622131789821195e-08,0.21395724894912974,0.24574252113791115,1,4.089316800003871
896,49,2031202801,186,0.00019651801122275197,0.0005298935200958177,3.128134008510982e-08,1.4616572090084034e-08,0.2139572469816283,0.24574251833426325,1,4.141677799983881
896,50,2031202802,179,0.00018908830155618453,0.00041711909140570817,2.906357969077812e-08,1.2200582774683488e-08,0.21395724877335462,0.2457425320579352,1,4.102230200020131
896,51,2031202803,187,0.00015897790385371098,0.00048864169769937,2.057168673231126e-08,6.666674019616783e-09,0.2139572426207126,0.24574253670994925,1,4.097153500013519
896,52,2031202804,177,0.00017279460216468193,0.00041558378296580143,2.43208764000224e-08,2.7124173947104894e-09,0.2139572517165355,0.2457425437107399,1,4.119876699987799
896,53,2031202805,189,0.00012257999476138965,0.00046664095558017385,1.2372947201846858e-08,1.0422511951789856e-09,0.21395724429654153,0.24574254527532155,1,4.092077300010715
896,54,2031202806,189,0.00018272847496761437,0.0004174467117964317,2.715705354680154e-08,8.523753744053249e-09,0.2139572474758522,0.24574254727413722,1,4.127128499967512
896,55,2031202807,167,0.00021991019416720066,0.0004576499579652771,3.9029586898758635e-08,1.7973603447701863e-08,0.21395724389006096,0.24574253329379955,1,4.11732929997379
896,56,2031202808,187,0.009419996959353227,0.0004163791683315381,7.37097060197819e-05,7.372668342000554e-05,0.2138835226998056,0.2457151881997126,1,4.4640150999766774
896,57,2031202809,175,0.00021714609998642982,0.0004647378687605328,3.815501043877328e-08,1.0187291585241461e-08,0.21395725591410814,0.2457425405795459,1,4.1249318000045605
896,58,2031202810,184,0.00017976587506494414,0.0005169653586435291,2.630606299367455e-08,4.186471167539896e-09,0.21395725189057452,0.24574252420874995,1,4.089903099986259
896,59,2031202811,177,0.00020030204008729,0.0005119466790589094,3.250615617139008e-08,9.076966203862272e-09,0.21395725157757478,0.2457425377410896,1,4.1177426999784075
896,60,2031202812,184,0.00017473753640735753,0.0005086236378939833,2.481210272303997e-08,1.054294321123965e-08,0.21395724414063047,0.2457425363367622,1,4.122124899993651
896,61,2031202813,194,0.00018089882096154056,0.0004407971314289998,2.6615861918084622e-08,3.868047585459964e-09,0.21395725219983777,0.24574252478170813,1,4.113485999987461
896,62,2031202814,181,0.00014434433770802745,0.000409697741226284,1.709409463068143e-08,2.368218611885846e-09,0.21395725161682386,0.24574254741985074,1,4.081514000019524
896,63,2031202815,178,0.0002141288819298769,0.0005090685714665573,3.7088431691629986e-08,1.2153845103935214e-08,0.21395725347972472,0.24574253568558188,1,4.0915630999952555
896,64,2031202816,183,0.00017704310043095226,0.000508677192772069,2.5494751591207812e-08,8.455906298023471e-09,0.21395724635509886,0.24574252997905807,1,4.135606899973936
896,65,2031202817,166,0.00023597534407117967,0.0005350186587847181,4.4929696953957015e-08,5.552267694334104e-09,0.21395726541883472,0.24574255722090146,1,4.17990289995214
896,66,2031202818,193,0.00014383868183993594,0.0004601176335968503,1.6934397888674952e-08,4.188333053170118e-09,0.2139572460220586,0.2457425504170104,1,4.267553499958012
896,67,2031202819,181,0.00019967888604247892,0.0005098699573715444,3.229656313156221e-08,1.35456485007787e-08,0.2139572480942848,0.2457425307694072,1,4.262071000004653
896,68,2031202820,175,0.0002286806099391753,0.0005190534574684316,4.223108208274804e-08,8.938552325578436e-09,0.21395725538710814,0.2457425433033784,1,4.736796099983621
896,69,2031202821,177,0.0001824273629129336,0.0005367570091492023,2.696571555525997e-08,1.341651049461741e-08,0.21395723865938202,0.24574253395788304,1,4.740598200005479
896,70,2031202822,180,0.00017041638128548084,0.00045205032272692706,2.361449128640493e-08,1.0280564642656198e-08,0.21395724425224208,0.24574253467648746,1,4.780254799989052
896,71,2031202823,189,0.0001482806198328569,0.0004871171617847005,1.796679157390291e-08,3.842190106091536e-09,0.213957244540322,0.24574254587578243,1,4.9116981999832205
896,72,2031202824,180,0.0001992561399923581,0.000539823613560646,3.218015461431664e-08,1.2850522477446668e-08,0.2139572456875357,0.24574252130647198,1,4.613043099991046
896,73,2031202825,193,0.00013876640456478377,0.0004285933026011299,1.574614137989078e-08,2.0495398523231445e-09,0.21395724682572406,0.24574252799671617,1,4.720122900034767
896,74,2031202826,186,0.00019104370145481392,0.0005408411380881052,2.9525162959407985e-08,1.2360025666281772e-08,0.21395724464242902,0.24574253557463088,1,4.815861400042195
896,75,2031202827,171,0.00020418213019143762,0.0005183653747729999,3.37241473027077e-08,4.2969230157597434e-09,0.21395725654638495,0.24574253493385065,1,4.712857100006659
896,76,2031202828,193,0.0001194622942417873,0.00042599159771306396,1.177243685623638e-08,5.063526981997509e-10,0.21395724111039227,0.24574253535292334,1,4.8593825999996625
896,77,2031202829,177,0.00018014903328207864,0.0005375006712678492,2.6403910097988828e-08,5.1702632109864504e-09,0.21395724995162557,0.24574255056519742,1,4.935303999984171
896,78,2031202830,190,0.00016643238017480252,0.0005347213272076493,2.2577880347756312e-08,1.365354421378296e-09,0.21395725092649748,0.2457425450987374,1,4.171875600004569
896,79,2031202831,185,0.00018198404682519717,0.0005254540321567815,2.689676872273496e-08,1.2204872448459584e-08,0.21395724584626966,0.24574254991997413,1,4.163585299975239
896,80,2031202832,179,0.00019661513328589475,0.0005277428097386251,3.12561753386701e-08,1.5712951055161248e-08,0.2139572468482136,0.24574252756000683,1,4.215125399990939
896,81,2031202833,166,0.00024231455545853736,0.0005757464264231291,4.710836078336736e-08,1.2319994840858861e-08,0.21395724885356054,0.24574252022776302,1,4.209657799976412
896,82,2031202834,180,0.00024864572281505643,0.0004870153018612589,4.96150376357443e-08,3.17135542454609e-08,0.2139572474632178,0.2457425035414767,1,4.133004600007553
896,83,2031202835,189,0.000162850499167492,0.0004305482394335978,2.165983574961395e-08,3.0812880105608854e-09,0.2139572508566873,0.24574252354918838,1,4.155543000029866
896,84,2031202836,190,0.000214290305896022,0.0004998256513622627,3.7129657452917605e-08,1.7913433696840882e-08,0.21395725267081864,0.24574253874894225,1,4.148197999980766
896,85,2031202837,182,0.00015833679497668994,0.000475259808344062,2.0397361078506544e-08,4.002254447755584e-09,0.21395724855876638,0.24574252479711928,1,4.138085599988699
896,86,2031202838,186,0.00019120452058564138,0.0004902548365196393,2.9728151528234937e-08,9.947934916821546e-09,0.21395725130723633,0.24574252677019004,1,4.248725099954754
896,87,2031202839,170,0.00018240735219503037,0.0005282185125426629,2.6889797220822713e-08,1.3928186088941767e-09,0.2139572539675868,0.2457425300111511,1,4.10827770002652
896,88,2031202840,195,0.00015621842506705085,0.0004605243442837103,1.9918059089301187e-08,7.840900695982773e-09,0.21395724369331307,0.24574252506481997,1,4.106299900042359
896,89,2031202841,187,0.00017252547891973463,0.00048510499800642813,2.419530993070947e-08,1.0973826694955102e-08,0.21395724380247158,0.24574253674037735,1,4.113386399985757
896,90,2031202842,186,0.00015096626559487307,0.0005011849364510366,1.8604943821117294e-08,5.9540562054617715e-09,0.21395724415732487,0.24574253851921882,1,4.081839399994351
896,91,2031202843,180,0.00022538708939909917,0.0005444428864886061,4.096359144890726e-08,2.1571167261814e-08,0.213957244902036,0.24574250549085103,1,4.165699200006202
896,92,2031202844,186,0.00020192316169253237,0.0004793196823617142,3.3022740045825065e-08,1.4673065654787225e-08,0.21395724856245585,0.24574251911746342,1,4.150165900005959
896,93,2031202845,195,0.00022376529290763612,0.00045475476684087344,4.0389905640867e-08,2.3955392099325963e-08,0.2139572455831497,0.24574251118290444,1,4.179949800018221
896,94,2031202846,181,0.000179750030613545,0.00048730507967685295,2.626185700205325e-08,1.479152867305863e-08,0.21395724157643706,0.24574252419747608,1,4.09038910001982
896,95,2031202847,176,0.00016008998258684897,0.0005177367120258679,2.0932492905544977e-08,2.5496843060739694e-09,0.21395724470470429,0.24574256941255548,1,4.121691900014412
896,96,2031202848,183,0.00014548204341038507,0.0004111430357704203,1.7317948413903725e-08,4.249943248692379e-09,0.21395724607039474,0.24574253726927592,1,4.070380899996962
896,97,2031202849,181,0.00019412814204076704,0.0005163257046245106,3.059685208116163e-08,7.729022811339898e-09,0.2139572512077735,0.24574252350721434,1,4.134939500014298
896,98,2031202850,185,0.0002055713108590066,0.000506088461239047,3.414345092325447e-08,1.4399680708834037e-08,0.21395725238715557,0.2457425273209171,1,4.156930700002704
896,99,2031202851,182,0.00018834502964147526,0.0005157937003191271,2.8857548898276572e-08,1.7021596546590863e-08,0.213957244536244,0.2457425177377838,1,4.093373999989126
