method,seed,epoch,seconds,learning_rate,loss,pde_loss,boundary_loss,interface_loss,keff,keff_error,flux_error,acceptance_score,paper_budget_reached
pc_gipmnn,2026071103,1,0.2469732000026852,0.001,11788.5634765625,11615.4990234375,24.28660774230957,148.77867126464844,0.034724092729028086,0.964157625176478,1.2067781029910094,3129.1627456071596,0
pc_gipmnn,2026071103,1000,68.43105940008536,0.001,3.551055431365967,1.8245307207107544,0.12421956658363342,1.6023051738739014,0.9615587535259242,0.007474449291985712,0.9702400913489097,24.258241243624926,0
pc_gipmnn,2026071103,2000,136.64462070004083,0.001,2.097623586654663,1.3995975255966187,0.13901656866073608,0.5590096116065979,0.9623631161747518,0.006644182313427134,0.8542536815881542,21.56361908810572,0
pc_gipmnn,2026071103,3000,205.02023299993016,0.001,1.8460299968719482,1.2853139638900757,0.17209561169147491,0.3886203169822693,0.9636215396843487,0.005345231539689594,0.6537207260174254,17.34788893836685,0
pc_gipmnn,2026071103,4000,273.21622309996746,0.001,2.0984373092651367,1.7343934774398804,0.13827019929885864,0.22577351331710815,0.9638566550696896,0.00510254431287195,0.5821220652551425,16.560250268959983,0
pc_gipmnn,2026071103,5000,341.4321276000701,0.001,1.0059493780136108,0.7532662749290466,0.11620745062828064,0.13647568225860596,0.9645185222379576,0.0044193618518191076,0.5749588218173113,14.342989263336063,0
pc_gipmnn,2026071103,6000,409.30086080008186,0.001,0.759879469871521,0.5560758709907532,0.10012652724981308,0.10367710143327713,0.9651435525110007,0.003774202610445182,0.5724380445965515,12.249132190202461,0
pc_gipmnn,2026071103,7000,477.1379628998693,0.001,3.993929862976074,3.851435899734497,0.07467637211084366,0.06781774014234543,0.9660473377475906,0.002841311160620813,0.5091427075875585,10.745714687059339,0
pc_gipmnn,2026071103,8000,545.1371708998922,0.001,1.1599647998809814,0.9882282614707947,0.06746350228786469,0.10427311807870865,0.9667792964973301,0.002085779833474317,0.43336899108297033,9.146472026402362,0
pc_gipmnn,2026071103,9000,612.9194429998752,0.001,1.9140918254852295,1.740148901939392,0.0537981353700161,0.12014489620923996,0.9671997357381915,0.001651800435392735,0.3751376924096325,7.917470978021412,0
pc_gipmnn,2026071103,10000,680.6495892999228,0.001,0.5947192311286926,0.43900370597839355,0.039724912494421005,0.11599058657884598,0.9675133374510264,0.0013280992454310309,0.31933486555181206,6.739724057149745,0
pc_gipmnn,2026071103,11000,748.5178262998816,0.001,0.882287859916687,0.7368031144142151,0.031297024339437485,0.11418772488832474,0.9677409853159041,0.0010931200290006816,0.2735711524711539,5.773857716619613,0
pc_gipmnn,2026071103,12000,816.8713911999948,0.001,0.5546614527702332,0.46441152691841125,0.022159235551953316,0.06809067726135254,0.9677498363200474,0.0010839839801327282,0.22665937648602325,4.783760927080966,0
pc_gipmnn,2026071103,13000,884.7638008000795,0.001,2.928280830383301,2.7860398292541504,0.013747883960604668,0.12849314510822296,0.9676525772150779,0.0011843752940979364,0.21574327709789307,4.553371121291089,0
pc_gipmnn,2026071103,14000,952.7267658000346,0.001,0.7376088500022888,0.5409381985664368,0.011092224158346653,0.18557840585708618,0.9681645113645749,0.0006559544131142272,0.15442076718587153,3.259128494246038,0
pc_gipmnn,2026071103,15000,1020.3973161000758,0.001,0.5922601819038391,0.47871309518814087,0.0072868624702095985,0.10626018792390823,0.9682723677194293,0.0005446245670631022,0.11747978142780666,2.479470281923274,0
pc_gipmnn,2026071103,16000,1088.5994456000626,0.001,0.5027016997337341,0.41213348507881165,0.004565897863358259,0.08600229769945145,0.9682497789065749,0.000567940847878884,0.11742362116899126,2.4782849912199247,0
pc_gipmnn,2026071103,17000,1156.7191232000478,0.001,1.0662355422973633,0.928667426109314,0.0038787974044680595,0.13368934392929077,0.9684610970314438,0.0003498172672958397,0.11129644648553495,2.3489678665611735,0
pc_gipmnn,2026071103,18000,1224.6737446999177,0.001,0.7252373695373535,0.5736801028251648,0.00283981766551733,0.1487174928188324,0.9685453470621764,0.00026285398206395843,0.08837839241871859,1.8652707291682022,0
pc_gipmnn,2026071103,19000,1292.8716752999462,0.001,0.7824695110321045,0.6173409819602966,0.0028331580106168985,0.16229531168937683,0.9685536135907838,0.0002543212316434231,0.08039287633665879,1.6967323681783582,0
pc_gipmnn,2026071103,20000,1360.8720857000444,0.001,0.62975013256073,0.48246392607688904,0.0026999344117939472,0.14458627998828888,0.968599641170572,0.00020681134334025377,0.08256230256898488,1.742519207466809,0
pc_gipmnn,2026071103,21000,1428.9058367998805,0.001,0.6856464147567749,0.599526047706604,0.00317059806548059,0.08294974267482758,0.9685282667265732,0.00028048438627867203,0.0877115477141612,1.8511966339706043,0
pc_gipmnn,2026071103,22000,1496.908836599905,0.001,0.3863302171230316,0.2583785951137543,0.0035472509916871786,0.12440436333417892,0.968531164535962,0.0002774932535487175,0.08458567174017727,1.7852234385128485,0
pc_gipmnn,2026071103,23000,1565.0236696999054,0.001,0.3151855170726776,0.2195737212896347,0.0037789049092680216,0.09183289855718613,0.9686668418586803,0.00013744647122176378,0.07312327021685981,1.543303649497896,0
pc_gipmnn,2026071103,24000,1632.9990282000508,0.001,1.7517799139022827,1.675342082977295,0.004111922811716795,0.0723259374499321,0.9686375290918985,0.00016770324948545473,0.0725688218297739,1.5316017355010214,0
pc_gipmnn,2026071103,25000,1701.3188102999702,0.001,0.3385940492153168,0.2549680769443512,0.004993855953216553,0.07863211631774902,0.9686359357285801,0.0001693479267340069,0.07761930637708123,1.638194769571795,0
pc_gipmnn,2026071103,26000,1769.4010439000558,0.001,0.3886869549751282,0.2697426974773407,0.004740373697131872,0.11420387029647827,0.9686815017817478,0.00012231442841882846,0.07362195043582596,1.5538285480641179,0
pc_gipmnn,2026071103,27000,1837.4567066999152,0.001,0.3289858102798462,0.18423618376255035,0.0055904570035636425,0.1391591578722,0.9687285976207723,7.370187781549078e-05,0.0874393341048506,1.845451427889884,0
pc_gipmnn,2026071103,28000,1905.1100846000481,0.001,0.28399497270584106,0.1778470128774643,0.006066858768463135,0.10008111596107483,0.9686424240635869,0.0001626506362645325,0.1042026036192316,2.1992487203569278,0
pc_gipmnn,2026071103,29000,1973.0723480999004,0.001,0.3360970616340637,0.24236926436424255,0.007100806105881929,0.08662700653076172,0.9685760429518054,0.0002311695377730763,0.11333579641066635,2.392009379512175,0
pc_gipmnn,2026071103,30000,2044.927088999888,0.001,0.3179795742034912,0.24916870892047882,0.0071107568219304085,0.061700090765953064,0.9686032525938238,0.0002030836149629907,0.12175891440071553,2.569783550383393,0
pc_gipmnn,2026071103,31000,2115.615440600086,0.001,0.9214920401573181,0.8361238241195679,0.007126219104975462,0.0782419890165329,0.9686170602385844,0.00018883129791039463,0.13143749763176915,2.7740549509670362,0
pc_gipmnn,2026071103,32000,2183.80959469988,0.001,0.32765910029411316,0.25338974595069885,0.007297986652702093,0.06697136163711548,0.9685659397616787,0.0002415980990104124,0.13347640061002547,2.8170870308778935,0
pc_gipmnn,2026071103,33000,2251.634846499888,0.001,0.46396464109420776,0.38861292600631714,0.0068669687025249004,0.06848476827144623,0.9686169449173888,0.00018895033300080842,0.12393576348887864,2.6157270528034156,0
pc_gipmnn,2026071103,34000,2319.6731747000013,0.001,0.6602479815483093,0.4884081184864044,0.006571432109922171,0.1652684062719345,0.9687286128961924,7.368611045376496e-05,0.12356214955995265,2.607841741625391,0
pc_gipmnn,2026071103,35000,2387.616006599972,0.001,0.2958649694919586,0.2033587247133255,0.006950833834707737,0.08555541187524796,0.9686674067204463,0.00013686341820161817,0.13114731317285727,2.7679304610045645,0
pc_gipmnn,2026071103,36000,2455.5185362000484,0.001,0.46768423914909363,0.3746528625488281,0.006709246896207333,0.0863221287727356,0.9686808630301661,0.0001229737508607551,0.135018077161126,2.8496248952349252,0
pc_gipmnn,2026071103,37000,2523.603183500003,0.001,1.2541738748550415,1.1929543018341064,0.006276171188801527,0.054943401366472244,0.9685937355901618,0.0002129071117239626,0.13729908141240138,2.897766645119381,0
pc_gipmnn,2026071103,38000,2591.657105399994,0.001,1.2671136856079102,1.171242117881775,0.006226159632205963,0.0896453782916069,0.9687245147511289,7.791623541611496e-05,0.12984462024428578,2.740436467028678,0
pc_gipmnn,2026071103,39000,2660.0019310999196,0.001,0.3036457300186157,0.23696090281009674,0.005906531121581793,0.06077827513217926,0.9686800007339749,0.00012386381711924866,0.12611601173397802,2.6617422961520023,0
pc_gipmnn,2026071103,40000,2727.9573574999813,0.001,0.20644202828407288,0.11698176711797714,0.006173061206936836,0.08328719437122345,0.9686466089164065,0.00015833101114106957,0.13741439745592435,2.900200448617048,0
pc_gipmnn,2026071103,41000,2796.0476172000635,0.001,0.30380749702453613,0.24498027563095093,0.0054817828349769115,0.0533454567193985,0.9686326744790554,0.00017271420411288317,0.1152321210927589,2.43203227227705,0
pc_gipmnn,2026071103,42000,2864.0782478000037,0.001,0.20648759603500366,0.1369646042585373,0.005201429594308138,0.06432157009840012,0.9686658490974099,0.00013847120415984496,0.11533465262921581,2.434196252278673,0
pc_gipmnn,2026071103,43000,2932.259232399985,0.001,0.4302939474582672,0.3596934974193573,0.005060337018221617,0.06554011255502701,0.968740577949516,6.133572510738753e-05,0.10662922771577962,2.2504638508216295,0
pc_gipmnn,2026071103,44000,3000.3112872000784,0.001,0.2022063285112381,0.14294151961803436,0.004857733380049467,0.05440707877278328,0.9686612977986344,0.00014316907655406835,0.1162332506723297,2.4531616190525676,0
pc_gipmnn,2026071103,45000,3068.457488199929,0.001,0.27840936183929443,0.22497689723968506,0.004506316501647234,0.048926129937171936,0.9687196793600519,8.290734924454698e-05,0.1008187819082658,2.1278314494895803,0
pc_gipmnn,2026071103,46000,3136.600669400068,0.001,1.3229728937149048,1.257976770401001,0.004311217926442623,0.0606849305331707,0.9686558984075258,0.00014874235391643676,0.0961463262471788,2.02921690650638,0
pc_gipmnn,2026071103,47000,3204.9588989000767,0.001,0.5430185198783875,0.4431319534778595,0.004401118494570255,0.09548544138669968,0.9687326767822589,6.949134779217118e-05,0.09166042601541609,1.934539710335706,0
pc_gipmnn,2026071103,48000,3273.274499699939,0.001,0.658689558506012,0.6115766763687134,0.003987327683717012,0.043125543743371964,0.9687024737388467,0.00010066707385769573,0.0867782737161694,1.8314994136081848,0
pc_gipmnn,2026071103,49000,3341.6309891000856,0.001,1.0091193914413452,0.9523774981498718,0.003788126865401864,0.0529538094997406,0.968639542086905,0.00016562542639868576,0.0882683585755677,1.8629484091844346,0
pc_gipmnn,2026071103,50000,3409.8832859999966,0.001,0.2648613154888153,0.1941884160041809,0.0037206863053143024,0.06695222109556198,0.968721179927179,8.13584566690818e-05,0.0751042797426624,1.5851138587759313,0
pc_gipmnn,2026071103,51000,3477.925776500022,0.001,0.15061569213867188,0.09790713340044022,0.0034918650053441525,0.04921669885516167,0.9687172918155917,8.537178407127719e-05,0.07273354514455552,1.5350783044797602,0
pc_gipmnn,2026071103,52000,3546.0231719999574,0.001,0.6597144603729248,0.5960912704467773,0.0035205932799726725,0.06010259687900543,0.968747545305048,5.4143987357519014e-05,0.0714382380791887,1.5077401928872058,0
pc_gipmnn,2026071103,53000,3614.1199024999514,0.001,0.2774123251438141,0.20020326972007751,0.00341121107339859,0.07379785925149918,0.9686330402742409,0.00017233662857048517,0.09055204324934493,1.911146730743229,0
pc_gipmnn,2026071103,54000,3681.916471299948,0.001,0.3452399969100952,0.2712942659854889,0.003336056135594845,0.0706096962094307,0.9687356175847746,6.645583735078353e-05,0.07164236575840956,1.512048410932854,0
pc_gipmnn,2026071103,55000,3749.9192878999747,0.001,0.19189205765724182,0.13790109753608704,0.0028833418618887663,0.051107607781887054,0.9686507933844714,0.000154011783163337,0.062051123690976144,1.3096203898393057,0
pc_gipmnn,2026071103,56000,3818.0405454998836,0.001,0.4780312180519104,0.4262198209762573,0.002874277299270034,0.048937100917100906,0.9687316026865396,7.060003453800795e-05,0.0574314319698732,1.2121194565305333,0
pc_gipmnn,2026071103,57000,3886.0609635999426,0.001,0.19081272184848785,0.12937332689762115,0.0028819171711802483,0.05855748429894447,0.9687915436858551,8.728647961315356e-06,0.06215122946923886,1.311733172985772,0
pc_gipmnn,2026071103,58000,3954.0820655999705,0.001,0.7102315425872803,0.6519401669502258,0.0026881052181124687,0.055603280663490295,0.9686393632996091,0.0001658099715017586,0.06507493013264148,1.3734393561267488,0
pc_gipmnn,2026071103,59000,4022.1636737999506,0.001,0.2863554358482361,0.22331909835338593,0.0024975358974188566,0.06053880602121353,0.968766893241374,3.417295481626788e-05,0.06620919011322389,1.3973784874363961,0
pc_gipmnn,2026071103,60000,4090.024583299877,0.001,0.20208510756492615,0.15984250605106354,0.002431617584079504,0.039810989052057266,0.9687067781834825,9.622400548874582e-05,0.05115917021689211,1.079740195793506,0
pc_gipmnn,2026071103,61000,4157.931725400034,0.001,0.8293021321296692,0.7677384614944458,0.002219724003225565,0.05934395641088486,0.9686695809640581,0.0001346191535321107,0.05343659306844998,1.1278063584232072,0
pc_gipmnn,2026071103,62000,4225.966709899949,0.001,0.3583362102508545,0.23435187339782715,0.0018899490823969245,0.12209439277648926,0.9686298215903555,0.00017565896949267736,0.0540089884314271,1.1398870524350921,0
pc_gipmnn,2026071103,63000,4294.223738499917,0.001,0.49479803442955017,0.4530107080936432,0.002032727235928178,0.03975460305809975,0.9687521516320002,4.938931461577083e-05,0.05328518855064815,1.1246108893997204,0
pc_gipmnn,2026071103,64000,4362.495866199955,0.001,0.2270137071609497,0.17441190779209137,0.0017400986980646849,0.050861701369285583,0.968701024805141,0.00010216267016826894,0.05151312778575952,1.0872106495379903,0
pc_gipmnn,2026071103,65000,4430.437040599994,0.001,0.1890634298324585,0.12161844223737717,0.0017742475029081106,0.06567074358463287,0.968660621860806,0.00014386678281787517,0.050640823148036085,1.068800218400542,0
pc_gipmnn,2026071103,66000,4498.343925399939,0.001,1.0434799194335938,1.00331449508667,0.0016730816569179296,0.038492362946271896,0.968747914116341,5.376329857453999e-05,0.06132004101130059,1.2941905196450179,0
pc_gipmnn,2026071103,67000,4566.529999099905,0.001,1.1474717855453491,1.0977990627288818,0.0014634925173595548,0.04820917919278145,0.9686394710638511,0.00016569873673506324,0.05478623340826559,1.1562912012888202,0
pc_gipmnn,2026071103,68000,4634.666943100048,0.001,0.3399897813796997,0.2923007905483246,0.0014630374498665333,0.04622597619891167,0.9687345471183317,6.756077793998741e-05,0.06060273493576062,1.2790514116578506,0
pc_gipmnn,2026071103,69000,4702.902062899899,0.001,0.2096589356660843,0.16964995861053467,0.00141817273106426,0.03859080746769905,0.9687663060264283,3.477908089561213e-05,0.05001654607374263,1.0556245345970459,0
pc_gipmnn,2026071103,70000,4771.047797200037,0.001,0.4105457663536072,0.3720476031303406,0.0014051697216928005,0.037092987447977066,0.9686987087260692,0.0001045533380788298,0.050240265044179895,1.060346236765368,0
pc_gipmnn,2026071103,71000,4839.4568838998675,0.001,2.1779658794403076,2.1407973766326904,0.001246706466190517,0.03592178225517273,0.9687926040508932,7.634134090435892e-06,0.06432019007989753,1.3575101850931288,0
pc_gipmnn,2026071103,72000,4907.435270800022,0.001,0.12937721610069275,0.06108603999018669,0.0013212397461757064,0.06696993112564087,0.968822175494014,2.288965112918458e-05,0.07725684320628101,1.6305448007910557,0
pc_gipmnn,2026071103,73000,4975.8170672999695,0.001,0.13099154829978943,0.08018150925636292,0.001193382777273655,0.04961665719747543,0.96877635906241,2.440228900701598e-05,0.06208789638964786,1.310396496267446,0
pc_gipmnn,2026071103,74000,5044.093394200085,0.001,0.33538779616355896,0.29759591817855835,0.0011264642234891653,0.0366654209792614,0.9687711076112802,2.982286201469517e-05,0.06647666856256891,1.4030237555680318,0
pc_gipmnn,2026071103,75000,5112.202810799936,0.001,1.2382571697235107,1.1994998455047607,0.0009943415643647313,0.037763047963380814,0.9687890898435457,1.1261515745529594e-05,0.06817005435108084,1.4387635202102285,0
pc_gipmnn,2026071103,76000,5180.0629119998775,0.001,0.18817107379436493,0.12890832126140594,0.0010879605542868376,0.05817478895187378,0.9688005781554643,5.967748392665316e-07,0.05893945434255239,1.2439470324086108,0
pc_gipmnn,2026071103,77000,5248.123748400016,0.001,0.15370731055736542,0.11347126960754395,0.001049489714205265,0.03918655589222908,0.9687461496330323,5.558460669663543e-05,0.05766312203901347,1.2170093927737589,0
pc_gipmnn,2026071103,78000,5316.53222929989,0.001,0.45667365193367004,0.40541359782218933,0.0011085025034844875,0.050151560455560684,0.9687188940836091,8.371791534979132e-05,0.054237362507798835,1.1447070029716306,0
pc_gipmnn,2026071103,79000,5384.493869700003,0.001,1.595872402191162,1.5145375728607178,0.0010172821348533034,0.08031746000051498,0.9687333946584317,6.875035256846257e-05,0.06723067534927198,1.4189374506505135,0
pc_gipmnn,2026071103,80000,5452.516745500034,0.001,0.37393227219581604,0.3292800188064575,0.0010665199952200055,0.04358574375510216,0.9687811385737205,1.9468854541177573e-05,0.08091923276358978,1.7078413871296465,0
pc_gipmnn,2026071103,81000,5520.361317900009,0.001,0.1588319092988968,0.12390515953302383,0.0009118563029915094,0.03401489555835724,0.9687387470741293,6.322556345031952e-05,0.053521792182373816,1.1296045288696697,0
pc_gipmnn,2026071103,82000,5588.950104800053,0.001,0.11526582390069962,0.08385851234197617,0.0009172471472993493,0.03049006126821041,0.9687995028084826,5.132034655256409e-07,0.07044699081089313,1.4868194172958176,0
pc_gipmnn,2026071103,83000,5660.1968095998745,0.001,0.20565664768218994,0.17899246513843536,0.0009450418874621391,0.025719132274389267,0.9687644532087497,3.669156817742044e-05,0.0564299166313227,1.1909819681163905,0
pc_gipmnn,2026071103,84000,5728.00357410009,0.001,0.9716660380363464,0.8987681865692139,0.0007734142709523439,0.0721244066953659,0.9685924555176424,0.00021422840870933345,0.04836887864461401,1.0208496790826282,0
pc_gipmnn,2026071103,85000,5795.924597499892,0.001,0.24537992477416992,0.2085941880941391,0.0008705591899342835,0.035915177315473557,0.9687458257226317,5.591894856349394e-05,0.05393338574286811,1.13829141940584,0
pc_gipmnn,2026071103,86000,5864.033233799972,0.001,0.6563132405281067,0.6147580146789551,0.0008727986132726073,0.040682416409254074,0.9688062091908036,6.4091564859928946e-06,0.06602456652132208,1.3934819130310057,0
pc_gipmnn,2026071103,87000,5932.193028999958,0.001,0.14931315183639526,0.08983413130044937,0.0008684654021635652,0.05861056596040726,0.9687070501256354,9.594330549606685e-05,0.054296889035980955,1.1459633404947331,0
pc_gipmnn,2026071103,88000,6000.431539099896,0.001,1.2073792219161987,1.1816599369049072,0.0008571899961680174,0.024862073361873627,0.968787309868364,1.3098814653139737e-05,0.06019974897951785,1.2705461889685286,0
pc_gipmnn,2026071103,89000,6069.062722800067,0.001,0.2379223257303238,0.20030374825000763,0.0009051267988979816,0.036713454872369766,0.9688012703877337,1.3113003031339381e-06,0.0624058407939115,1.3171068739349423,0
pc_gipmnn,2026071103,90000,6137.148237899877,0.001,0.1844485104084015,0.15174439549446106,0.0007492814329452813,0.03195483237504959,0.9686955675986144,0.00010779562488189417,0.05990384389126545,1.264300962226746,0
pc_gipmnn,2026071103,91000,6205.177869299892,0.001,0.9801648259162903,0.9220594763755798,0.0009277149219997227,0.057177651673555374,0.9687301090607566,7.214176222477978e-05,0.06259930864371256,1.3211901108822643,0
pc_gipmnn,2026071103,92000,6273.055336100049,0.001,0.13010092079639435,0.07881547510623932,0.0008644649060443044,0.05042098090052605,0.9686561738013932,0.00014845809104743572,0.046069986192359455,0.9723303896574461,0
pc_gipmnn,2026071103,93000,6341.315172800096,0.001,0.22233232855796814,0.1704046130180359,0.0009804542642086744,0.05094725638628006,0.9688375028981907,3.871067112996601e-05,0.08858074033812278,1.869541384481602,0
pc_gipmnn,2026071103,94000,6409.28046020004,0.001,0.15313953161239624,0.11369086056947708,0.0009643133962526917,0.0384843610227108,0.9688308433486175,3.1836652165019455e-05,0.07024702840759987,1.482599109508028,0
pc_gipmnn,2026071103,95000,6477.1883695998695,0.001,0.2886289060115814,0.2629230320453644,0.0007729909266345203,0.024932894855737686,0.968703527567912,9.957930644920583e-05,0.054117793737154994,1.1421834435143834,0
pc_gipmnn,2026071103,96000,6545.355774899945,0.001,0.3830659091472626,0.3526749908924103,0.0007589907036162913,0.02963191643357277,0.9686451713658375,0.00015981485772346824,0.04499105090518547,0.9495589140200813,0
pc_gipmnn,2026071103,97000,6613.309955599951,0.001,0.5295042991638184,0.5038195848464966,0.0008083003922365606,0.024876439943909645,0.9687456807755968,5.6068563587162574e-05,0.045492219373052686,0.9601363283394755,0
pc_gipmnn,2026071103,98000,6681.556349700084,0.001,0.3083943724632263,0.2653714120388031,0.0007866432424634695,0.042236316949129105,0.9687572058747305,4.4172301062685425e-05,0.08198897427848889,1.7304188235471791,0
pc_gipmnn,2026071103,99000,6749.531105699949,0.001,0.24991658329963684,0.20983552932739258,0.0007214711513370275,0.03935958817601204,0.9687834162953164,1.7117779400912166e-05,0.055606469586818474,1.17360270122662,0
pc_gipmnn,2026071103,100000,6817.692785399966,0.001,0.2086160033941269,0.17428728938102722,0.0007661216077394783,0.033562589436769485,0.9688137799889956,1.4223770639610539e-05,0.06882763953097086,1.452642188450452,0
pc_gipmnn,2026071103,101000,6885.62011020002,0.001,0.13511958718299866,0.08818406611680984,0.0007895287126302719,0.04614598676562309,0.9687493570675579,5.227387741748312e-05,0.06062584117029741,1.279539080439362,0
pc_gipmnn,2026071103,102000,6953.611328100087,0.001,0.8896889686584473,0.8492415547370911,0.000635268515907228,0.03981214016675949,0.9686900054716134,0.00011353687901172469,0.04606917242459078,0.9723132146765745,0
pc_gipmnn,2026071103,103000,7021.360827299999,0.001,0.06949198991060257,0.04082877188920975,0.0007236168021336198,0.027939604595303535,0.968689089385857,0.00011448246711708693,0.04619598672350092,0.9749896946772107,0
pc_gipmnn,2026071103,104000,7089.529873599997,0.001,0.07888315618038177,0.05315128341317177,0.0007477054605260491,0.024984164163470268,0.9687598020320594,4.149253503368716e-05,0.047578796468325954,1.0041745946334175,0
pc_gipmnn,2026071103,105000,7157.499207800021,0.001,0.8007793426513672,0.7568992972373962,0.0006561724003404379,0.04322383180260658,0.9687632605857578,3.7922599341663864e-05,0.06035257116129974,1.2737715785082573,0
pc_gipmnn,2026071103,106000,7225.828893800033,0.001,0.23639711737632751,0.17924028635025024,0.000677937816362828,0.05647888034582138,0.9687549812730488,4.646854557305296e-05,0.09163118564929583,1.9339225776006381,0
pc_gipmnn,2026071103,107000,7294.19482799992,0.001,1.0625040531158447,1.0304675102233887,0.0006973921554163098,0.03133915737271309,0.9687530091463142,4.850418423385397e-05,0.05831125440555753,1.2306885546011594,0
pc_gipmnn,2026071103,108000,7362.404074100079,0.001,0.2792056202888489,0.23005419969558716,0.0006294279010035098,0.04852200299501419,0.9687739793657729,2.6858623273199046e-05,0.049496384978729026,1.044646271263355,0
pc_gipmnn,2026071103,109000,7430.514729900053,0.001,0.22220122814178467,0.19185999035835266,0.0006516635767184198,0.029689587652683258,0.9687786299121178,2.2058307062517077e-05,0.07404326183127648,1.5627205384284097,0
pc_gipmnn,2026071103,110000,7498.480722399894,0.001,0.1170998364686966,0.06129324436187744,0.000740841671358794,0.05506574735045433,0.9687507129006706,5.087437998491641e-05,0.05697422350233281,1.2024698402805516,0
pc_gipmnn,2026071103,111000,7566.734917300055,0.001,0.08094140887260437,0.060251783579587936,0.0005853174952790141,0.0201043039560318,0.9687808354213797,1.978176983926379e-05,0.04577875215298249,0.9661837477677231,0
pc_gipmnn,2026071103,112000,7634.8099239000585,0.001,0.1413349211215973,0.10253997147083282,0.000686401966959238,0.038108546286821365,0.9687785013566037,2.2191002679902325e-05,0.08184335236057584,1.7273453992228074,0
pc_gipmnn,2026071103,113000,7703.034419900039,0.001,0.4554632306098938,0.4278610050678253,0.0006327637238427997,0.02696944773197174,0.9687512572075252,5.0312543842690454e-05,0.05196456423529598,1.0967384444248958,0
pc_gipmnn,2026071103,114000,7771.12845349987,0.001,0.11516545712947845,0.06753572076559067,0.0006441842415370047,0.046985551714897156,0.9686775333772903,0.00012641063450624418,0.045494351021938655,0.9601813178687376,0
pc_gipmnn,2026071103,115000,7838.958307099994,0.001,0.41612327098846436,0.38893041014671326,0.00059193727793172,0.02660094015300274,0.9687124201885711,9.040030081433561e-05,0.053336253651076776,1.1256886442049931,0
pc_gipmnn,2026071103,116000,7906.861873100046,0.001,0.11375971138477325,0.05683022737503052,0.0005932634812779725,0.05633622035384178,0.9686619032313689,0.00014254414598583782,0.04389780287529222,0.9264853606992723,0
pc_gipmnn,2026071103,117000,7975.010910599958,0.001,0.1750708818435669,0.15075014531612396,0.000588305527344346,0.02373243123292923,0.968756699812094,4.4694661339794013e-05,0.05555038984540748,1.1724191098838666,0
pc_gipmnn,2026071103,118000,8043.259151699953,0.001,0.05726924538612366,0.04420078173279762,0.000628020497970283,0.01244044117629528,0.9688120539063347,1.2442099850063324e-05,0.06716751264256356,1.4176043697381557,0
pc_gipmnn,2026071103,119000,8111.29091849993,0.001,0.3568653464317322,0.3307875692844391,0.0005801694933325052,0.025497617200016975,0.9687976473020767,2.428466064469431e-06,0.05236914243946124,1.1052772723129787,0
pc_gipmnn,2026071103,120000,8179.193757500034,0.001,0.833034098148346,0.8006844520568848,0.000617900223005563,0.031731702387332916,0.9687038833549665,9.921206134754958e-05,0.04968325512985515,1.0485902604388921,0
pc_gipmnn,2026071103,121000,8247.681323199999,0.001,0.16181673109531403,0.13016653060913086,0.0005749242845922709,0.03107527084648609,0.9687226889119103,7.980087540227759e-05,0.04592234515061147,0.9692143507020002,0
pc_gipmnn,2026071103,122000,8315.76084959996,0.001,0.09700009226799011,0.046652600169181824,0.0005715067381970584,0.04977598041296005,0.9687297280281417,7.253506591481334e-05,0.06560671381582521,1.3846629200697582,0
pc_gipmnn,2026071103,123000,8383.690302799921,0.001,0.1078280583024025,0.08524220436811447,0.0005970341735519469,0.02198881469666958,0.9688085902949735,8.86694361422903e-06,0.0726100238003043,1.5324713239548406,0
pc_gipmnn,2026071103,124000,8451.787927200086,0.001,0.16005593538284302,0.13623708486557007,0.0006985586369410157,0.023120304569602013,0.9687765188342237,2.4237371775731804e-05,0.0762642982954509,1.6095966377968152,0
pc_gipmnn,2026071103,125000,8520.062982300064,0.001,0.3587825894355774,0.3220166862010956,0.000582006701733917,0.03618389368057251,0.9687743039469281,2.652358905026807e-05,0.0655239236922496,1.382915592584572,0
pc_gipmnn,2026071103,126000,8588.531355599873,0.001,0.17377746105194092,0.15643051266670227,0.0006367651512846351,0.016710180789232254,0.968774803298863,2.6008155591439834e-05,0.0654546351660965,1.381453223150556,0
pc_gipmnn,2026071103,127000,8656.361028200015,0.001,0.11796009540557861,0.10320024192333221,0.000589804258197546,0.014170047827064991,0.9687764149367711,2.4344615223843132e-05,0.06295177508964238,1.3286290937220062,0
pc_gipmnn,2026071103,128000,8724.259315300034,0.001,0.21296899020671844,0.1608564555644989,0.00062148756114766,0.05149105563759804,0.9686464647678102,0.00015847980201254112,0.0512957511795543,1.0826228061787277,0
pc_gipmnn,2026071103,129000,8792.334287900012,0.001,0.10792206227779388,0.07369935512542725,0.0006142784259282053,0.03360842913389206,0.96874707836876,5.462596123043331e-05,0.06608822933065689,1.3948255488625587,0
pc_gipmnn,2026071103,130000,8860.599288899917,0.001,0.10114260762929916,0.07304556667804718,0.000528413278516382,0.027568630874156952,0.9688192886966888,1.990988510401365e-05,0.07495375668029887,1.5819369933158622,0
pc_gipmnn,2026071103,131000,8928.73255659989,0.001,0.1831660270690918,0.13935455679893494,0.0007587387226521969,0.043052736669778824,0.9687497991163081,5.181759258040636e-05,0.07304311704977778,1.5416119763149319,0
pc_gipmnn,2026071103,132000,8996.78660709993,0.001,1.0885486602783203,1.0704971551895142,0.0005518662510439754,0.017499679699540138,0.9687357171225326,6.635309400020967e-05,0.0731484998183411,1.5438361330141006,0
pc_gipmnn,2026071103,133000,9064.701352200005,0.001,0.07068633288145065,0.06034288555383682,0.0005348411505110562,0.009808607399463654,0.968785147219574,1.5331111092084265e-05,0.06129080969153167,1.2935735778377762,0
pc_gipmnn,2026071103,134000,9132.714271900011,0.001,0.42253249883651733,0.39701154828071594,0.000567804032471031,0.024953162297606468,0.9688425352935405,4.390513371230379e-05,0.07504934309526906,1.5839543930113138,0
pc_gipmnn,2026071103,135000,9201.106892300071,0.001,0.7580697536468506,0.7244435548782349,0.0005412423051893711,0.03308489918708801,0.968822569635056,2.3296485400474903e-05,0.05520101288369954,1.1650453321732241,0
pc_gipmnn,2026071103,136000,9272.540748399915,0.001,0.2532193064689636,0.23421257734298706,0.0005384185933507979,0.01846831478178501,0.9688119075011078,1.2290979673616421e-05,0.06203683886262286,1.3093189013026922,0
pc_gipmnn,2026071103,137000,9340.95120660006,0.001,0.2510031759738922,0.2261216640472412,0.0005273296847008169,0.024354184046387672,0.9687979230011692,2.143888140806523e-06,0.07565423707173606,1.596720986719066,0
pc_gipmnn,2026071103,138000,9409.017228799872,0.001,0.15513856709003448,0.1280830204486847,0.0004756226553581655,0.026579931378364563,0.9688478658932618,4.940740427516324e-05,0.0687542520375102,1.451093308235584,0
pc_gipmnn,2026071103,139000,9476.943062199978,0.001,0.24274419248104095,0.22148333489894867,0.0005302675999701023,0.020730582997202873,0.9688446885801302,4.612776644320919e-05,0.0638251194313498,1.3470614683385704,0
pc_gipmnn,2026071103,140000,9545.26109610009,0.001,0.27441543340682983,0.1921251118183136,0.0005525630549527705,0.08173776417970657,0.9688160419503847,1.6558578018928104e-05,0.08464260898367668,1.7864251278714396,0
pc_gipmnn,2026071103,141000,9613.099552199943,0.001,0.10744589567184448,0.08703473955392838,0.0004991558962501585,0.0199119932949543,0.9688329987110605,3.4061427601723864e-05,0.07179806038489328,1.5153344248726974,0
pc_gipmnn,2026071103,142000,9681.120328899939,0.001,0.054582178592681885,0.02566080540418625,0.0006040989537723362,0.028317276388406754,0.9688361988083422,3.7364583342442476e-05,0.0799006057981438,1.6863427491640912,0
pc_gipmnn,2026071103,143000,9749.226916499902,0.001,0.14781662821769714,0.13472197949886322,0.0005113311344757676,0.012583321891725063,0.968800701646387,7.242427611388606e-07,0.061627711207113536,1.3006840549400296,0
pc_gipmnn,2026071103,144000,9817.693544100039,0.001,0.2944590151309967,0.2744225561618805,0.0005488854367285967,0.019487565383315086,0.9687754506813542,2.533992428346075e-05,0.05883499741710645,1.2417424160973058,0
pc_gipmnn,2026071103,145000,9885.356826999923,0.001,1.1726257801055908,1.1466295719146729,0.0004445390368346125,0.025551682338118553,0.9688235660872676,2.4325028145760162e-05,0.07060735910125177,1.4902040712786089,0
pc_gipmnn,2026071103,146000,9953.29568780004,0.001,0.06371287256479263,0.04145444184541702,0.0005570490611717105,0.021701382473111153,0.9687803326339812,2.0300749400053506e-05,0.05610923817969191,1.1842138869946162,0
pc_gipmnn,2026071103,147000,10021.294340800028,0.001,0.6196131706237793,0.589832603931427,0.0004415003932081163,0.029339073225855827,0.9687529237312826,4.8592350038564125e-05,0.0790427663599838,1.6682376133889913,0
pc_gipmnn,2026071103,148000,10089.521779200062,0.001,0.11130068451166153,0.04613686725497246,0.0005204027984291315,0.06464341282844543,0.9687537448269586,4.77448111492094e-05,0.08845117974604241,1.8668069425728122,0
pc_gipmnn,2026071103,149000,10157.603223900078,0.001,0.12838174402713776,0.07588651031255722,0.00045986039913259447,0.0520353727042675,0.968714418367363,8.833777109511155e-05,0.042796473206782544,0.9032412403027067,0
pc_gipmnn,2026071103,150000,10225.780225999886,0.001,0.1261872947216034,0.09440845251083374,0.0005244442727416754,0.031254395842552185,0.9687764704866988,2.4287276322462277e-05,0.059938827280534485,1.2650393043737889,0
pc_gipmnn,2026071103,151000,10293.788509099977,0.001,0.6691288948059082,0.6491665840148926,0.00048752481234259903,0.019474824890494347,0.9687482585202668,5.340780319280724e-05,0.0772417896293825,1.6302270874270803,0
pc_gipmnn,2026071103,152000,10362.190376600018,0.001,0.19802269339561462,0.16568997502326965,0.00048278883332386613,0.0318499319255352,0.9687383847438233,6.359956252750858e-05,0.05401472698682786,1.1400081675529825,0
pc_gipmnn,2026071103,153000,10430.183178399922,0.001,0.7075814604759216,0.6611059904098511,0.0005103392177261412,0.04596512019634247,0.9687405597372613,6.135452388391967e-05,0.05484678932139584,1.157569264502561,0
pc_gipmnn,2026071103,154000,10498.136068799999,0.001,0.049015533179044724,0.03800385445356369,0.00045196208520792425,0.010559714399278164,0.9688016131867426,1.6651390819908932e-06,0.06188893863669329,1.3061973921338361,0
pc_gipmnn,2026071103,155000,10566.2816323,0.001,0.10410907119512558,0.03742775321006775,0.0004639768158085644,0.066217340528965,0.9687104212407207,9.246362435929517e-05,0.04830519123245881,1.0195055239960915,0
pc_gipmnn,2026071103,156000,10634.097668099916,0.001,0.5910168290138245,0.5656856894493103,0.0004331415693741292,0.024897998198866844,0.9687963211349899,3.7973420830620675e-06,0.057731875241508794,1.2184604639308751,0
pc_gipmnn,2026071103,157000,10702.058459500084,0.001,0.3378588557243347,0.3244628608226776,0.0004690389905590564,0.0129269789904356,0.9687932459645495,6.971547739960358e-06,0.057885172367055954,1.221695877399294,0
pc_gipmnn,2026071103,158000,10770.286806599936,0.001,0.20188383758068085,0.15276020765304565,0.00047132099280133843,0.04865230619907379,0.9688100367546996,1.0359986271234165e-05,0.05488143282954997,1.158300433286549,0
pc_gipmnn,2026071103,159000,10838.284758100053,0.001,0.42120280861854553,0.4096963405609131,0.0005080478149466217,0.010998428799211979,0.9687673859060597,3.366442396809079e-05,0.053150232248706214,1.1217625683017711,0
pc_gipmnn,2026071103,160000,10906.390267899958,0.001,1.7937649488449097,1.758453607559204,0.0004731876833830029,0.034838248044252396,0.9688580475501012,5.991695922914155e-05,0.07884046140912108,1.66396786494842,0
pc_gipmnn,2026071103,161000,10974.67759769992,0.001,0.678336501121521,0.660711407661438,0.0004351705138105899,0.017189938575029373,0.9687776249805542,2.309560223554627e-05,0.05426345869364766,1.1452577761897735,0
pc_gipmnn,2026071103,162000,11042.580044199945,0.001,0.5507981181144714,0.5314250588417053,0.0004305288312025368,0.018942562863230705,0.9687782892025707,2.2409989088870128e-05,0.05437322487118339,1.14757444695518,0
pc_gipmnn,2026071103,163000,11110.93265209999,0.001,0.13582992553710938,0.11913424730300903,0.0004264420422259718,0.016269229352474213,0.9688187100875315,1.931264196068841e-05,0.06389502819138158,1.3485369281226987,0
pc_gipmnn,2026071103,164000,11178.961377100088,0.001,0.4771003723144531,0.4485999345779419,0.0004253649094607681,0.02807506173849106,0.9687672614707156,3.3792866726286354e-05,0.049494339915458714,1.0446031091673607,0
pc_gipmnn,2026071103,165000,11247.176269399934,0.001,0.1577518731355667,0.12943583726882935,0.0004331703530624509,0.027882853522896767,0.9687370923854464,6.493354103388846e-05,0.05089775133464205,1.0742228178941358,0
pc_gipmnn,2026071103,166000,11315.674256399972,0.001,0.4776405692100525,0.46202707290649414,0.0004120761586818844,0.015201419591903687,0.96879265554114,7.580985611034537e-06,0.04853821272670543,1.0244235606404557,0
pc_gipmnn,2026071103,167000,11390.014189400012,0.001,0.06031907722353935,0.04213280975818634,0.00045368573046289384,0.017732582986354828,0.9688065352676397,6.745734557925166e-06,0.0703485248420259,1.4847412431570863,0
pc_gipmnn,2026071103,168000,11464.706172300037,0.001,0.324884831905365,0.2932766377925873,0.0004383646883070469,0.0311698280274868,0.9686981402341944,0.00010514013811474768,0.04268875212663476,0.9009677323533645,0
pc_gipmnn,2026071103,169000,11544.003396499902,0.001,0.17169950902462006,0.11900085210800171,0.00047497308696620166,0.05222368612885475,0.9687024969851211,0.00010064307894186074,0.052108505879418995,1.0997764057199932,0
pc_gipmnn,2026071103,170000,11621.873582500033,0.001,0.30465227365493774,0.2922857105731964,0.00042352036689408123,0.011943032033741474,0.9687946555953968,5.516520028078564e-06,0.06261135728773065,1.3214444036160202,0
pc_gipmnn,2026071103,171000,11706.446709800046,0.001,0.1965334117412567,0.14838245511054993,0.0003995489969383925,0.04775141552090645,0.9687479418408793,5.373468117328919e-05,0.04620406241543403,0.9751601362452045,0
pc_gipmnn,2026071103,172000,11775.487958899932,0.001,0.3480115830898285,0.2897244989871979,0.00047015471500344574,0.05781691148877144,0.9688308588041423,3.185260543180303e-05,0.06675434698118526,1.4088842992166748,0
pc_gipmnn,2026071103,173000,11844.376859700074,0.001,0.15310709178447723,0.12627212703227997,0.000384163431590423,0.02645079419016838,0.968790294864425,1.0017687422550228e-05,0.06488890053831084,1.3695131073280606,0
pc_gipmnn,2026071103,174000,11913.173459199956,0.001,0.5608850121498108,0.5303691625595093,0.00045535762910731137,0.030060451477766037,0.9687289755549386,7.331177235895102e-05,0.05116308703900699,1.0798228623078236,0
pc_gipmnn,2026071103,175000,11981.95238979999,0.001,0.0678388774394989,0.03378520905971527,0.00042788853170350194,0.033625777810811996,0.9687673470418267,3.3704539815586655e-05,0.04890239672550757,1.032109848367649,0
pc_gipmnn,2026071103,176000,12050.452488299925,0.001,0.16526193916797638,0.15012282133102417,0.00041404328658245504,0.014725069515407085,0.9687871314769027,1.3282951173970305e-05,0.052254091902807435,1.1028490724722448,0
pc_gipmnn,2026071103,177000,12119.201048200019,0.001,0.6208560466766357,0.5769822597503662,0.0003807673347182572,0.04349302500486374,0.9686949184231918,0.00010846570686232366,0.041380987530311414,0.8733666982611472,0
pc_gipmnn,2026071103,178000,12188.572311199969,0.001,0.23877763748168945,0.21653962135314941,0.0004436731105670333,0.02179434336721897,0.9687883197580108,1.2056401722919943e-05,0.07302768159155784,1.541286203152273,0
pc_gipmnn,2026071103,179000,12266.329680300085,0.001,0.13188767433166504,0.10790647566318512,0.0004019823973067105,0.023579224944114685,0.968775393040971,2.5399420962995394e-05,0.05214637062745775,1.1005755604030676,0
pc_gipmnn,2026071103,180000,12343.086440199986,0.001,0.622302234172821,0.6045772433280945,0.00038046209374442697,0.017344512045383453,0.9688064675087443,6.6757935015838544e-06,0.04181028230675089,0.8824271819242079,0
pc_gipmnn,2026071103,181000,12417.793412999948,0.001,0.32179972529411316,0.3100956678390503,0.0004180259711574763,0.01128601934760809,0.9687945208024915,5.6556539104918125e-06,0.06790819874696097,1.4332369250746284,0
pc_gipmnn,2026071103,182000,12493.92068520002,0.001,0.6161511540412903,0.567251980304718,0.000409490370657295,0.048489686101675034,0.9688250008344664,2.5805981076009123e-05,0.07142070269681985,1.5073700997619268,0
pc_gipmnn,2026071103,183000,12568.798971700016,0.001,0.9402905702590942,0.9023929834365845,0.00039313037996180356,0.03750443086028099,0.9688071167138667,7.345906138172671e-06,0.06265238423497688,1.3223102981147903,0
pc_gipmnn,2026071103,184000,12643.093283999944,0.001,0.4236488938331604,0.4068582057952881,0.00035735679557546973,0.016433315351605415,0.9688065212262766,6.731240995711851e-06,0.04684324264821015,0.9886503587558336,0
pc_gipmnn,2026071103,185000,12716.646354099968,0.001,0.16516926884651184,0.13840259611606598,0.00041295262053608894,0.026353713124990463,0.9687452367310005,5.6526908546084903e-05,0.04890744037886921,1.0322162972260867,0
pc_gipmnn,2026071103,186000,12789.280933199916,0.001,0.047905705869197845,0.027544211596250534,0.0003842604928649962,0.019977234303951263,0.9687595017269046,4.180251145270393e-05,0.04804712609524111,1.0140589285840549,0
pc_gipmnn,2026071103,187000,12864.60122870002,0.001,0.5049861073493958,0.4868493974208832,0.0003565299848560244,0.017780199646949768,0.9687896607540077,1.067221923230021e-05,0.04945244463866741,1.0437188881337964,0
pc_gipmnn,2026071103,188000,12937.041119500063,0.001,0.041909389197826385,0.028050551190972328,0.00036037759855389595,0.013498462736606598,0.9687930205994869,7.2041706369583096e-06,0.0601757883437672,1.2700404876167073,0
pc_gipmnn,2026071103,189000,13009.48483309988,0.001,0.5290756821632385,0.512751579284668,0.0003741414693649858,0.015949975699186325,0.9688141944712914,1.4651601250373862e-05,0.06614345496061413,1.3959911137505359,0
pc_gipmnn,2026071103,190000,13082.222431400092,0.001,0.13841627538204193,0.0919765755534172,0.00037784368032589555,0.046061862260103226,0.9688398827800183,4.1167196550700656e-05,0.05473311796726161,1.1551701730073576,0
pc_gipmnn,2026071103,191000,13155.113138800021,0.001,0.46912503242492676,0.44543322920799255,0.0003816144890151918,0.023310191929340363,0.9688328945527954,3.395391494160413e-05,0.07190572846844108,1.517606814301958,0
pc_gipmnn,2026071103,192000,13227.719118499896,0.001,0.067495197057724,0.04110078513622284,0.0003491434035822749,0.026045266538858414,0.9688111514300518,1.1510559508479061e-05,0.052081269093277205,1.0992015595550368,0
pc_gipmnn,2026071103,193000,13299.709234100068,0.001,0.060808561742305756,0.043690621852874756,0.0003250205481890589,0.016792917624115944,0.9687665868222277,3.4489242126629884e-05,0.05244672692840376,1.1069147322429616,0
pc_gipmnn,2026071103,194000,13371.910507400054,0.001,0.5442988276481628,0.5256201028823853,0.00037626345874741673,0.01830241270363331,0.9688292357856632,3.0177317984271248e-05,0.06207403582523116,1.3101039620360728,0
pc_gipmnn,2026071103,195000,13444.233939999947,0.001,0.29323047399520874,0.259138822555542,0.00036335294134914875,0.03372831270098686,0.9687466399740116,5.5078474389384726e-05,0.04760297044544514,1.0046847986628635,0
pc_gipmnn,2026071103,196000,13516.235777799971,0.001,0.3016510009765625,0.25244665145874023,0.000342454353813082,0.04886187985539436,0.9688963991589367,9.950367355147233e-05,0.07033990493849653,1.4845593157277501,0
pc_gipmnn,2026071103,197000,13588.48393779993,0.001,1.0519672632217407,1.0283321142196655,0.00033049602643586695,0.023304730653762817,0.9687437599909412,5.8051206708086754e-05,0.04371738440831666,0.9226775375850376,0
pc_gipmnn,2026071103,198000,13660.87246460002,0.001,0.06348811089992523,0.02701592817902565,0.00039757732884027064,0.036074601113796234,0.9688630496499108,6.50801506097993e-05,0.06724271367306452,1.4191915255706826,0
pc_gipmnn,2026071103,199000,13733.427571400069,0.001,0.7861856818199158,0.7473045587539673,0.0003883110184688121,0.03849278762936592,0.9687641068138841,3.7049118616694894e-05,0.0706283197867021,1.4906464571600875,0
pc_gipmnn,2026071103,200000,13805.859066700097,0.001,0.24321377277374268,0.22997356951236725,0.00037189936847425997,0.012868297286331654,0.96879558467365,4.557521005349328e-06,0.045046355912126926,0.9507261541995088,0
pc_gipmnn,2026071103,201000,13878.006886299932,0.001,1.2946916818618774,1.2792551517486572,0.0003432955127209425,0.015093260444700718,0.9687590615170211,4.225689820285404e-05,0.04512451357915272,0.9523757113432118,0
pc_gipmnn,2026071103,202000,13950.491537299938,0.001,0.09822438657283783,0.06620407104492188,0.0004316814010962844,0.031588636338710785,0.9688142705074392,1.473008612632605e-05,0.06907207957027707,1.457801219270954,0
pc_gipmnn,2026071103,203000,14022.67997920001,0.001,0.1054888442158699,0.038001514971256256,0.00033502187579870224,0.06715230643749237,0.9688369458928812,3.813572758171794e-05,0.06370222248030508,1.344467665948483,0
pc_gipmnn,2026071103,204000,14096.36976770009,0.001,0.08265420794487,0.04017690569162369,0.0003394669620320201,0.042137838900089264,0.9687997712287064,2.3613882491285018e-07,0.05838741484670308,1.2322959592812115,0
pc_gipmnn,2026071103,205000,14168.475257900078,0.001,0.20637613534927368,0.16569703817367554,0.0003785374865401536,0.04030056670308113,0.968842284979677,4.3646758543511784e-05,0.08321199121063211,1.756231215268401,0
pc_gipmnn,2026071103,206000,14240.631416999968,0.001,0.1064453274011612,0.09690776467323303,0.00032010627910494804,0.009217459708452225,0.9687962398015266,3.881294873418838e-06,0.051793641252566275,1.0931310283144355,0
pc_gipmnn,2026071103,207000,14312.845038000029,0.001,0.7899079322814941,0.7603840231895447,0.0003566126397345215,0.029167303815484047,0.968871204356873,7.349747819263264e-05,0.06491285121326687,1.3700185984522673,0
pc_gipmnn,2026071103,208000,14385.515339300036,0.001,0.5189090371131897,0.5086575746536255,0.00031226937426254153,0.009939193725585938,0.9688136765876502,1.4117039275566444e-05,0.045831018681913,0.9672868593299635,0
pc_gipmnn,2026071103,209000,14457.683703900082,0.001,0.7652474045753479,0.7515919208526611,0.00035134024801664054,0.013304099440574646,0.968793963822352,6.230571478168847e-06,0.04433564301379118,0.9357261985561972,0
pc_gipmnn,2026071103,210000,14529.99202460004,0.001,0.3805215656757355,0.36234575510025024,0.0003932631516363472,0.017782526090741158,0.9687766524162497,2.4099487768716708e-05,0.047821397615377875,1.0092948147016287,0
pc_gipmnn,2026071103,211000,14602.668710399885,0.001,0.1355697512626648,0.1193373054265976,0.0003541082260198891,0.015878329053521156,0.9687834273985997,1.7106318538718946e-05,0.050169121562648085,1.0588447175586857,0
pc_gipmnn,2026071103,212000,14675.140290299896,0.001,0.04671940952539444,0.03328678011894226,0.0003379262052476406,0.013094705529510975,0.9688088835378058,9.169630270246663e-06,0.05580792604717878,1.1778545418454398,0
pc_gipmnn,2026071103,213000,14747.80287549994,0.001,1.2295584678649902,1.1852129697799683,0.0003420262655708939,0.044003523886203766,0.9686758228236577,0.00012817627615841992,0.04077639444617101,0.8606064550383278,0
pc_gipmnn,2026071103,214000,14820.378793800017,0.001,0.36804822087287903,0.35072240233421326,0.00035963018308393657,0.016966182738542557,0.9688346803010256,3.579717281750876e-05,0.06718971449984404,1.418072951179672,0
pc_gipmnn,2026071103,215000,14893.07356989989,0.001,0.03548511862754822,0.022183820605278015,0.0003413171216379851,0.012959979474544525,0.968829737373062,3.069505889966955e-05,0.06104319102348864,1.2883474604480412,0
pc_gipmnn,2026071103,216000,14965.237944300054,0.001,0.14225611090660095,0.11106187850236893,0.0003494403790682554,0.030844785273075104,0.9688063442687329,6.5485845715485855e-06,0.06134271787991662,1.2946691264413293,0
pc_gipmnn,2026071103,217000,15037.537311099935,0.001,0.9732404351234436,0.9564085006713867,0.00035890188883058727,0.01647302880883217,0.9687812701010761,1.933309137482494e-05,0.04410271085479592,0.9308100473775547,0
pc_gipmnn,2026071103,218000,15109.61838910007,0.001,0.12805704772472382,0.10853234678506851,0.00034263284760527313,0.01918206922709942,0.9687979381679536,2.128232913325146e-06,0.059413286416178615,1.253947498283671,0
pc_gipmnn,2026071103,219000,15182.132560299942,0.001,0.2366074025630951,0.2241355925798416,0.00036786022246815264,0.012103942222893238,0.9688104054906786,1.074059731487973e-05,0.06332028614192176,1.3364067061041716,0
pc_gipmnn,2026071103,220000,15254.96266469988,0.001,0.08495300263166428,0.061094481498003006,0.0003630639403127134,0.02349545620381832,0.9688272027332007,2.807879149532493e-05,0.06969103676750248,1.4708646243748016,0
pc_gipmnn,2026071103,221000,15327.48251989996,0.001,0.35516759753227234,0.3093070089817047,0.0003759742248803377,0.045484598726034164,0.9687187469808255,8.386975554758327e-05,0.04067109389807667,0.8583840336437953,0
pc_gipmnn,2026071103,222000,15399.556961799972,0.001,0.11140063405036926,0.07450639456510544,0.0003471222589723766,0.03654711693525314,0.9687773129646606,2.3417666535264017e-05,0.08831220314837286,1.8638737710975468,0
pc_gipmnn,2026071103,223000,15471.879820999922,0.001,0.5391138195991516,0.5168111324310303,0.0003446667979005724,0.02195800095796585,0.968758573305868,4.2760832093296024e-05,0.05248296295263263,1.1076795118851992,0
pc_gipmnn,2026071103,224000,15544.111182200024,0.001,0.050161637365818024,0.038611844182014465,0.0003403828595764935,0.011209409683942795,0.9688269320514713,2.7799392517864087e-05,0.06345295067843061,1.3392066583320448,0
pc_gipmnn,2026071103,225000,15616.377821099944,0.001,0.04393697530031204,0.030434083193540573,0.0003315139911137521,0.013171380385756493,0.9687600859501261,4.119947344540933e-05,0.040955788476253044,0.8643926568931226,0
pc_gipmnn,2026071103,226000,15688.571809699992,0.001,0.7151864171028137,0.6596232652664185,0.00033406566944904625,0.05522904172539711,0.9688016591864487,1.712620198882142e-06,0.0477479737112067,1.007745166020276,0
pc_gipmnn,2026071103,227000,15760.641222599894,0.001,0.10929924249649048,0.08834407478570938,0.00032702344469726086,0.020628150552511215,0.9687548285781004,4.6626158030178425e-05,0.04611157306167896,0.9732081015951322,0
pc_gipmnn,2026071103,228000,15833.202682199888,0.001,0.1317811757326126,0.11887243390083313,0.0003204806998837739,0.012588268145918846,0.9688257839859987,2.6614353838489423e-05,0.05748709210832362,1.2132941919403055,0
pc_gipmnn,2026071103,229000,15905.375404800056,0.001,0.1376844346523285,0.12986519932746887,0.00034720657276920974,0.007472023833543062,0.9688051405088798,5.306057885823939e-06,0.052844998388770464,1.115320453109273,0
pc_gipmnn,2026071103,230000,15977.970322000096,0.001,0.09550066292285919,0.0548524335026741,0.0004108052235096693,0.0402374267578125,0.9687977124086323,2.3612627659648676e-06,0.070220692735536,1.4820432818120342,0
pc_gipmnn,2026071103,231000,16050.581419199938,0.001,1.7820817232131958,1.76811683177948,0.00034873964614234865,0.013616225682199001,0.9688417335926648,4.307761422873077e-05,0.05860503914144603,1.236889030232499,0
pc_gipmnn,2026071103,232000,16135.86331279995,0.001,0.038518935441970825,0.025727517902851105,0.0003298126393929124,0.012461603619158268,0.9687857630508269,1.4695447123379219e-05,0.053583583754605896,1.130908671294525,0
pc_gipmnn,2026071103,233000,16216.629824399948,0.001,0.08025221526622772,0.06959699839353561,0.00034586075344122946,0.010309357196092606,0.9688015629281209,1.6132618919528867e-06,0.04942636570201443,1.0431684789686675,0
pc_gipmnn,2026071103,234000,16297.199948299909,0.001,0.21785397827625275,0.1809910535812378,0.00032454298343509436,0.03653837740421295,0.9687570621387245,4.432066605647814e-05,0.039541889336872964,0.8345515995203344,0
pc_gipmnn,2026071103,235000,16375.130422000075,0.001,0.2698202431201935,0.25065192580223083,0.00032195853418670595,0.01884636841714382,0.9687714287580316,2.949137279977553e-05,0.043214361483765465,0.9120609840181817,0
pc_gipmnn,2026071103,236000,16462.316655900097,0.001,0.13393226265907288,0.11523095518350601,0.000345981476129964,0.018355324864387512,0.9688049342948756,5.0932028030350865e-06,0.05026633015157885,1.0608963540570873,0
pc_gipmnn,2026071103,237000,16551.88988770009,0.001,0.45802685618400574,0.449066698551178,0.0003177400503773242,0.008642408065497875,0.9688172037542357,1.7757797518322256e-05,0.05363342823573922,1.1319606643114164,0
pc_gipmnn,2026071103,238000,16638.79158760002,0.001,0.11291765421628952,0.09905127435922623,0.00032178725814446807,0.013544587418437004,0.9688240858622131,2.486154233396082e-05,0.05866448386640545,1.238143641257159,0
pc_gipmnn,2026071103,239000,16727.571598900016,0.001,0.8014256358146667,0.7671481966972351,0.00037239654920995235,0.0339050367474556,0.9687540425802336,4.743746879276342e-05,0.05330978981706389,1.125130111586161,0
pc_gipmnn,2026071103,240000,16814.263628799934,0.001,0.37960678339004517,0.33216413855552673,0.00030810825410299003,0.047134555876255035,0.9687484346459904,5.3226005377405635e-05,0.040682205118784925,0.8586185415838612,0
pc_gipmnn,2026071103,241000,16912.35962640005,0.001,0.048287589102983475,0.03206867352128029,0.0003349732141941786,0.01588394120335579,0.9687972954674126,2.7916314899242725e-06,0.056120844820673525,1.1844588510304452,0
pc_gipmnn,2026071103,242000,17007.280134300003,0.001,0.8110536336898804,0.789198637008667,0.000354868738213554,0.021500108763575554,0.9687947753670064,5.392891198980535e-06,0.06621058604028188,1.3974079491838898,0
pc_gipmnn,2026071103,243000,17096.28529280005,0.001,0.3918125033378601,0.380810022354126,0.000312053452944383,0.010690421797335148,0.968758290960636,4.305227019401055e-05,0.043948512787593444,0.9275556190792394,0
pc_gipmnn,2026071103,244000,17186.298322000075,0.001,0.07560358941555023,0.056613944470882416,0.00034973002038896084,0.018639912828803062,0.9688003860756598,3.9850914510230094e-07,0.059912467221375484,1.2644829619758022,0
pc_gipmnn,2026071103,245000,17273.778641700046,0.001,0.08845828473567963,0.07280077785253525,0.00030698528280481696,0.015350517816841602,0.9687828550242453,1.769712608863359e-05,0.04368695487378831,0.9220353068484902,0
pc_gipmnn,2026071103,246000,17364.73520980007,0.001,0.43147382140159607,0.3907458484172821,0.0004225868615321815,0.04030538350343704,0.9687995811642992,4.3232421633812765e-07,0.08303268302762802,1.7524468252596614,0
pc_gipmnn,2026071103,247000,17452.630286399974,0.001,0.05487311631441116,0.02647331729531288,0.0003730804310180247,0.028026718646287918,0.968723861023477,7.859101622938942e-05,0.03758095888488762,0.7931651692637897,0
pc_gipmnn,2026071103,248000,17543.672943699872,0.001,0.13089591264724731,0.0913660079240799,0.0003191496944054961,0.03921075910329819,0.968673809024509,0.0001302549292847309,0.03964687217040986,0.8367673153882328,0
pc_gipmnn,2026071103,249000,17633.98162769992,0.001,0.32743310928344727,0.31564611196517944,0.0003296540235169232,0.011457346379756927,0.9687772728826677,2.3459039360353735e-05,0.04375751265998128,0.9235244646584345,0
pc_gipmnn,2026071103,250000,17722.5954471,0.001,0.1538262963294983,0.1090167835354805,0.00036333262687548995,0.044446177780628204,0.9687959314107089,4.199617352538836e-06,0.05898973914190741,1.2450083185645597,0
pc_gipmnn,2026071103,251000,17813.521241599927,0.001,0.24129372835159302,0.21150438487529755,0.0003642876399680972,0.029425060376524925,0.9688354733219242,3.661573278717753e-05,0.05086423942641423,1.073515532099665,0
pc_gipmnn,2026071103,252000,17901.55968159996,0.001,0.2736930847167969,0.2656475603580475,0.0003274496702942997,0.007718089502304792,0.9688096690149612,9.980403552068945e-06,0.051592153154265796,1.0888785199608662,0
pc_gipmnn,2026071103,253000,17992.72483359999,0.001,1.1949158906936646,1.179957628250122,0.0003422816516831517,0.01461601722985506,0.9687885301859851,1.1839196960050803e-05,0.05238755805702785,1.105665943247881,0
pc_gipmnn,2026071103,254000,18080.824951499933,0.001,0.48833683133125305,0.47579818964004517,0.00034706370206549764,0.01219156477600336,0.9688144849370818,1.4951421430411162e-05,0.05194588142722523,1.096344134299091,0
pc_gipmnn,2026071103,255000,18171.836381400004,0.001,0.5043987035751343,0.4806864261627197,0.00038163919816724956,0.02333064004778862,0.9688127512069832,1.3161856919060572e-05,0.05715390576175099,1.2062621253614527,0
pc_gipmnn,2026071103,256000,18261.620837100083,0.001,0.040175504982471466,0.020552678033709526,0.0003886391350533813,0.0192341860383749,0.9688133052676697,1.3733761013355408e-05,0.06610851521626887,1.395253692751712,0
pc_gipmnn,2026071103,257000,18350.669221000047,0.001,0.48468196392059326,0.4656407833099365,0.00039201256004162133,0.01864917390048504,0.9688056608599899,5.843166793843449e-06,0.051459334613172536,1.0860753173882471,0
pc_gipmnn,2026071103,258000,18441.4026244001,0.001,0.27055734395980835,0.2267245650291443,0.0003596091119106859,0.04347315430641174,0.9686927873468438,0.00011066541407531323,0.03885463444108362,0.8200467369005218,0
pc_gipmnn,2026071103,259000,18530.812282799976,0.001,0.07361139357089996,0.05915788188576698,0.0003482548927422613,0.014105252921581268,0.9687674770194333,3.35703763074553e-05,0.03988224339236677,0.8417349442258873,0
pc_gipmnn,2026071103,260000,18622.866503000027,0.001,1.3890349864959717,1.3257887363433838,0.0006102080224081874,0.06263600289821625,0.9688040609365591,4.191718165912443e-06,0.09573644722104697,2.0205662020862154,0
pc_gipmnn,2026071103,261000,18711.082802599994,0.001,0.39929789304733276,0.38380691409111023,0.0004054315504617989,0.015085550025105476,0.9688122925586582,1.2688437921346114e-05,0.05032799773916558,1.0621978797232137,0
pc_gipmnn,2026071103,262000,18803.637541000033,0.001,0.09754560887813568,0.08664999157190323,0.0003434238606132567,0.01055219117552042,0.9688253649354835,2.6181807889710648e-05,0.051790312201051555,1.093060766996297,0
pc_gipmnn,2026071103,263000,18894.04330400005,0.001,0.06170065701007843,0.038016170263290405,0.0003629544808063656,0.02332152985036373,0.9687893656716278,1.0976804678187101e-05,0.04646454087552293,0.9806576660586085,0
pc_gipmnn,2026071103,264000,19004.933973300038,0.001,0.2533852458000183,0.243228018283844,0.00036488642217591405,0.009792354889214039,0.9688213850210373,2.2073721136791314e-05,0.0527544973202237,1.1134103822254426,0
pc_gipmnn,2026071103,265000,19130.016087200027,0.001,0.06487156450748444,0.03526574745774269,0.00040709730819799006,0.029198717325925827,0.9688402710693623,4.156799067127356e-05,0.06052169135831719,1.2773409459132816,0
pc_gipmnn,2026071103,266000,19241.35089910007,0.001,0.10075446218252182,0.05558337643742561,0.0004037726321257651,0.044767312705516815,0.9688404832710699,4.1787026290120585e-05,0.07345536264782795,1.5503126284339284,0
pc_gipmnn,2026071103,267000,19354.207118500024,0.001,0.3302093744277954,0.32035017013549805,0.00038176769157871604,0.009477443061769009,0.9688254206528679,2.6239319640714915e-05,0.056098091398003126,1.1839786285220473,0
pc_gipmnn,2026071103,268000,19466.30103969993,0.001,0.26902419328689575,0.2592788338661194,0.0003533497219905257,0.009392010979354382,0.9687980552203549,2.0074108640609017e-06,0.05492620558547301,1.1592453849744204,0
pc_gipmnn,2026071103,269000,19578.710098499898,0.001,0.030156558379530907,0.022158456966280937,0.0003395003150217235,0.007658600341528654,0.9687929836543268,7.242305608214916e-06,0.04554574724698477,0.9612660612267527,0
pc_gipmnn,2026071103,270000,19689.35724209994,0.001,0.846700131893158,0.8322733640670776,0.00035387094249017537,0.014072890393435955,0.9687682003098537,3.282379247143683e-05,0.0452359412622981,0.9547274490259409,0
pc_gipmnn,2026071103,271000,19800.61609850009,0.001,0.47641754150390625,0.4450303912162781,0.0003805440792348236,0.031006619334220886,0.9687930437938951,7.180229257755286e-06,0.06324863242223637,1.33489441806286,0
pc_gipmnn,2026071103,272000,19912.947373700095,0.001,1.4177820682525635,1.3869996070861816,0.0003904856857843697,0.030391935259103775,0.9688283132963996,2.922512014825464e-05,0.04902715019823159,1.0347428335879696,0
pc_gipmnn,2026071103,273000,20026.669930800097,0.001,0.807093620300293,0.7759370803833008,0.00036406348226591945,0.030792493373155594,0.9688089172517985,9.204430014991382e-06,0.06485681939906975,1.3688360186376343,0
pc_gipmnn,2026071103,274000,20138.135924400063,0.001,1.3750611543655396,1.3505418300628662,0.0004184171848464757,0.024100864306092262,0.9688224659128124,2.318942280388964e-05,0.06197036773076492,1.3079159944020793,0
pc_gipmnn,2026071103,275000,20261.062265000073,0.001,0.0699557214975357,0.044614966958761215,0.0003624862583819777,0.024978268891572952,0.9687604060802416,4.0869033606920935e-05,0.045248559883615064,0.9549937714192411,0
pc_gipmnn,2026071103,276000,20374.868499600096,0.001,2.1142585277557373,2.0830042362213135,0.00034313942887820303,0.030911199748516083,0.9687096443752444,9.32655086246563e-05,0.04620681337372452,0.9752181966130838,0
pc_gipmnn,2026071103,277000,20460.88272039988,0.001,0.18387475609779358,0.16983716189861298,0.0003536758595146239,0.013683918863534927,0.9687992239984972,8.009924678298134e-07,0.04246196948181776,0.8961813697857319,0
pc_gipmnn,2026071103,278000,20544.371249800082,0.001,0.03569243475794792,0.023400280624628067,0.0003711243625730276,0.011921029537916183,0.9688316746282108,3.269470294266491e-05,0.060890024618228684,1.285114805897484,0
pc_gipmnn,2026071103,279000,20624.54201079998,0.001,0.1474320888519287,0.1356217861175537,0.0003558593161869794,0.011454453691840172,0.9688203994082065,2.1056366852320822e-05,0.05001689633727711,1.0556319270863237,0
pc_gipmnn,2026071103,280000,20703.84324670001,0.001,0.15397362411022186,0.14483322203159332,0.00037117311148904264,0.008769230917096138,0.9688080517411001,8.311045726753832e-06,0.05076156963324645,1.071348634120142,0
pc_gipmnn,2026071103,281000,20778.87441969989,0.001,0.24245908856391907,0.21432368457317352,0.00036084529710933566,0.027774550020694733,0.9687582488353801,4.3095752084958276e-05,0.04587868960541539,0.9682929783123064,0
pc_gipmnn,2026071103,282000,20855.569904000033,0.001,0.07068051397800446,0.04693736881017685,0.00037362761213444173,0.02336951345205307,0.9688035924815072,3.7081766176343727e-06,0.051923731758422374,1.0958766543218246,0
pc_gipmnn,2026071103,283000,20939.24416309991,0.001,0.033963240683078766,0.022324636578559875,0.0003531385154929012,0.011285464279353619,0.9688358827310494,3.703832684700122e-05,0.061704700582838834,1.3023089547041817,0
pc_gipmnn,2026071103,284000,21030.89035360003,0.001,1.5744099617004395,1.5532820224761963,0.0003764074936043471,0.020751452073454857,0.9688322434116987,3.328180398298723e-05,0.06757182556635122,1.4261375987495244,0
pc_gipmnn,2026071103,285000,21120.988071799977,0.001,0.8622967600822449,0.8415178060531616,0.0003460870066192001,0.02043287456035614,0.9687289969451212,7.328969331011316e-05,0.04274569512447691,0.9021695431602733,0
pc_gipmnn,2026071103,286000,21203.468761899974,0.001,0.03297063708305359,0.019207989796996117,0.00035117872175760567,0.013411466032266617,0.9687674634826098,3.35843490815583e-05,0.04649066487919116,0.9812090263859176,0
pc_gipmnn,2026071103,287000,21289.359884500038,0.001,0.03681030124425888,0.0236117672175169,0.00035142069100402296,0.01284711342304945,0.9688087519948348,9.033850985605564e-06,0.053098202660724875,1.1206644574982563,0
pc_gipmnn,2026071103,288000,21385.20213719993,0.001,0.6910805106163025,0.6475783586502075,0.0004033960576634854,0.043098729103803635,0.9688843114529881,8.70266855781901e-05,0.0754223662046744,1.5918272346441484,0
pc_gipmnn,2026071103,289000,21472.951792400097,0.001,1.1173317432403564,1.085758090019226,0.00035472895251587033,0.031218934804201126,0.96881295674492,1.3374014161816118e-05,0.06288298119727134,1.3271771637844567,0
pc_gipmnn,2026071103,290000,21550.232698499924,0.001,0.1515396535396576,0.14223699271678925,0.00035110756289213896,0.00895155593752861,0.9687763110789666,2.445181774714894e-05,0.05034087746835893,1.062469712930477,0
pc_gipmnn,2026071103,291000,21631.63236310007,0.001,1.0171347856521606,0.9981703162193298,0.0003267187566962093,0.01863778755068779,0.9688358078235613,3.696100697901893e-05,0.046875338655203824,0.9893277612377076,0
pc_gipmnn,2026071103,292000,21729.582769799978,0.001,0.10504033416509628,0.0954926386475563,0.0003498352598398924,0.009197862818837166,0.968817032293583,1.7580815011316737e-05,0.05051238160453295,1.0660893945786907,0
pc_gipmnn,2026071103,293000,21830.292297200067,0.001,0.1874706745147705,0.15952667593955994,0.0003190927964169532,0.02762490324676037,0.9686931470614476,0.00011029411493847345,0.03760351800454035,0.7936412909085995,0
pc_gipmnn,2026071103,294000,21924.11387,0.001,0.14778253436088562,0.12556412816047668,0.0003345122095197439,0.0218838881701231,0.9688080240669585,8.282480345319142e-06,0.0790468451198319,1.6683236976811782,0
pc_gipmnn,2026071103,295000,22009.085170899983,0.001,0.09459790587425232,0.06837403029203415,0.0003348417521920055,0.02588902972638607,0.9687818025290299,1.87835166908483e-05,0.05515584368912175,1.1640920134467772,0
pc_gipmnn,2026071103,296000,22098.103825399885,0.001,0.21352997422218323,0.1985878050327301,0.00033098855055868626,0.01461118645966053,0.968771523209157,2.939387989569177e-05,0.04876971897135268,1.0293096171746625,0
pc_gipmnn,2026071103,297000,22184.30402650009,0.001,0.6189751029014587,0.6099938154220581,0.0003367906028870493,0.008644506335258484,0.9687818654493978,1.871856998573281e-05,0.05665152097602618,1.1956590400376983,0
pc_gipmnn,2026071103,298000,22271.791388199897,0.001,0.10076622664928436,0.08355288952589035,0.0003169184783473611,0.01689642108976841,0.9687634440680107,3.77332080813968e-05,0.04441502512729714,0.9374015982629565,0
pc_gipmnn,2026071103,299000,22359.12726369989,0.001,0.15283332765102386,0.13735462725162506,0.0003343920689076185,0.01514430996030569,0.9687246914988058,7.77337956174581e-05,0.04059234681188655,0.8567220365101318,0
pc_gipmnn,2026071103,300000,22445.849270100007,0.001,0.19753748178482056,0.18258333206176758,0.00036594498669728637,0.014588202349841595,0.9688099753186831,1.029657172076314e-05,0.0694862767297964,1.4665430600830798,0
pc_gipmnn,2026071103,301000,22534.365671899868,0.001,0.22518596053123474,0.2136947214603424,0.00034282851265743375,0.011148407123982906,0.9687805371142145,2.0089683923896178e-05,0.047831859813922434,1.0095156247002477,0
pc_gipmnn,2026071103,302000,22620.22410829994,0.001,0.7229198217391968,0.6970065236091614,0.0003340290277265012,0.025579292327165604,0.9688402374958178,4.153333589784244e-05,0.05744221219115092,1.2123469785599907,0
pc_gipmnn,2026071103,303000,22709.103055600077,0.001,0.09252988547086716,0.057962507009506226,0.000318268226692453,0.034249112010002136,0.9687196303700439,8.295791696537608e-05,0.03715608940856206,0.7841980838007231,0
pc_gipmnn,2026071103,304000,22793.911407599924,0.001,0.11083723604679108,0.08903348445892334,0.00033384148264303803,0.02146991342306137,0.9688117442826727,1.212250482318206e-05,0.06567750611122593,1.3861570273152937,0
pc_gipmnn,2026071103,305000,22882.957081699977,0.001,0.6466301679611206,0.6259467005729675,0.0003514965937938541,0.020331989973783493,0.9688354889317432,3.66318453171042e-05,0.06384404827191287,1.3474609711047227,0
pc_gipmnn,2026071103,306000,22968.9901715999,0.001,0.6709417104721069,0.6363692879676819,0.00033193701528944075,0.034240514039993286,0.9688170531992996,1.7602393992120093e-05,0.050424213152066924,1.0642285547385435,0
pc_gipmnn,2026071103,307000,23056.27789020003,0.001,0.10320156812667847,0.0745089128613472,0.00038134914939291775,0.02831130661070347,0.9688108661979928,1.1216141611109216e-05,0.0587553878750408,1.2400622163956185,0
pc_gipmnn,2026071103,308000,23143.78224510001,0.001,0.18169482052326202,0.17282834649085999,0.0003332977066747844,0.008533175103366375,0.9688079209621454,8.176055063391298e-06,0.04440595397366952,0.9372101469717717,0
pc_gipmnn,2026071103,309000,23230.31442469987,0.001,0.07205851376056671,0.03275211155414581,0.00039405186544172466,0.03891235217452049,0.9688197344866721,2.0370031659930333e-05,0.07843152731074259,1.6553371037070257,0
pc_gipmnn,2026071103,310000,23318.773136700038,0.001,0.229991614818573,0.21599650382995605,0.0003429726348258555,0.013652138411998749,0.9687822258539595,1.834655867107654e-05,0.04797767181745164,1.0125930608778126,0
pc_gipmnn,2026071103,311000,23404.313479899894,0.001,0.03138701617717743,0.01727270893752575,0.00036719723721034825,0.013747110962867737,0.9688121714992647,1.256347983555988e-05,0.05745236140695419,1.2125611828993519,0
pc_gipmnn,2026071103,312000,23493.670997299952,0.001,0.23449954390525818,0.2183697521686554,0.0003229987050872296,0.01580679416656494,0.9688287107832249,2.9635407952994634e-05,0.05441377125583942,1.1484301989371144,0
pc_gipmnn,2026071103,313000,23578.948409300065,0.001,0.06234954670071602,0.020121175795793533,0.0003587445244193077,0.0418696254491806,0.9687822900697726,1.828027480122575e-05,0.06173045706515117,1.302852558307152,0
pc_gipmnn,2026071103,314000,23667.7615908999,0.001,0.2774234712123871,0.26977816224098206,0.00032806480885483325,0.0073172408156096935,0.9688113659506845,1.1731988732985666e-05,0.0502295621870253,1.0601203475449084,0
pc_gipmnn,2026071103,315000,23754.15084389993,0.001,0.05480995029211044,0.026796706020832062,0.0003270686138421297,0.02768617309629917,0.9687519837223226,4.956263178918782e-05,0.03941621729335242,0.8318992273981642,0
pc_gipmnn,2026071103,316000,23855.552262299927,0.001,2.0572011470794678,2.0032060146331787,0.0003965620417147875,0.053598638623952866,0.968850293090472,5.1912768860443655e-05,0.07948175273166856,1.6775026430777857,0
pc_gipmnn,2026071103,317000,23965.359338900074,0.001,0.07198397070169449,0.06325782835483551,0.0003121785121038556,0.008413960225880146,0.96878916649324,1.1182397564007755e-05,0.04464134935547762,0.942178285715321,0
pc_gipmnn,2026071103,318000,24062.39282519999,0.001,0.06901110708713531,0.046274583786726,0.00034429453080520034,0.022392231971025467,0.9687928115563251,7.419945989746005e-06,0.06076369430890504,1.282448540742176,0
pc_gipmnn,2026071103,319000,24151.643284199992,0.001,0.09937341511249542,0.09182863682508469,0.0004024421505164355,0.007142332848161459,0.9687988082574401,1.2301223780537088e-06,0.050415426195969205,1.0640431015801526,0
pc_gipmnn,2026071103,320000,24248.763640699908,0.001,0.029735080897808075,0.01865060068666935,0.0003192461153957993,0.01076523307710886,0.9687844303708589,1.6071045769060314e-05,0.04989187470715968,1.0529932822684132,0
pc_gipmnn,2026071103,321000,24342.695671200054,0.001,0.16485513746738434,0.1535731554031372,0.0003213638556189835,0.010960627347230911,0.9688088437912414,9.12860367613734e-06,0.0633281167625989,1.3365719753191976,0
pc_gipmnn,2026071103,322000,24430.293410700047,0.001,0.18019604682922363,0.1371181160211563,0.00041953762411139905,0.04265838488936424,0.9688240032163457,2.4776234873718285e-05,0.08174075727682169,1.725180078023294,0
pc_gipmnn,2026071103,323000,24520.16808709991,0.001,0.03875270113348961,0.02366681955754757,0.000318500999128446,0.014767380431294441,0.9687984957881582,1.5526546673739347e-06,0.05873251328587268,1.2395794366069244,0
pc_gipmnn,2026071103,324000,24600.53301699995,0.001,0.11298338323831558,0.10005093365907669,0.00035082479007542133,0.012581626884639263,0.9687793884756893,2.12753141109147e-05,0.05893167803940367,1.2437829095925301,0
pc_gipmnn,2026071103,325000,24678.009976600064,0.001,0.13079266250133514,0.11882729828357697,0.0003722405235748738,0.011593126691877842,0.9687964432345201,3.6713103632507695e-06,0.047825113219424224,1.009373234406708,0
pc_gipmnn,2026071103,326000,24755.594242200023,0.001,0.12318840622901917,0.1045888140797615,0.00034356690593995154,0.01825602352619171,0.9688162600256303,1.6783676331818592e-05,0.05265075311357198,1.1112208082052295,0
pc_gipmnn,2026071103,327000,24836.502311399905,0.001,0.1252780258655548,0.09231507033109665,0.00031611116719432175,0.03264683857560158,0.9687574630490791,4.390684446834745e-05,0.04875528457276857,1.029004971882581,0
pc_gipmnn,2026071103,328000,24915.685823000036,0.001,0.8157039880752563,0.8048340678215027,0.00030676848837174475,0.01056316401809454,0.9687993806370078,6.393094469724075e-07,0.04121830556803346,0.8699332130607935,0
pc_gipmnn,2026071103,329000,25016.80070829997,0.001,1.3132792711257935,1.27820885181427,0.00033951239311136305,0.034730926156044006,0.9688604993538892,6.24477228418532e-05,0.04769907509785058,1.0067131360218353,0
pc_gipmnn,2026071103,330000,25117.73644810007,0.001,0.12766043841838837,0.10609646141529083,0.0002925667504314333,0.02127140760421753,0.9687731512388832,2.77134198150335e-05,0.043306138889389965,0.9139979926424087,0
pc_gipmnn,2026071103,331000,25244.669240999967,0.001,2.0701239109039307,2.060887575149536,0.0003129197866655886,0.008923452347517014,0.9688235638151781,2.4322682884079184e-05,0.059107171889328805,1.2474867961699585,0
pc_gipmnn,2026071103,332000,25399.887906000018,0.001,1.0639170408248901,1.0432690382003784,0.000284782174276188,0.02036326751112938,0.9687376305558397,6.437803897633225e-05,0.03781797977983203,0.7981676152852837,0
pc_gipmnn,2026071103,333000,25537.99127099989,0.001,0.17453348636627197,0.11767856776714325,0.0003010649816133082,0.05655385181307793,0.9687035832041906,9.952187841598517e-05,0.036074454498914194,0.7613696312638862,0
pc_gipmnn,2026071103,334000,25690.637300499948,0.001,0.14630210399627686,0.12723702192306519,0.0003419630811549723,0.018723120912909508,0.9688412252844315,4.2552936035829855e-05,0.06492480691151137,1.3702709295184012,0
pc_gipmnn,2026071103,335000,25803.20424650004,0.001,0.5899944305419922,0.5793769359588623,0.00032964171259664,0.010287885554134846,0.9688231583969014,2.390420819711832e-05,0.062189324612087586,1.312537190267989,0
pc_gipmnn,2026071103,336000,25933.296452699928,0.001,0.21922148764133453,0.19999247789382935,0.0003173411241732538,0.01891167461872101,0.968787447803783,1.295643705304099e-05,0.05087089980309381,1.0736561027224798,0
pc_gipmnn,2026071103,337000,26061.957370399963,0.001,0.34111759066581726,0.32903334498405457,0.0003055606212001294,0.011778680607676506,0.9687677730296531,3.326483314087788e-05,0.03629768122316997,0.7660809443272613,0
pc_gipmnn,2026071103,338000,26188.942299999995,0.001,0.06381750851869583,0.04259418323636055,0.00034304760629311204,0.020880278199911118,0.9688610985892927,6.30662564953627e-05,0.0668699742304443,1.4113246708690046,0
pc_gipmnn,2026071103,339000,26301.449227799894,0.001,0.0665842592716217,0.036261893808841705,0.0004124318656977266,0.029909931123256683,0.968876192651918,7.86464202292011e-05,0.06541962482752921,1.3807143122249257,0
pc_gipmnn,2026071103,340000,26420.637920799898,0.001,0.2871357202529907,0.2493981420993805,0.0003546794760040939,0.037382904440164566,0.9687551757775152,4.6267777131246605e-05,0.0553606728516907,1.1684150366537367,0
pc_gipmnn,2026071103,341000,26542.616105600027,0.001,0.45944446325302124,0.4432181119918823,0.0003133738355245441,0.015912976115942,0.9688088264472453,9.110701120265971e-06,0.04331357875813571,0.9141550148400353,0
pc_gipmnn,2026071103,342000,26664.098804800073,0.001,0.24923358857631683,0.22119909524917603,0.00042354653123766184,0.02761094644665718,0.9688633983102742,6.544003950685697e-05,0.06248145616378421,1.3187027746097426,0
pc_gipmnn,2026071103,343000,26787.587682100013,0.001,0.6878520846366882,0.6619414687156677,0.00030117141432128847,0.025609413161873817,0.9688532445903933,5.495932121526957e-05,0.05646542269367868,1.1917313415436288,0
pc_gipmnn,2026071103,344000,26921.991050800076,0.001,0.8109026551246643,0.7927796840667725,0.0003653619787655771,0.017757611349225044,0.9687994958659348,5.203695965732292e-07,0.07662365769503274,1.6171810999141585,0
pc_gipmnn,2026071103,345000,27039.831426499877,0.001,0.123042032122612,0.11482420563697815,0.0003362666757311672,0.007881558500230312,0.9688075803956856,7.824520732455023e-06,0.05290047930009727,1.1164914058398359,0
pc_gipmnn,2026071103,346000,27134.438465599902,0.001,0.08343881368637085,0.07354135066270828,0.00035198830300942063,0.009545477107167244,0.9688215032339809,2.2195741103291193e-05,0.053020500263293864,1.1190245090499116,0
pc_gipmnn,2026071103,347000,27227.358960299985,0.001,0.044571101665496826,0.016764545813202858,0.00030875627999193966,0.027497798204421997,0.9688398338521588,4.111669297974515e-05,0.03945547330385409,0.832727745380091,0
pc_gipmnn,2026071103,348000,27320.25139459991,0.001,0.052736394107341766,0.04502816125750542,0.0003048301732633263,0.007403401657938957,0.9687613111826978,3.993478251670038e-05,0.03959249073183594,0.8356195675869218,0
pc_gipmnn,2026071103,349000,27412.92351819994,0.001,0.03605920821428299,0.018031975254416466,0.00029768759850412607,0.01772954687476158,0.9688521163367986,5.379473245105281e-05,0.05037724444283989,1.063237256344102,0
pc_gipmnn,2026071103,350000,27508.97045870009,0.001,1.7274079322814941,1.7126232385635376,0.0003820028796326369,0.014402772299945354,0.9687997277955137,2.8097077444738005e-07,0.06776569487072424,1.430229308598895,0
pc_gipmnn,2026071103,351000,27601.72802959988,0.001,0.5065264701843262,0.49521052837371826,0.0003058548318222165,0.0110100619494915,0.9687943428624878,5.839324434574816e-06,0.03637605998138999,0.7677351677125851,0
pc_gipmnn,2026071103,352000,27694.095761700068,0.001,0.03638237714767456,0.017585961148142815,0.0003436736296862364,0.01845274493098259,0.968817316011422,1.7873669923579613e-05,0.0673917237425305,1.422336458549429,0
pc_gipmnn,2026071103,353000,27786.580540199997,0.001,0.5221850872039795,0.514811098575592,0.00030208899988792837,0.007071905303746462,0.9687765516110086,2.420353942132136e-05,0.03988002270111355,0.841688075412371,0
pc_gipmnn,2026071103,354000,27878.79162380006,0.001,0.14754566550254822,0.11488186568021774,0.0003596980532165617,0.032304100692272186,0.9688394582924401,4.072903843943011e-05,0.06662513720066508,1.406157261363523,0
pc_gipmnn,2026071103,355000,27971.3570816,0.001,0.07706404477357864,0.06296677887439728,0.00031130152638070285,0.013785963878035545,0.9688374637307876,3.867024234889807e-05,0.051025009625710514,1.076908668574123,0
pc_gipmnn,2026071103,356000,28063.688692199998,0.001,0.06015864387154579,0.0399584136903286,0.00030945794424042106,0.01989077404141426,0.9687877638260669,1.263023733803567e-05,0.048878498251708584,1.0316054589752979,0
pc_gipmnn,2026071103,357000,28155.86685250001,0.001,0.2890276312828064,0.2803952991962433,0.0003219381906092167,0.008310409262776375,0.9688284693724099,2.9386222553526158e-05,0.06839821328575528,1.4435789300722923,0
pc_gipmnn,2026071103,358000,28248.27941629989,0.001,0.3162127435207367,0.3071092963218689,0.00030100971343927085,0.008802447468042374,0.9688199638679581,2.0606800121909587e-05,0.045022938103164434,0.9502319094819534,0
pc_gipmnn,2026071103,359000,28340.46028349991,0.001,0.14771249890327454,0.12324021756649017,0.0003751853364519775,0.02409709058701992,0.9688365258656042,3.7702173414749065e-05,0.06346817815774737,1.3395280419946258,0
pc_gipmnn,2026071103,360000,28432.86215150007,0.001,0.051471225917339325,0.0375252291560173,0.00033381793764419854,0.013612176291644573,0.9688112148946099,1.1576067929260733e-05,0.06033110991364207,1.273318628007895,0
pc_gipmnn,2026071103,361000,28525.438093600096,0.001,0.07640128582715988,0.04500262439250946,0.00030604552011936903,0.03109261766076088,0.9687576672806405,4.369603567247592e-05,0.041981201142652406,0.8860345105137588,0
pc_gipmnn,2026071103,362000,28617.80308169988,0.001,1.056722640991211,1.0202748775482178,0.0002663282793946564,0.03618143871426582,0.9687348630620606,6.723465930988232e-05,0.0449473502086914,0.9486365886893776,0
pc_gipmnn,2026071103,363000,28710.491678399965,0.001,0.146493062376976,0.13716137409210205,0.0003148408140987158,0.009016843512654305,0.968804383586022,4.524758486850644e-06,0.06372815860276056,1.345015060947649,0
pc_gipmnn,2026071103,364000,28803.016228999943,0.001,0.15215733647346497,0.13694941997528076,0.0003677164204418659,0.014840194955468178,0.9688460734991784,4.755728651775459e-05,0.05758735003088953,1.2154101861693407,0
pc_gipmnn,2026071103,365000,28895.471367700025,0.001,0.04453914612531662,0.022047443315386772,0.000356280681444332,0.022135421633720398,0.9688475005647486,4.9030310434103374e-05,0.06707666435424348,1.4156869706051682,0
pc_gipmnn,2026071103,366000,28987.61660320009,0.001,0.0590021014213562,0.040472447872161865,0.00032294593984261155,0.018206708133220673,0.9688262861928258,2.71327341307317e-05,0.06954901508409492,1.467867184822923,0
pc_gipmnn,2026071103,367000,29079.7905607,0.001,0.072830930352211,0.06532234698534012,0.0003062429605051875,0.007202340755611658,0.9688437751183874,4.5184886857327755e-05,0.06700280047631745,1.414128036054905,0
pc_gipmnn,2026071103,368000,29171.84277109988,0.001,0.060795970261096954,0.04165694862604141,0.00028423574985936284,0.018854787573218346,0.9687778018924776,2.2912992900860014e-05,0.04567317373133731,0.9639554617111776,0
pc_gipmnn,2026071103,369000,29264.2107388,0.001,0.6751362681388855,0.6651687026023865,0.00031321513233706355,0.009654364548623562,0.9687776604716996,2.30589681053275e-05,0.04697561995325756,0.9914442488182512,0
pc_gipmnn,2026071103,370000,29356.82296229992,0.001,0.3715916872024536,0.3459590673446655,0.00035140258842147887,0.02528122439980507,0.9687663776538867,3.470514668998771e-05,0.05297411640803816,1.1180455542947207,0
pc_gipmnn,2026071103,371000,29449.308878700016,0.001,0.8076682090759277,0.7985485792160034,0.000282829103525728,0.008836790919303894,0.9687964303904795,3.6845680434828724e-06,0.04040527274435633,0.8527737435756175,0
pc_gipmnn,2026071103,372000,29541.545839899918,0.001,0.11743813008069992,0.09993887692689896,0.00036428426392376423,0.017134973779320717,0.9688383097234511,3.954348002796342e-05,0.06756964136706296,1.4260915001174093,0
pc_gipmnn,2026071103,373000,29633.87528909999,0.001,0.6425052285194397,0.6133376955986023,0.00035975174978375435,0.028807735070586205,0.9688324762012526,3.3522090475406344e-05,0.06835167152006329,1.4425966425373733,0
pc_gipmnn,2026071103,374000,29726.622854599962,0.001,0.5724026560783386,0.5559591054916382,0.0002988647611346096,0.016144683584570885,0.9687726681512977,2.821206513449054e-05,0.04338595613344945,0.9156825759998618,0
pc_gipmnn,2026071103,375000,29818.958603699924,0.001,0.14641240239143372,0.13883811235427856,0.0002945732558146119,0.007279717829078436,0.9688011068992524,1.1425467097107064e-06,0.048810127583603806,1.0301624614002196,0
pc_gipmnn,2026071103,376000,29911.521222499898,0.001,0.08851718157529831,0.07417029142379761,0.0002732991415541619,0.014073587954044342,0.9687471949716348,5.4505603184603326e-05,0.03278329025531877,0.691907943169599,0
pc_gipmnn,2026071103,377000,30003.847957399907,0.001,0.12444727122783661,0.1042587086558342,0.00031064837821759284,0.01987791247665882,0.9688422360908588,4.3596295271314276e-05,0.05037159193793723,1.0631179573655523,0
pc_gipmnn,2026071103,378000,30096.22916670004,0.001,0.07213820517063141,0.063123419880867,0.0003590385604184121,0.008655746467411518,0.9687950804595751,5.077973188397147e-06,0.06472759167416979,1.3661086020592599,0
pc_gipmnn,2026071103,379000,30189.00078299991,0.001,0.09259740263223648,0.06119373068213463,0.000394000526284799,0.031009670346975327,0.9688073121356654,7.5476214547944835e-06,0.07430253347192814,1.5681925977064253,0
pc_gipmnn,2026071103,380000,30276.239877699874,0.001,0.5647976994514465,0.5342059135437012,0.0003230540896765888,0.030268723145127296,0.9687977534443983,2.318905451754043e-06,0.06855314257876247,1.4468487912615282,0
pc_gipmnn,2026071103,381000,30362.009420499904,0.001,0.08209043741226196,0.06316308677196503,0.00031593741732649505,0.018611418083310127,0.968852293391503,5.3977489164980645e-05,0.05925755173214152,1.2506606389088775,0
pc_gipmnn,2026071103,382000,30447.837054699892,0.001,0.054490093141794205,0.0442797876894474,0.0002821338130161166,0.009928170591592789,0.9687990610950415,9.691421949291857e-07,0.055389342452726774,1.1690201231026525,0
pc_gipmnn,2026071103,383000,30534.528550599935,0.001,0.4843108355998993,0.46964097023010254,0.0002962352882605046,0.01437362190335989,0.9687982921545559,1.7628462469710444e-06,0.05726426692511101,1.2085913536039976,0
pc_gipmnn,2026071103,384000,30613.99084679992,0.001,0.026440752670168877,0.018766582012176514,0.0003001791483256966,0.007373992819339037,0.9688229713770482,2.371116540896855e-05,0.05914090275887313,1.2481987032539021,0
pc_gipmnn,2026071103,385000,30682.18958909996,0.001,0.9013867974281311,0.8924331665039062,0.0002891537151299417,0.008664462715387344,0.968792824493979,7.406591681491317e-06,0.04694257795949477,0.990746880806542,0
pc_gipmnn,2026071103,386000,30751.031893899897,0.001,0.09368771314620972,0.07331223785877228,0.0002597351558506489,0.020115738734602928,0.9687670532806161,3.4007761544095235e-05,0.03427839556213557,0.7234628978311047,0
pc_gipmnn,2026071103,387000,30819.32142199995,0.001,0.8907338976860046,0.8786623477935791,0.0002511792699806392,0.01182035356760025,0.9687823247546506,1.8244472903949964e-05,0.03349017186759627,0.706827037580386,0
pc_gipmnn,2026071103,388000,30896.106388200074,0.001,0.22341495752334595,0.21393607556819916,0.0002655905846040696,0.00921329203993082,0.9687906193279163,9.682774652838329e-06,0.04200737724649108,0.8865869704415501,0
pc_gipmnn,2026071103,389000,30971.165163599886,0.001,0.18694943189620972,0.16744893789291382,0.0003057137073483318,0.01919477805495262,0.9688333304659309,3.4403866567819004e-05,0.06918571279610365,1.4601995060489152,0
pc_gipmnn,2026071103,390000,31040.21050529997,0.001,0.026946118101477623,0.014852933585643768,0.0002807201526593417,0.011812464334070683,0.9688321738764317,3.321002934736705e-05,0.056431970957314816,1.1910253257068195,0
pc_gipmnn,2026071103,391000,31108.69573040004,0.001,0.05812378227710724,0.043242067098617554,0.00029554683715105057,0.01458616741001606,0.9688073659406791,7.603159247596606e-06,0.054392920245370346,1.1479901278016578,0
pc_gipmnn,2026071103,392000,31177.071660399903,0.001,0.16739104688167572,0.15432147681713104,0.00026752002304419875,0.012802055105566978,0.9687926115894956,7.626352708923728e-06,0.04186366607247125,0.8835538733346965,0
pc_gipmnn,2026071103,393000,31245.138253199868,0.001,0.12369633466005325,0.10016278922557831,0.0003402419970370829,0.023193301633000374,0.9688156016874993,1.6104136559925623e-05,0.06384288136073252,1.3474363428533065,0
pc_gipmnn,2026071103,394000,31313.269881699933,0.001,0.31994524598121643,0.305540531873703,0.0002528506447561085,0.01415188331156969,0.9687239831044213,7.846500369392945e-05,0.03224130253317084,0.6804690178166531,0
pc_gipmnn,2026071103,395000,31381.3435511,0.001,0.5304422378540039,0.5134260058403015,0.00028076773742213845,0.016735410317778587,0.9688017233576378,1.7788580076561518e-06,0.05406229289688474,1.1410120701733761,0
pc_gipmnn,2026071103,396000,31449.757292999886,0.001,0.7964209914207458,0.7840587496757507,0.00027277920162305236,0.012089474126696587,0.9688521733213145,5.38535521412714e-05,0.05433783778997736,1.1468275846853668,0
pc_gipmnn,2026071103,397000,31517.599845299963,0.001,0.07975636422634125,0.06001032516360283,0.00034347735345363617,0.019402561709284782,0.9687940278713247,6.1644598216947464e-06,0.05817228157866863,1.2277554627101293,0
pc_gipmnn,2026071103,398000,31585.933584699873,0.001,0.10623512417078018,0.08975788950920105,0.0002906382142100483,0.01618659310042858,0.9687763324693411,2.442973850005696e-05,0.05933205728178276,1.25223311626565,0
pc_gipmnn,2026071103,399000,31653.725034199888,0.001,0.1260414719581604,0.09572463482618332,0.00035927674616687,0.029957566410303116,0.9688507949777564,5.243081931915413e-05,0.08577761368799866,1.8103799769527587,0
pc_gipmnn,2026071103,400000,31721.81829309999,0.001,0.06384893506765366,0.0535854734480381,0.0002708403335418552,0.009992619976401329,0.9688006908051598,7.130523945634721e-07,0.05304597310684265,1.119562126313135,0
pc_gipmnn,2026071103,401000,31789.413471200038,0.001,0.16036441922187805,0.14720627665519714,0.00023914001940283924,0.012919005006551743,0.9687904863859239,9.81999801412501e-06,0.03444685453433822,0.7270183097515506,0
pc_gipmnn,2026071103,402000,31858.238766999915,0.001,0.8683064579963684,0.8563615679740906,0.0002647907822392881,0.011680135503411293,0.9687944178741079,5.761897081005899e-06,0.03576776996249751,0.7548968988095969,0
pc_gipmnn,2026071103,403000,31926.4397934,0.001,0.060819271951913834,0.04940367117524147,0.00023177621187642217,0.011183825321495533,0.9687982650373756,1.7908367303309069e-06,0.035880499887333266,0.757276120962691,0
pc_gipmnn,2026071103,404000,31994.586739700055,0.001,0.4885929226875305,0.4696808159351349,0.0002731885469984263,0.018638914451003075,0.9688289327834118,2.9864557609167445e-05,0.04645347268676672,0.9804240663296833,0
pc_gipmnn,2026071103,405000,32062.579249199945,0.001,0.17513330280780792,0.16387514770030975,0.00028402035241015255,0.010974141769111156,0.968798848888446,1.1881828591714497e-06,0.05776772806367458,1.2192171558995077,0
pc_gipmnn,2026071103,406000,32130.304936399916,0.001,0.2906654179096222,0.2593288719654083,0.0002994292008224875,0.03103712387382984,0.9688112672502357,1.163010965700095e-05,0.07177815120899661,1.5149142316328614,0
pc_gipmnn,2026071103,407000,32198.52268179995,0.001,0.08749368786811829,0.07144001871347427,0.00032781012123450637,0.015725860372185707,0.9688225873200832,2.331473997027304e-05,0.06505600703524429,1.3730399745730206,0
pc_gipmnn,2026071103,408000,32267.164270000067,0.001,0.19052715599536896,0.16983777284622192,0.000296237034490332,0.02039315178990364,0.9688482370542956,4.9790518471897775e-05,0.041324581853677815,0.8721762278904586,0
pc_gipmnn,2026071103,409000,32338.176444199868,0.001,1.044764518737793,1.027279019355774,0.0002387649437878281,0.017246726900339127,0.9687668498443325,3.421774945036769e-05,0.036249007533684735,0.765053661461023,0
pc_gipmnn,2026071103,410000,32407.73366190004,0.001,2.5964460372924805,2.58856463432312,0.00023359480837825686,0.007647654507309198,0.9688178102625483,1.838383830338915e-05,0.05187999680398812,1.0949536059599443,0
pc_gipmnn,2026071103,411000,32475.7134008999,0.001,0.12074333429336548,0.0989706963300705,0.00027840444818139076,0.02149423398077488,0.968829611217806,3.056484084019448e-05,0.06690794214131095,1.412126002855806,0
pc_gipmnn,2026071103,412000,32544.118809700012,0.001,0.4048853814601898,0.3927668333053589,0.00024177832528948784,0.011876762844622135,0.9687704294077004,3.0522906997911885e-05,0.03771622773215747,0.7960200867891659,0
pc_gipmnn,2026071103,413000,32612.394445899874,0.001,0.11711502075195312,0.11121313273906708,0.00022597932547796518,0.005675910506397486,0.9688288910028329,2.9821431495536677e-05,0.05455574442331234,1.1514266145356227,0
pc_gipmnn,2026071103,414000,32680.464549300028,0.001,0.3793722987174988,0.37037864327430725,0.00022305597667582333,0.008770578540861607,0.9687426436786547,5.9203469596709455e-05,0.037748602507224144,0.7967033728123962,0
pc_gipmnn,2026071103,415000,32748.913089700043,0.001,0.1111028864979744,0.09960797429084778,0.00021602274500764906,0.011278889141976833,0.9687833156977259,1.722161671561074e-05,0.038042289144466016,0.8029017780221189,0
pc_gipmnn,2026071103,416000,32817.376274700044,0.001,3.089242935180664,3.0804829597473145,0.00023118719400372356,0.008528618142008781,0.9688505364835166,5.2164000326801775e-05,0.05162117210412957,1.08949097959371,0
pc_gipmnn,2026071103,417000,32885.775986199966,0.001,1.8542670011520386,1.8429609537124634,0.00027598149608820677,0.01103007048368454,0.9688086054039641,8.88253918670445e-06,0.0640843771230093,1.3525332332160422,0
pc_gipmnn,2026071103,418000,32954.04235709994,0.001,0.028682541102170944,0.019238756969571114,0.0002569800417404622,0.009186805225908756,0.9688269365115244,2.7803996206039784e-05,0.060803950866829,1.283298175784154,0
pc_gipmnn,2026071103,419000,33022.0060103999,0.001,0.028677280992269516,0.014640661887824535,0.00027026887983083725,0.013766349293291569,0.9687941109745953,6.078680227765814e-06,0.05073963656002974,1.0708857255024111,0
pc_gipmnn,2026071103,420000,33089.791440299945,0.001,0.09044470638036728,0.06531395763158798,0.00034565222449600697,0.02478509582579136,0.9687879479675932,1.2440165572708101e-05,0.06394254734192352,1.3495398438598494,0
pc_gipmnn,2026071103,421000,33157.90586129995,0.001,0.11132176220417023,0.0984933078289032,0.00023748776584398001,0.012590966187417507,0.9687957965876728,4.338782336094482e-06,0.03745418099225647,0.7904894576361088,0
pc_gipmnn,2026071103,422000,33226.07598680002,0.001,0.2431592494249344,0.22559446096420288,0.00027116958517581224,0.017293613404035568,0.968837690818177,3.8904643039905834e-05,0.052660280540837566,1.1114218893826127,0
pc_gipmnn,2026071103,423000,33293.98005470005,0.001,0.14110159873962402,0.13323436677455902,0.0002247584197903052,0.007642480544745922,0.9688077580600699,8.007906760856586e-06,0.050250323990777016,1.0605585359274186,0
pc_gipmnn,2026071103,424000,33361.714412299916,0.001,0.829846978187561,0.8129064440727234,0.0002162542805308476,0.01672426424920559,0.9687874083447032,1.2997166904177885e-05,0.04029856008019917,0.8505215187564461,0
pc_gipmnn,2026071103,425000,33430.027482999954,0.001,0.30043110251426697,0.29028263688087463,0.00023496648645959795,0.009913498535752296,0.9688124424200006,1.2843125516769994e-05,0.051082510200827866,1.0781222473317968,0
pc_gipmnn,2026071103,426000,33498.17469929997,0.001,1.071484088897705,1.0651806592941284,0.000218212662730366,0.006085144821554422,0.9688073836379495,7.62142645489108e-06,0.04157443484616916,0.8774495018291966,0
pc_gipmnn,2026071103,427000,33566.699073799886,0.001,0.10678130388259888,0.07918154448270798,0.0004611996409948915,0.027138562873005867,0.9688353220267946,3.645956522973871e-05,0.07006880464852536,1.4788376068155031,0
pc_gipmnn,2026071103,428000,33635.15254270006,0.001,1.1085660457611084,1.0927094221115112,0.0002560201974119991,0.015600505284965038,0.9687832885033644,1.7249686865838255e-05,0.05565953128636307,1.174722595267366,0
pc_gipmnn,2026071103,429000,33703.42495379993,0.001,0.05082925781607628,0.04364859312772751,0.0002173894172301516,0.006963274907320738,0.9688151252066259,1.5612310720420418e-05,0.05431085281884447,1.1462580532036992,0
pc_gipmnn,2026071103,430000,33771.47926809988,0.001,0.027914060279726982,0.020966244861483574,0.0002191837120335549,0.0067286319099366665,0.9687817762692501,1.8810622161322174e-05,0.03825231932283663,0.8073345713015055,0
pc_gipmnn,2026071103,431000,33840.176494200015,0.001,0.18010224401950836,0.17052872478961945,0.0002158933348255232,0.009357627481222153,0.9687827953990186,1.7758671533261952e-05,0.03967486880741723,0.8373581985905159,0
pc_gipmnn,2026071103,432000,33908.273926099995,0.001,1.0725985765457153,1.0639278888702393,0.00020484148990362883,0.008465846069157124,0.9687945338559996,5.642180016961412e-06,0.038649581288173314,0.8157189862639732,0
pc_gipmnn,2026071103,433000,33976.761160199996,0.001,0.25504347681999207,0.24378687143325806,0.00023614292149432003,0.011020462960004807,0.9688295912653714,3.0544245841646375e-05,0.0541149908974881,1.1421242881637808,0
pc_gipmnn,2026071103,434000,34044.53986099991,0.001,0.04847069829702377,0.04011043906211853,0.00022843951592221856,0.008131821639835835,0.9688411208410955,4.244512912420743e-05,0.06932870469444512,1.4632174224783165,0
pc_gipmnn,2026071103,435000,34112.52726979996,0.001,0.07538217306137085,0.059693410992622375,0.00026345381047576666,0.015425309538841248,0.9688445465477654,4.5981159956051584e-05,0.06711550753307127,1.416506775565549,0
pc_gipmnn,2026071103,436000,34180.27821310004,0.001,0.05678807944059372,0.04686928540468216,0.00024812755873426795,0.009670666418969631,0.9688081603521788,8.42315460235903e-06,0.04435049520560122,0.9360396615858935,0
pc_gipmnn,2026071103,437000,34250.03306149994,0.001,0.9148595333099365,0.9045320749282837,0.00021929611102677882,0.010108201764523983,0.9687779135656512,2.2797723316222027e-05,0.04620889509020474,0.9752621322936355,0
pc_gipmnn,2026071103,438000,34319.39452610002,0.001,0.2881527841091156,0.27288907766342163,0.0002530739875510335,0.015010629780590534,0.9687899183507095,1.040632668301545e-05,0.059729568107742395,1.2606227835575947,0
pc_gipmnn,2026071103,439000,34389.146977100056,0.001,0.025609539821743965,0.012005475349724293,0.00022071143030188978,0.013383353129029274,0.9688410014895311,4.232193386779812e-05,0.060848372496546184,1.2842357167756313,0
pc_gipmnn,2026071103,440000,34459.27105129999,0.001,0.02113949880003929,0.014747321605682373,0.00022332556545734406,0.006168851628899574,0.9688158410390018,1.635119632717042e-05,0.04920979422224776,1.038597628210628,0
pc_gipmnn,2026071103,441000,34528.92972279992,0.001,0.09190864861011505,0.06331391632556915,0.0002160285075660795,0.02837870456278324,0.9688384354667702,3.9673272884167416e-05,0.05500883235261081,1.1609892647392586,0
pc_gipmnn,2026071103,442000,34598.11871599988,0.001,0.09237122535705566,0.0700061023235321,0.00023555618827231228,0.022129567340016365,0.9688398420654046,4.112517073145985e-05,0.06106046526820589,1.2887120421309362,0
pc_gipmnn,2026071103,443000,34668.26643630001,0.001,0.05619829520583153,0.04871528223156929,0.00024318351643159986,0.007239829748868942,0.9688115732820279,1.1945997138670002e-05,0.04653143557451573,0.9820695125581083,0
pc_gipmnn,2026071103,444000,34740.96180980001,0.001,0.2547154426574707,0.2346009910106659,0.0001943855604622513,0.019920065999031067,0.968747111559766,5.4591701315017635e-05,0.040252043639875314,0.8495397657262471,0
pc_gipmnn,2026071103,445000,34811.10120059992,0.001,0.08681973069906235,0.07360397279262543,0.00021246366668492556,0.013003298081457615,0.9687848822837555,1.560457911283761e-05,0.035254479631308976,0.7440636464259719,0
pc_gipmnn,2026071103,446000,34880.32183849998,0.001,0.7708697319030762,0.7593445181846619,0.0002181584422942251,0.011307059787213802,0.9688448022507329,4.6245097783742104e-05,0.054690657480840614,1.1542740229383215,0
pc_gipmnn,2026071103,447000,34949.2617591999,0.001,0.09166541695594788,0.07428690046072006,0.000258360494626686,0.017120152711868286,0.9688064291673174,6.636217297081095e-06,0.0655731765325347,1.3839550987217386,0
pc_gipmnn,2026071103,448000,35018.01738819992,0.001,0.07921077311038971,0.06774815171957016,0.0002452619664836675,0.011217353865504265,0.9688296573002741,3.06124073845532e-05,0.06023769681876868,1.2713470973337135,0
pc_gipmnn,2026071103,449000,35087.13614020008,0.001,0.031073007732629776,0.01868593692779541,0.00020082037372048944,0.012186250649392605,0.9687903742935252,9.935700324918115e-06,0.03607195338466804,0.7613168439810902,0
pc_gipmnn,2026071103,450000,35155.07086049998,0.001,0.2599324584007263,0.25366589426994324,0.000217442458961159,0.006049134768545628,0.9688364853034402,3.766030495483889e-05,0.05733678548085684,1.210121894448341,0
pc_gipmnn,2026071103,451000,35224.472995599965,0.001,1.1448934078216553,1.1386067867279053,0.0002370416623307392,0.006049614865332842,0.9688373438910736,3.8546543222100826e-05,0.05820106536813774,1.2283629591637522,0
pc_gipmnn,2026071103,452000,35293.568845500005,0.001,0.05633630231022835,0.03310004621744156,0.00021914273384027183,0.02301711216568947,0.9687336943751048,6.84409835829685e-05,0.033259479299919965,0.7019581541107187,0
pc_gipmnn,2026071103,453000,35363.61476429994,0.001,0.3883860409259796,0.38188299536705017,0.00023240476730279624,0.0062706442549824715,0.9688224944235766,2.321885175124097e-05,0.05397982105956753,1.1392714602808622,0
pc_gipmnn,2026071103,454000,35432.82523459988,0.001,0.4447276294231415,0.43572622537612915,0.0002075376542052254,0.008793851360678673,0.968761635046428,3.960048882329901e-05,0.034350134979166766,0.724976994558299,0
pc_gipmnn,2026071103,455000,35502.188714599935,0.001,0.3083067834377289,0.29610857367515564,0.00019727986364159733,0.012000931426882744,0.968831122459432,3.212475168460209e-05,0.054597793612909715,1.1523140839769046,0
pc_gipmnn,2026071103,456000,35571.0523961999,0.001,1.5626620054244995,1.550511360168457,0.00019340048311278224,0.011957324109971523,0.9688376262924715,3.8838039297589064e-05,0.04600402380083445,0.9709382199791995,0
pc_gipmnn,2026071103,457000,35641.373322499916,0.001,0.06995150446891785,0.0629800334572792,0.0001943778624990955,0.006777091417461634,0.9688250128363726,2.5818369501004574e-05,0.04745802453510485,1.0016256418206633,0
pc_gipmnn,2026071103,458000,35710.53319870005,0.001,0.3658093810081482,0.3545530140399933,0.00024248709087260067,0.01101386733353138,0.9688302822864444,3.1257521102824454e-05,0.06326890958236159,1.3353223777961964,0
pc_gipmnn,2026071103,459000,35779.71001140005,0.001,0.3916131556034088,0.3794475197792053,0.00020346013479866087,0.011962189339101315,0.9687629402581732,3.825324300864227e-05,0.03001389875321878,0.6334585330241823,0
pc_gipmnn,2026071103,460000,35848.65576029988,0.001,0.32852837443351746,0.31601402163505554,0.00024769813171587884,0.012266656383872032,0.9687827424840728,1.7813290593706244e-05,0.05380004356578854,1.1354771652305469,0
pc_gipmnn,2026071103,461000,35917.554832400056,0.001,0.03780670836567879,0.019779857248067856,0.0002344240783713758,0.01779242791235447,0.9687964447140144,3.669783222143373e-06,0.05934415895740064,1.2524885282581761,0
pc_gipmnn,2026071103,462000,35986.764942900045,0.001,0.05192217603325844,0.04585373401641846,0.00020705355564132333,0.005861387122422457,0.9688236377960815,2.439904632689853e-05,0.04474968272306242,0.9444647163011001,0
pc_gipmnn,2026071103,463000,36056.27244749991,0.001,0.027699194848537445,0.01957140490412712,0.0001923177915159613,0.007935470901429653,0.9688223983234174,2.3119656706687165e-05,0.04869652804960745,1.0277648857053978,0
pc_gipmnn,2026071103,464000,36125.70581479999,0.001,0.4012202024459839,0.3875376284122467,0.00021577910229098052,0.013466797769069672,0.9688475154562074,4.904568146924356e-05,0.06283459112357533,1.3261558667730804,0
pc_gipmnn,2026071103,465000,36194.65861289995,0.001,0.24366873502731323,0.23473337292671204,0.0001948939316207543,0.008740473538637161,0.9688285065447614,2.942459203281004e-05,0.05409654027466748,1.141734878425265,0
pc_gipmnn,2026071103,466000,36263.70238590008,0.001,0.1575273871421814,0.14835484325885773,0.00019565822731237859,0.008976899087429047,0.9688117666728596,1.2145616081364074e-05,0.04985345695060594,1.0521824560605715,0
pc_gipmnn,2026071103,467000,36333.1385476999,0.001,0.0947481244802475,0.0822712779045105,0.00021097033459227532,0.012265876866877079,0.968852183953167,5.386452639035221e-05,0.060086665597815295,1.2681595069292606,0
pc_gipmnn,2026071103,468000,36402.19594680006,0.001,0.09230620414018631,0.07335182279348373,0.00020769290858879685,0.018746687099337578,0.9688668009950236,6.895230700211866e-05,0.054446382055923385,1.149118466387864,0
pc_gipmnn,2026071103,469000,36471.995764299994,0.001,0.7816664576530457,0.7562932968139648,0.00023907955619506538,0.025134071707725525,0.9688062664327275,6.46824187396521e-06,0.06694129135781707,1.412829854959099,0
pc_gipmnn,2026071103,470000,36542.24313409999,0.001,0.1647878736257553,0.15102389454841614,0.0002180889277951792,0.013545891270041466,0.9688065506060635,6.7615669523856754e-06,0.051282064551299814,1.0823339429581438,0
pc_gipmnn,2026071103,471000,36611.550002099946,0.001,0.5625203847885132,0.5467766523361206,0.00020559257245622575,0.015538139268755913,0.9687865745283772,1.3857836109364374e-05,0.045546744366946376,0.9612871059485105,0
pc_gipmnn,2026071103,472000,36681.54674779996,0.001,0.07616375386714935,0.04005816578865051,0.00027325120754539967,0.03583234176039696,0.9687564083274803,4.499553315406747e-05,0.04084555612547612,0.8620661473053781,0
pc_gipmnn,2026071103,473000,36750.66154340003,0.001,0.43831270933151245,0.4149056077003479,0.00037767161848023534,0.023029405623674393,0.9687897785889892,1.0550589400096428e-05,0.042217078485925555,0.8910128212981059,0
pc_gipmnn,2026071103,474000,36820.78521810006,0.001,0.6171579957008362,0.608404278755188,0.00020345202938187867,0.008550302125513554,0.9688480780605288,4.962640434429772e-05,0.053491475564926415,1.1289646813052998,0
pc_gipmnn,2026071103,475000,36890.31815579999,0.001,0.1548202484846115,0.14076904952526093,0.00017557546379975975,0.013875612057745457,0.9688328084996449,3.386509046751839e-05,0.04437858613495147,0.9366325348758252,0
pc_gipmnn,2026071103,476000,36959.77035659994,0.001,0.08514418452978134,0.07125609368085861,0.0001922199153341353,0.013695873320102692,0.9687823273059951,1.8241839393969547e-05,0.03736329431757442,0.7885712483395121,0
pc_gipmnn,2026071103,477000,37030.86241220008,0.001,0.22836443781852722,0.2069312185049057,0.00022836266725789756,0.021204857155680656,0.9688127338450431,1.314393584132748e-05,0.06995126286862582,1.4763568280244366,0
pc_gipmnn,2026071103,478000,37131.08285670006,0.001,0.2213420271873474,0.21156421303749084,0.00018178018217440695,0.009596041403710842,0.9688191572926029,1.97742491772644e-05,0.05485358827216339,1.1577127598016799,0
pc_gipmnn,2026071103,479000,37230.33688579989,0.001,0.12924572825431824,0.1120365560054779,0.00022632309992332011,0.016982849687337875,0.9688047016532896,4.853069043749937e-06,0.05927974306200079,1.2511289981638376,0
pc_gipmnn,2026071103,480000,37324.669995999895,0.001,0.926531970500946,0.9153537154197693,0.00018562421610113233,0.010992634110152721,0.9688284029323823,2.931764283883715e-05,0.05264650124494472,1.1111310703645918,0
pc_gipmnn,2026071103,481000,37419.20189159992,0.001,0.7573621273040771,0.7400602698326111,0.00030471745412796736,0.016997141763567924,0.9687911624623868,9.122148651073466e-06,0.04797358450557526,1.0125067960907381,0
pc_gipmnn,2026071103,482000,37512.98142970004,0.001,0.04009763151407242,0.018740305677056313,0.0002066286251647398,0.021150698885321617,0.9687837864191445,1.673573581282203e-05,0.06015859205482909,1.2696775512300098,0
pc_gipmnn,2026071103,483000,37606.76140909991,0.001,0.3573797345161438,0.349429190158844,0.00019996956689283252,0.007750584743916988,0.9688217603696009,2.246115772180763e-05,0.05631501518127034,1.1885569148238817,0
pc_gipmnn,2026071103,484000,37701.03059999994,0.001,0.5964936017990112,0.5658114552497864,0.00018787903536576778,0.030494293197989464,0.9686758383413945,0.00012816025867621282,0.029265418215794193,0.6176614722313626,0
pc_gipmnn,2026071103,485000,37794.76344650006,0.001,1.6481329202651978,1.6303354501724243,0.00028993195155635476,0.017507502809166908,0.9688536232375661,5.535016264046301e-05,0.0660070782341143,1.3931128138729512,0
pc_gipmnn,2026071103,486000,37888.566673099995,0.001,0.4052654206752777,0.3906923234462738,0.00020786095410585403,0.014365218579769135,0.9688067053012924,6.921244108620135e-06,0.03233450069574377,0.6824360122357859,0
pc_gipmnn,2026071103,487000,37984.024325799895,0.001,0.40712684392929077,0.3965321481227875,0.0002155572728952393,0.010379145853221416,0.968816638016696,1.7173840520279414e-05,0.045985933076208615,0.9705564060743466,0
pc_gipmnn,2026071103,488000,38078.44837459992,0.001,0.149505615234375,0.1296716034412384,0.0002355222823098302,0.019598480314016342,0.9688136051738565,1.4043325615722944e-05,0.032545002272066054,0.6868787546076709,0
pc_gipmnn,2026071103,489000,38172.95911039994,0.001,0.12781459093093872,0.11198792606592178,0.00021163826750125736,0.015615027397871017,0.9688243166329527,2.509974499655136e-05,0.04154469327692491,0.876821790948374,0
pc_gipmnn,2026071103,490000,38271.35198200005,0.001,0.07283152639865875,0.059120722115039825,0.0002020459360210225,0.013508763164281845,0.9688006070111835,6.265598508875889e-07,0.05155593511346821,1.0881141198680528,0
pc_gipmnn,2026071103,491000,38366.34534829995,0.001,0.033668965101242065,0.014853060245513916,0.0002360146027058363,0.018579890951514244,0.9688114860209276,1.1855925812962412e-05,0.05441304478484292,1.1484148663988292,0
pc_gipmnn,2026071103,492000,38461.351817799965,0.001,0.37465527653694153,0.35329848527908325,0.00022343220189213753,0.02113337256014347,0.9687732360056713,2.762592313032635e-05,0.06389616008041088,1.3485608172138808,0
pc_gipmnn,2026071103,493000,38561.48980579991,0.001,0.15984925627708435,0.14497846364974976,0.0001763969485182315,0.014694396406412125,0.9687861055950358,1.4341871350374795e-05,0.04381562434931817,0.9247509412911963,0
pc_gipmnn,2026071103,494000,38652.03922699997,0.001,0.022812489420175552,0.012395904399454594,0.00019233742204960436,0.01022424828261137,0.9688205518367542,2.1213704329274616e-05,0.0458610698970392,0.9679211054439374,0
pc_gipmnn,2026071103,495000,38743.962975400034,0.001,0.4419264793395996,0.43567612767219543,0.00018404668662697077,0.006066291127353907,0.9687962540472089,3.8665904119195995e-06,0.043912697841039725,0.9267997264945806,0
pc_gipmnn,2026071103,496000,38835.86989449989,0.001,0.9756276607513428,0.9250108599662781,0.00032743311021476984,0.05028936639428139,0.968794555785218,5.6195445726580155e-06,0.04577613047273595,0.9661284158784313,0
pc_gipmnn,2026071103,497000,38927.863564800005,0.001,0.020765312016010284,0.012559562921524048,0.0001784706546459347,0.008027277886867523,0.9687932596898683,6.957380400189074e-06,0.04118969688213381,0.8693294122566811,0
pc_gipmnn,2026071103,498000,39020.187541099964,0.001,0.05902784317731857,0.04301269352436066,0.00022643408738076687,0.015788717195391655,0.9688139351618996,1.4383940854278791e-05,0.06950184195809361,1.4668715721089385,0
pc_gipmnn,2026071103,499000,39112.19157440006,0.001,0.07296069711446762,0.04821529611945152,0.00018675100000109524,0.024558650329709053,0.9688145308091725,1.4998770822113804e-05,0.041956326689150156,0.8855095225755082,0
pc_gipmnn,2026071103,500000,39204.124472799944,0.001,0.029049847275018692,0.018420277163386345,0.0001978957443498075,0.010431675240397453,0.9688266050355467,2.7461845114311614e-05,0.061206718878624514,1.291798798645544,1
pc_gipmnn,2026071103,501000,39295.85151529987,0.001,0.37058961391448975,0.3565090298652649,0.00020664131443481892,0.013873938471078873,0.9688151109388513,1.559758345511444e-05,0.06275080449403553,1.3243875075248628,1
pc_gipmnn,2026071103,502000,39388.091019999934,0.001,0.5616157054901123,0.5489270687103271,0.00019829015946015716,0.012490360997617245,0.9688493154005774,5.090359266866103e-05,0.06278306955974211,1.3250684780764888,1
pc_gipmnn,2026071103,503000,39480.037534999894,0.001,0.07046416401863098,0.06470193713903427,0.00017365776875521988,0.005588567815721035,0.9688192395667256,1.985917292068497e-05,0.051176546561747145,1.0801069323515153,1
pc_gipmnn,2026071103,504000,39572.4132385999,0.001,0.3557770848274231,0.34792467951774597,0.00017894734628498554,0.007673478685319424,0.9688177004534776,1.8270492854663696e-05,0.052084514317287084,1.0992700516512333,1
pc_gipmnn,2026071103,505000,39664.70329159987,0.001,0.25969040393829346,0.23479712009429932,0.00028133721207268536,0.024611935019493103,0.9687536377904786,4.785529471652221e-05,0.03838124064123339,0.8100555210154574,1
pc_gipmnn,2026071103,506000,39756.58741039992,0.001,0.15488776564598083,0.14138710498809814,0.00018023781012743711,0.013320422731339931,0.9687879394177789,1.2448990731978316e-05,0.04230582223010886,0.8928858029612896,1
pc_gipmnn,2026071103,507000,39848.33880200004,0.001,0.13012143969535828,0.11973434686660767,0.00021715517505072057,0.01016993448138237,0.9688377469454625,3.8962577892802185e-05,0.06455036108389403,1.3623680606972,1
pc_gipmnn,2026071103,508000,39944.426862400025,0.001,0.028446519747376442,0.01662055216729641,0.00018275334150530398,0.011643214151263237,0.9688102242580131,1.0553528089506601e-05,0.05093875659073885,1.0750882545902123,1
pc_gipmnn,2026071103,509000,40042.66681990004,0.001,2.5430748462677,2.535491466522217,0.0001834962604334578,0.007399835158139467,0.9688013343941081,1.3773679893672489e-06,0.0511861447219428,1.0803095063832084,1
pc_gipmnn,2026071103,510000,40144.533147299895,0.001,0.06884723156690598,0.05229819938540459,0.00018324908160138875,0.0163657795637846,0.9687943414669569,5.840764908267065e-06,0.0472712007483665,0.9976826311890103,1
pc_gipmnn,2026071103,511000,40253.43840019987,0.001,0.2970220148563385,0.28846344351768494,0.00016194376803468913,0.008396634832024574,0.9687769490491226,2.3793301896574397e-05,0.035760849497571856,0.7547508388926333,1
pc_gipmnn,2026071103,512000,40347.7848710001,0.001,0.7854288220405579,0.7735657095909119,0.00019309726485516876,0.011669989675283432,0.9687304097603594,7.183137865461748e-05,0.0373529292197716,0.7883524877012219,1
pc_gipmnn,2026071103,513000,40444.634282100014,0.001,0.22875770926475525,0.2178192436695099,0.00021400341938715428,0.010724454186856747,0.9688315430036709,3.255883946213838e-05,0.06279223379240036,1.3252618938477525,1
pc_gipmnn,2026071103,514000,40544.10757469991,0.001,0.3822718560695648,0.3738059997558594,0.0001723110763123259,0.00829354114830494,0.9687958588533125,4.2745114445221136e-06,0.03597200821729659,0.7592074506088219,1
pc_gipmnn,2026071103,515000,40642.36162990006,0.001,0.09152333438396454,0.08293855935335159,0.00019732597866095603,0.008387449197471142,0.9688187137309574,1.9316402722346457e-05,0.046222475377528834,0.9755487511350295,1
pc_gipmnn,2026071103,516000,40744.270675699925,0.001,0.045420609414577484,0.034157976508140564,0.00018289322906639427,0.011079737916588783,0.9687962108107036,3.9112193398468965e-06,0.03841112816598933,0.8106863123612699,1
pc_gipmnn,2026071103,517000,40842.54477580008,0.001,0.02661075070500374,0.014695297926664352,0.0001979371445486322,0.011717515997588634,0.9688143449226297,1.480689784243378e-05,0.05019346220898433,1.0593584392263635,1
pc_gipmnn,2026071103,518000,40947.937004799955,0.001,0.06461553275585175,0.05743511766195297,0.00017682489124126732,0.007003589067608118,0.9687968288982652,3.27322639838539e-06,0.034693876710707915,0.7322318378824405,1
pc_gipmnn,2026071103,519000,41078.484219999984,0.001,0.09516243636608124,0.08469364047050476,0.00020077964290976524,0.010268021374940872,0.9688415047065967,4.2841356933005354e-05,0.06223321130419566,1.3134634411303192,1
pc_gipmnn,2026071103,520000,41205.0664268001,0.001,0.15959781408309937,0.15068112313747406,0.0002132209192495793,0.008703469298779964,0.9688166832931543,1.7220575097332733e-05,0.05805005329967027,1.225175772982214,1
pc_gipmnn,2026071103,521000,41334.05048229988,0.001,0.10064688324928284,0.0894831120967865,0.0002035092475125566,0.010960259474813938,0.9688212415601297,2.1925640100872786e-05,0.05662249925077406,1.195046521828878,1
pc_gipmnn,2026071103,522000,41464.27219070005,0.001,0.02462043985724449,0.013567945919930935,0.00017653698159847409,0.010875956155359745,0.968836179991788,3.734516080507289e-05,0.050874280168661995,1.0737274470497034,1
pc_gipmnn,2026071103,523000,41571.55815050006,0.001,0.19078662991523743,0.17231076955795288,0.0002196729910792783,0.01825619488954544,0.9688115101456097,1.1880827425411686e-05,0.06013118244540472,1.2690990575421524,1
pc_gipmnn,2026071103,524000,41674.70564320008,0.001,0.024756692349910736,0.015092109329998493,0.00017506068979855627,0.009489523246884346,0.9687654020362596,3.5712183877364133e-05,0.03582587791406277,0.7561232965547956,1
pc_gipmnn,2026071103,525000,41775.78070060001,0.001,0.05098922923207283,0.03958941623568535,0.00016939127817749977,0.011230421252548695,0.9687886581822016,1.1707078652335482e-05,0.03716853073484134,0.7844606642924662,1
pc_gipmnn,2026071103,526000,41880.375209599966,0.001,0.042385026812553406,0.02575407177209854,0.00018174026627093554,0.0164492167532444,0.9688125025103342,1.2905151046908189e-05,0.04636743568749814,0.9786082118886925,1
pc_gipmnn,2026071103,527000,41981.31793550006,0.001,0.6226273775100708,0.5877413749694824,0.00019085401436313987,0.03469511866569519,0.9688485115635174,5.007386820538061e-05,0.04762548032499063,1.0051598810702735,1
pc_gipmnn,2026071103,528000,42080.20546910004,0.001,1.2112973928451538,1.2019217014312744,0.00018333940533921123,0.009192305617034435,0.9688033363055416,3.443750559054976e-06,0.04688218822719891,0.9894723249234696,1
pc_gipmnn,2026071103,529000,42179.332618899876,0.001,0.9182133674621582,0.9069256782531738,0.0001996323117054999,0.011088102124631405,0.9687961771993462,3.945913143897285e-06,0.05448038118138271,1.1498360351487455,1
pc_gipmnn,2026071103,530000,42278.47240930004,0.001,0.3991607129573822,0.38010066747665405,0.00028206559363752604,0.018777966499328613,0.9688133827929379,1.3813782966498509e-05,0.07170350662597526,1.5133388199061915,1
pc_gipmnn,2026071103,531000,42376.49638550007,0.001,0.07070379704236984,0.0407385528087616,0.00021082325838506222,0.02975442260503769,0.9687527951637807,4.872505802987088e-05,0.03367259830360911,0.7106772398980415,1
pc_gipmnn,2026071103,532000,42476.06544029992,0.001,0.09827384352684021,0.08074861764907837,0.00023321966000366956,0.01729201152920723,0.968817039960355,1.7588728690089485e-05,0.06594813375605524,1.3918687608124616,1
pc_gipmnn,2026071103,533000,42575.416956299916,0.001,1.6216750144958496,1.6074599027633667,0.00021456902322825044,0.014000572264194489,0.9688306499445772,3.163701958840159e-05,0.06083222540186919,1.2838949241651545,1
pc_gipmnn,2026071103,534000,42675.04296169989,0.001,0.036125898361206055,0.022694455459713936,0.00024047677288763225,0.01319096703082323,0.9687796210998899,2.103519829694998e-05,0.043300699636906165,0.9138831944641558,1
pc_gipmnn,2026071103,535000,42780.386431900086,0.001,0.26299095153808594,0.25536730885505676,0.0001793104747775942,0.007444311399012804,0.9688166820189329,1.7219259839905955e-05,0.043845966965234,0.9253913375664085,1
pc_gipmnn,2026071103,536000,42885.95267120004,0.001,0.0286248791962862,0.013422136195003986,0.00020855673938058317,0.014994186349213123,0.9688381046890953,3.933184258388119e-05,0.04569736771187581,0.9644660879229187,1
pc_gipmnn,2026071103,537000,42984.60779819987,0.001,0.13674862682819366,0.12497349083423615,0.0002910751209128648,0.011484058573842049,0.9688138377593472,1.428340147311855e-05,0.05485325650229849,1.157705757630664,1
pc_gipmnn,2026071103,538000,43082.070375500014,0.001,0.052594587206840515,0.03549214452505112,0.00021934905089437962,0.01688309572637081,0.9688712607172068,7.35556535990461e-05,0.06851601445532635,1.4460651834137386,1
pc_gipmnn,2026071103,539000,43180.42850399995,0.001,0.0362972691655159,0.024233728647232056,0.00016168583533726633,0.011901854537427425,0.9687833073510511,1.7230232193310748e-05,0.038540280980870846,0.8134121479257687,1
pc_gipmnn,2026071103,540000,43279.079318899894,0.001,0.39254820346832275,0.3786225914955139,0.00017820652283262461,0.013747384771704674,0.9687953557619564,4.793804751840357e-06,0.03146934155498285,0.6641763904304014,1
pc_gipmnn,2026071103,541000,43377.207926,0.001,0.1270909458398819,0.11747673153877258,0.00022013044508639723,0.009394092485308647,0.9688248032917703,2.5602076558988224e-05,0.0687011025280945,1.4499715609230388,1
pc_gipmnn,2026071103,542000,43476.56241180003,0.001,0.673088550567627,0.6653704643249512,0.00020241847960278392,0.0075156958773732185,0.9688397569954317,4.103736109793913e-05,0.06058971168300294,1.2787765493130778,1
pc_gipmnn,2026071103,543000,43576.12389239995,0.001,0.4240696430206299,0.40522703528404236,0.0003481519815977663,0.018494468182325363,0.9688318185493437,3.2843259025344695e-05,0.11144300765447994,2.352061114254236,1
pc_gipmnn,2026071103,544000,43675.82794889994,0.001,0.4319116473197937,0.4162103235721588,0.00018203549552708864,0.015519284643232822,0.9688637710769724,6.582481107805396e-05,0.0599230013143422,1.26470528934261,1
pc_gipmnn,2026071103,545000,43774.759187899996,0.001,0.10952915251255035,0.09211540222167969,0.00017445810954086483,0.017239291220903397,0.9687471603005374,5.454139085731851e-05,0.037550122867971825,0.7925143595106018,1
pc_gipmnn,2026071103,546000,43871.998255899874,0.001,0.16119179129600525,0.15311618149280548,0.00017593837401364,0.007899671792984009,0.9688163078320753,1.6833022373338916e-05,0.042528513542565996,0.8975858158875075,1
pc_gipmnn,2026071103,547000,43973.31767660007,0.001,0.06852790713310242,0.03879331052303314,0.00019541730580385774,0.029539182782173157,0.9688085329022917,8.807702613281231e-06,0.042564863044659305,0.8983529905375426,1
pc_gipmnn,2026071103,548000,44079.20867309999,0.001,0.02671508863568306,0.015793371945619583,0.00019878637976944447,0.010722928680479527,0.9688134354972465,1.3868184606242585e-05,0.05405616236231054,1.1408826821365219,1
pc_gipmnn,2026071103,549000,44186.40114030009,0.001,0.030082250013947487,0.021584808826446533,0.00017674181435722858,0.008320698514580727,0.9687579570584872,4.3396925591222695e-05,0.0378393155989405,0.7986179185525949,1
pc_gipmnn,2026071103,550000,44288.13427839987,0.001,0.0951375663280487,0.08501909673213959,0.00028955700690858066,0.009828913025557995,0.9688093644617135,9.666042231123516e-06,0.044687826906455196,0.943159217966172,1
pc_gipmnn,2026071103,551000,44381.93467650004,0.001,0.4954494833946228,0.48627910017967224,0.0001803745108190924,0.008990018628537655,0.9688403603871717,4.166018494188754e-05,0.04943878931626547,1.0434306856390847,1
pc_gipmnn,2026071103,552000,44475.283108300064,0.001,0.35478904843330383,0.3365393877029419,0.00020873865287285298,0.018040921539068222,0.9688243163420062,2.5099444680191817e-05,0.06659832082781954,1.4055912882340926,1
pc_gipmnn,2026071103,553000,44568.646023900015,0.001,0.05711750313639641,0.04209332913160324,0.00023597732069902122,0.014788195490837097,0.9687829680792882,1.7580430131900574e-05,0.03675024637157776,0.7756325609754493,1
pc_gipmnn,2026071103,554000,44661.9702637,0.001,0.0781165063381195,0.04709923267364502,0.0002080934209516272,0.030809178948402405,0.9688333624255128,3.4436855401293256e-05,0.062472696583780234,1.318517899237674,1
pc_gipmnn,2026071103,555000,44755.244342399994,0.001,1.3142402172088623,1.2899812459945679,0.00018792363698594272,0.024071114137768745,0.968722315583888,8.01862263748973e-05,0.027461192374033796,0.5795823721330026,1
pc_gipmnn,2026071103,556000,44848.579373999964,0.001,0.06684479862451553,0.04526783525943756,0.00019497686298564076,0.021381985396146774,0.9688369182919286,3.8107237746330326e-05,0.055533567774401,1.1720640715561301,1
pc_gipmnn,2026071103,557000,44942.81135299988,0.001,0.14783313870429993,0.13832210004329681,0.00023640348808839917,0.009274627082049847,0.9688299050926754,3.0868179887922825e-05,0.0635893470392593,1.342085372602083,1
pc_gipmnn,2026071103,558000,45035.01740100002,0.001,0.03926501423120499,0.022235911339521408,0.0001974410843104124,0.016831662505865097,0.9688308524706915,3.1846068013476375e-05,0.054520471359964975,1.150682158670458,1
pc_gipmnn,2026071103,559000,45133.04926880007,0.001,0.022971708327531815,0.017015762627124786,0.00018754685879684985,0.005768400151282549,0.9687968961430227,3.2038160377030714e-06,0.03830550769356898,0.8084571388018189,1
pc_gipmnn,2026071103,560000,45229.51686950005,0.001,0.07111803442239761,0.0662856176495552,0.0001799107267288491,0.004652504343539476,0.9687894147231657,1.0926173445793887e-05,0.036307723114403036,0.7662928835272164,1
pc_gipmnn,2026071103,561000,45324.026102500036,0.001,0.03631441667675972,0.030643461272120476,0.0001821104233385995,0.005488844122737646,0.9688072191139575,7.451604002387331e-06,0.049286172496819165,1.0402096303754493,1
pc_gipmnn,2026071103,562000,45418.7157401999,0.001,0.36355969309806824,0.3512926399707794,0.0002290599950356409,0.012037980370223522,0.9688490994765283,5.068071483104222e-05,0.043731819929332914,0.9229822065666178,1
pc_gipmnn,2026071103,563000,45513.3826574001,0.001,0.2873837351799011,0.2790180444717407,0.00018527806969359517,0.008180414326488972,0.9688290742698057,3.0010600542625525e-05,0.041764830224658114,0.8814678927134951,1
pc_gipmnn,2026071103,564000,45604.08778199996,0.001,0.08738233149051666,0.03824804350733757,0.00039791103336028755,0.04873637482523918,0.9688780313646476,8.054434831499621e-05,0.07881244404961422,1.6633765443872908,1
pc_gipmnn,2026071103,565000,45697.82342440006,0.001,0.22129270434379578,0.20999927818775177,0.0001820575853344053,0.011111367493867874,0.9686931059209826,0.00011033658032352163,0.043777968689676976,0.9239561995246401,1
pc_gipmnn,2026071103,566000,45793.06642200006,0.001,0.16490894556045532,0.15326949954032898,0.00019937077013310045,0.011440073139965534,0.968838057846002,3.928349091863226e-05,0.05018238224299511,1.0591245909329712,1
pc_gipmnn,2026071103,567000,45885.681044100085,0.001,0.2569604516029358,0.24876053631305695,0.00018171001283917576,0.008018205873668194,0.9687806335300579,1.9990163028540856e-05,0.03514401028661243,0.7417321349615338,1
pc_gipmnn,2026071103,568000,45982.63284799992,0.001,0.12561187148094177,0.11104059964418411,0.0002270774421049282,0.014344197697937489,0.9688251856659191,2.599676498672202e-05,0.053254257153798897,1.123958066604734,1
pc_gipmnn,2026071103,569000,46091.88675100007,0.001,0.01641879417002201,0.010784988291561604,0.000209099700441584,0.005424705799669027,0.9688325722552079,3.362123782815735e-05,0.06130607575854129,1.2938957759131569,1
pc_gipmnn,2026071103,570000,46200.071965199895,0.001,0.1830310970544815,0.16026200354099274,0.000207304343348369,0.02256178669631481,0.968834991762502,3.611866484515917e-05,0.059385749591396926,1.253366319651272,1
pc_gipmnn,2026071103,571000,46293.725437799934,0.001,0.22448942065238953,0.21544010937213898,0.00021881538850720972,0.008830495178699493,0.968842881903735,4.426290641517947e-05,0.05755744635519291,1.2147790539497458,1
pc_gipmnn,2026071103,572000,46384.4492875,0.001,0.2185327261686325,0.20964571833610535,0.0001815382856875658,0.008705471642315388,0.9687971677790342,2.923432045575828e-06,0.04025889970001463,0.8496844663475788,1
pc_gipmnn,2026071103,573000,46472.22632590006,0.001,0.6358715295791626,0.628728985786438,0.00019675596558954567,0.006945808418095112,0.9688130979885287,1.3519806491190424e-05,0.054687110664050756,1.1541991655737691,1
pc_gipmnn,2026071103,574000,46565.26303979987,0.001,0.054611094295978546,0.04944216459989548,0.00017875057528726757,0.004990179557353258,0.9688140611106749,1.4513945783364293e-05,0.048418234533028376,1.0218913601027495,1
pc_gipmnn,2026071103,575000,46656.75492380001,0.001,0.25894373655319214,0.25105923414230347,0.00019413481641095132,0.007690359838306904,0.9688460755119676,4.7559364128363146e-05,0.06119521189277299,1.2915559378817034,1
pc_gipmnn,2026071103,576000,46743.710210399935,0.001,0.016322223469614983,0.009857792407274246,0.00018688684212975204,0.0062775444239377975,0.9688047953071514,4.9497390084246314e-06,0.04496085372725187,0.9489215872871377,1
pc_gipmnn,2026071103,577000,46828.85459650005,0.0002,0.08699347078800201,0.08216138929128647,0.00019292734214104712,0.0046391561627388,0.9688213280051768,2.2014869092533108e-05,0.053817233915577606,1.1358399762684959,1
pc_gipmnn,2026071103,578000,46913.85945250001,0.0002,0.020354170352220535,0.01609397679567337,0.0001883362710941583,0.004071857780218124,0.9688060029909863,6.196316046963227e-06,0.04136049109665647,0.8729341106489198,1
pc_gipmnn,2026071103,579000,46998.98195579997,0.0002,0.16524240374565125,0.16053244471549988,0.00018649511912371963,0.004523474257439375,0.9688172053361472,1.77594303749394e-05,0.04940196325922029,1.0426534530554503,1
pc_gipmnn,2026071103,580000,47084.29631490004,0.0002,0.05003536120057106,0.043206837028265,0.00018709518190007657,0.0066414279863238335,0.968818820135325,1.942623382025128e-05,0.045511279855943734,0.9605386094836271,1
pc_gipmnn,2026071103,581000,47169.4631713999,0.0002,0.08518103510141373,0.08065931499004364,0.00017664393817540258,0.004345073830336332,0.9687999744414205,2.6381688145190057e-08,0.036835297743711144,0.7774276132566038,1
pc_gipmnn,2026071103,582000,47255.146838000044,0.0002,0.15925265848636627,0.1535763442516327,0.00017276909784413874,0.005503547843545675,0.9688167690249286,1.730906784541938e-05,0.044132259654974144,0.9314336897696154,1
pc_gipmnn,2026071103,583000,47340.143307700055,0.0002,0.057569392025470734,0.0535113662481308,0.00017949726316146553,0.003878530580550432,0.9688158351793048,1.634514791991414e-05,0.048656425113887555,1.026918492937835,1
pc_gipmnn,2026071103,584000,47425.58182860003,0.0002,0.1676941066980362,0.16216208040714264,0.00018953699327539653,0.00534247700124979,0.9688301374787185,3.110804987458188e-05,0.05115737576488251,1.079702322975085,1
pc_gipmnn,2026071103,585000,47510.59627879993,0.0002,0.3883684575557709,0.38314130902290344,0.00016861235781107098,0.005058518145233393,0.9687793787175537,2.1285386505250853e-05,0.029359652266691752,0.6196503295981881,1
pc_gipmnn,2026071103,586000,47595.98626699997,0.0002,0.23725417256355286,0.23212052881717682,0.00018054238171316683,0.004953100811690092,0.9688148714390147,1.5350370576677695e-05,0.04315031743846788,0.9107093020085664,1
pc_gipmnn,2026071103,587000,47681.06944049988,0.0002,0.18745891749858856,0.1820654273033142,0.0001865070516942069,0.005206994246691465,0.9688237074286123,2.4470921358744586e-05,0.049579817918487076,1.046407165709611,1
pc_gipmnn,2026071103,588000,47765.800453899894,0.0002,0.8970809578895569,0.8912276029586792,0.0002030606847256422,0.005650272127240896,0.9688317628032302,3.2785717619994656e-05,0.061635734035731804,1.300853380800992,1
pc_gipmnn,2026071103,589000,47850.18609869992,0.0002,0.3736025393009186,0.3686939775943756,0.00019124809477943927,0.0047173346392810345,0.9688176002302292,1.8167041937686905e-05,0.050853601328094494,1.0732910096472108,1
pc_gipmnn,2026071103,590000,47935.320325299865,0.0002,0.07476560771465302,0.06965284049510956,0.0001783784246072173,0.0049343835562467575,0.9688193449958848,1.9967997403851446e-05,0.04932759601801219,1.0410838947682022,1
pc_gipmnn,2026071103,591000,48020.93177590007,0.0002,0.04638996347784996,0.0414661280810833,0.00018504935724195093,0.004738786723464727,0.968833293742105,3.436596005887065e-05,0.057925344254246586,1.2225437254225657,1
pc_gipmnn,2026071103,592000,48106.82032749988,0.0002,0.9902679920196533,0.9843373894691467,0.00018959736917167902,0.005741022061556578,0.9688294951973635,3.0445083983799465e-05,0.05441273938151206,1.148408420706867,1
pc_gipmnn,2026071103,593000,48191.62036180007,0.0002,0.04129437357187271,0.03487047925591469,0.0001856976596172899,0.006238196045160294,0.9688298540063923,3.081544838184036e-05,0.05217917536995237,1.1012679211066116,1
pc_gipmnn,2026071103,594000,48276.89508350007,0.0002,0.3434341251850128,0.337498277425766,0.0001835121656768024,0.00575232831761241,0.9688275976939904,2.8486471914131926e-05,0.051612384230418945,1.089305507068634,1
pc_gipmnn,2026071103,595000,48361.75391849992,0.0002,0.4406651556491852,0.43649721145629883,0.00018177593301516026,0.003986172378063202,0.9688053321078478,5.503827258268782e-06,0.04244324575303302,0.8957861960075352,1
pc_gipmnn,2026071103,596000,48446.41543899989,0.0002,0.08697868138551712,0.08250565826892853,0.00017674399714451283,0.004296277649700642,0.968818804015028,1.9409594372380524e-05,0.04850746784208019,1.0237746742804117,1
pc_gipmnn,2026071103,597000,48531.86303279991,0.0002,0.33220797777175903,0.3259201645851135,0.0001717967097647488,0.006116013042628765,0.9687547903538564,4.666561327789957e-05,0.02753008799389521,0.5810364490807541,1
pc_gipmnn,2026071103,598000,48617.01618300006,4e-05,0.33144357800483704,0.32744407653808594,0.0001793327392078936,0.0038201934657990932,0.9688139721879888,1.4422159360879377e-05,0.047084421605186395,0.9937405627822629,1
pc_gipmnn,2026071103,599000,48701.98347670003,4e-05,0.2979547381401062,0.2938048541545868,0.00018069625366479158,0.003969182725995779,0.9688203122171372,2.0966367812927243e-05,0.049678169672228926,1.0484829292802795,1
pc_gipmnn,2026071103,600000,48786.9551756999,4e-05,0.29286718368530273,0.28834840655326843,0.0001872170396381989,0.004331554286181927,0.9688254746707624,2.629507717012323e-05,0.05473818586117853,1.1552771334749907,1
pc_gipmnn,2026071103,601000,48872.0074459,4e-05,0.08503594249486923,0.08054493367671967,0.00018712393648456782,0.0043038842268288136,0.968828140500759,2.9046759660461566e-05,0.05649473995838601,1.1923500972623207,1
pc_gipmnn,2026071103,602000,48957.12791719986,4e-05,0.7404834032058716,0.736505925655365,0.00017993089568335563,0.0037975385785102844,0.9688132586652319,1.3685657753861562e-05,0.046707057887623915,0.9857761104160722,1
pc_gipmnn,2026071103,603000,49042.04084479995,4e-05,0.1992039680480957,0.19504666328430176,0.00017955740622710437,0.003977752756327391,0.9688166686352147,1.7205445101833312e-05,0.049157731243819065,1.0374988126848117,1
pc_gipmnn,2026071103,604000,49127.29337109998,4e-05,0.04725929722189903,0.043214164674282074,0.0001795728603610769,0.003865560283884406,0.9688175920697327,1.8158618634114687e-05,0.05141185291502582,1.0850731921028645,1
pc_gipmnn,2026071103,605000,49212.30153930001,4e-05,0.41225507855415344,0.40789473056793213,0.00018151495896745473,0.004178835079073906,0.9688226980191724,2.3429004100360326e-05,0.05192753098944005,1.0959568390164844,1
pc_gipmnn,2026071103,606000,49297.01917039999,4e-05,0.19061359763145447,0.18642137944698334,0.00018149125389754772,0.0040107290260493755,0.9688189841990085,1.959558114004545e-05,0.05159519783073004,1.0889427793995492,1
pc_gipmnn,2026071103,607000,49381.3291056999,4e-05,0.07274986058473587,0.06858373433351517,0.00018001375428866595,0.003986111376434565,0.9688177078497779,1.827812735130899e-05,0.05141001723444702,1.0850344491346113,1
pc_gipmnn,2026071103,608000,49465.73730949988,4e-05,0.041628167033195496,0.03745708987116814,0.00017901002138387412,0.003992065787315369,0.9688161284312311,1.6647843962748264e-05,0.04948286831784545,1.0443609952902102,1
pc_gipmnn,2026071103,609000,49550.50673220004,4e-05,0.05068008229136467,0.046392377465963364,0.00018213326984550804,0.00410557072609663,0.9688176120079816,1.8179198990049586e-05,0.05065275857084693,1.069052121543381,1
pc_gipmnn,2026071103,610000,49635.699611299904,4e-05,0.5970563292503357,0.59291011095047,0.00017764128278940916,0.0039686160162091255,0.9688116809426925,1.2057124992309088e-05,0.04480277165374401,0.9455851850687831,1
pc_gipmnn,2026071103,611000,49719.93925539986,4e-05,0.8564123511314392,0.8522122502326965,0.00018107806681655347,0.004019011743366718,0.9688219904484658,2.2698646228166084e-05,0.05187960809879441,1.0949454021399805,1
pc_gipmnn,2026071103,612000,49804.35020019999,4e-05,0.020380841568112373,0.016368351876735687,0.00018177951278630644,0.003830710658803582,0.9688161505699624,1.667069566722044e-05,0.048881098151208106,1.0316603311708936,1
pc_gipmnn,2026071103,613000,49890.56256689993,4e-05,0.030872128903865814,0.026700392365455627,0.00017793962615542114,0.003993797115981579,0.9688103496137388,1.068292086994489e-05,0.04795956962900701,1.0122110050232584,1
pc_gipmnn,2026071103,614000,49975.44789740001,4e-05,0.019091248512268066,0.014576313085854053,0.00018604616343509406,0.00432888837531209,0.9688247233635349,2.5519574251520587e-05,0.054942599065444984,1.1595913776713236,1
pc_gipmnn,2026071103,615000,50059.89228819986,4e-05,0.033407244831323624,0.028743036091327667,0.00018583849305287004,0.004478370770812035,0.9688267891359154,2.7651874396533427e-05,0.056880625600042437,1.2004944091522431,1
pc_gipmnn,2026071103,616000,50144.734418399865,4e-05,0.104033462703228,0.09981018304824829,0.00018076563719660044,0.004042515996843576,0.9688207549931236,2.1423403306766182e-05,0.05406708882459548,1.141113290656497,1
pc_gipmnn,2026071103,617000,50229.236556199845,4e-05,0.2999124228954315,0.2958994507789612,0.00018005275342147797,0.0038328927475959063,0.9688124904806544,1.289273395379522e-05,0.047917588547398186,1.0113249730355667,1
pc_gipmnn,2026071103,618000,50314.7501679,4e-05,0.19896408915519714,0.19459807872772217,0.00018304502009414136,0.004182957578450441,0.9688207406314667,2.140857913576727e-05,0.051386734657084494,1.0845430585484581,1
pc_gipmnn,2026071103,619000,50399.409479999915,8.000000000000001e-06,0.11068418622016907,0.10655040293931961,0.0001819617027649656,0.003951822407543659,0.9688181788575244,1.8764303803076143e-05,0.0507241787576685,1.0705594807553345,1
pc_gipmnn,2026071103,620000,50484.73682800005,8.000000000000001e-06,0.41823458671569824,0.41419586539268494,0.00018155247380491346,0.0038571699988096952,0.9688163720803856,1.6899339786983193e-05,0.05012122556546483,1.0578338482823249,1
pc_gipmnn,2026071103,621000,50569.24038959993,8.000000000000001e-06,0.8260962963104248,0.8220694065093994,0.0001783560583135113,0.003848540596663952,0.9688141046514079,1.4558888736521852e-05,0.04824195832083022,1.0181709613733398,1
pc_gipmnn,2026071103,622000,50654.02746380004,8.000000000000001e-06,0.23960506916046143,0.23546823859214783,0.0001807147782528773,0.003956108819693327,0.9688178790720746,1.8454863825993466e-05,0.05099659432201039,1.0763089491992652,1
pc_gipmnn,2026071103,623000,50738.62932499987,8.000000000000001e-06,0.13351893424987793,0.12939052283763885,0.00018278825154993683,0.003945622593164444,0.9688195077398913,2.013598254680489e-05,0.0524364548234754,1.106697934266381,1
pc_gipmnn,2026071103,624000,50823.944832599955,8.000000000000001e-06,0.22772401571273804,0.22369563579559326,0.00017901336832437664,0.0038493729662150145,0.9688165975665938,1.7132087730985733e-05,0.04987548217634922,1.0526473096040443,1
pc_gipmnn,2026071103,625000,50908.47688729991,8.000000000000001e-06,0.16409647464752197,0.15997470915317535,0.00018107236246578395,0.00394069030880928,0.9688183052951521,1.889481332795335e-05,0.0513090047961023,1.0829025304679576,1
pc_gipmnn,2026071103,626000,50993.46164970007,8.000000000000001e-06,0.039070408791303635,0.03492267057299614,0.00018095900304615498,0.0039667775854468346,0.9688193308530104,1.9953399061131444e-05,0.05221805875344362,1.1020885746067752,1
pc_gipmnn,2026071103,627000,51079.03484450001,8.000000000000001e-06,0.27651187777519226,0.27236491441726685,0.0001809923123801127,0.003965971991419792,0.9688201461609466,2.0794963817700303e-05,0.05237970304261249,1.1055001591906564,1
pc_gipmnn,2026071103,628000,51163.90131009999,8.000000000000001e-06,0.043220583349466324,0.03900820389389992,0.00018050408107228577,0.00403187470510602,0.9688193800107999,2.0004139966896977e-05,0.05184317831638537,1.0941765331332258,1
pc_gipmnn,2026071103,629000,51248.90971349995,8.000000000000001e-06,0.024712150916457176,0.02064082771539688,0.0001786346110748127,0.0038926885463297367,0.9688176106002008,1.817774587198514e-05,0.0501899170762029,1.0592836174036617,1
pc_gipmnn,2026071103,630000,51334.271021299995,8.000000000000001e-06,0.17507238686084747,0.1709354817867279,0.0001802540646167472,0.003956642001867294,0.9688193800710404,2.0004202147408198e-05,0.052675039767920144,1.111733390344656,1
pc_gipmnn,2026071103,631000,51419.14453199995,8.000000000000001e-06,0.02731366455554962,0.023224353790283203,0.000180535382241942,0.0039087762124836445,0.968818895954894,1.950449514246074e-05,0.05152797330489865,1.087523971737588,1
pc_gipmnn,2026071103,632000,51503.882341800025,8.000000000000001e-06,0.22962701320648193,0.225403293967247,0.0001808320957934484,0.004042893182486296,0.9688192808967689,1.99018339894171e-05,0.05238483624681677,1.105608498064979,1
pc_gipmnn,2026071103,633000,51588.69293630007,8.000000000000001e-06,0.23936603963375092,0.23532290756702423,0.00017824274254962802,0.003864885540679097,0.9688162797545262,1.6804040592720073e-05,0.05000999546519532,1.0554862806862524,1
pc_gipmnn,2026071103,634000,51673.481529199984,8.000000000000001e-06,0.5068371891975403,0.5026127696037292,0.00017988475156016648,0.004044524859637022,0.9688198986759764,2.053950864616449e-05,0.05194457226001387,1.096316503662098,1
pc_gipmnn,2026071103,635000,51758.05555359996,8.000000000000001e-06,0.537788450717926,0.5337886810302734,0.0001789108500815928,0.003820822574198246,0.968816794111191,1.7334962005618307e-05,0.05006093816467574,1.056561452157526,1
pc_gipmnn,2026071103,636000,51842.97754799994,8.000000000000001e-06,1.2741504907608032,1.2699599266052246,0.00018087092030327767,0.004009685013443232,0.9688194119056017,2.0037061934072513e-05,0.05249632188504967,1.1079614589191802,1
pc_gipmnn,2026071103,637000,51927.902836099965,8.000000000000001e-06,0.7722809910774231,0.7681276202201843,0.00017909938469529152,0.003974247723817825,0.9688178540751828,1.8429061914578617e-05,0.051414470976206175,1.0851284476099317,1
pc_gipmnn,2026071103,638000,52013.40833280003,8.000000000000001e-06,0.44404587149620056,0.4397962987422943,0.00018106460629496723,0.004068482201546431,0.9688197619885115,2.0398419190237308e-05,0.05236619698315537,1.105215106965986,1
pc_gipmnn,2026071103,639000,52098.47364189988,8.000000000000001e-06,0.027348585426807404,0.02315327152609825,0.00018043661839328706,0.004014877602458,0.96882071270879,2.137975721511661e-05,0.05378485677899023,1.1351566404041753,1
pc_gipmnn,2026071103,640000,52183.839171299944,1.6000000000000004e-06,0.01121272798627615,0.007104585878551006,0.00017901127284858376,0.003929130733013153,0.9688183707797293,1.89624068221784e-05,0.051702454831559067,1.0912064927198468,1
pc_gipmnn,2026071103,641000,52268.35050619999,1.6000000000000004e-06,0.7761103510856628,0.772040605545044,0.00017898427904583514,0.0038907367270439863,0.9688173609044556,1.7920008727898224e-05,0.05096355590561778,1.0756116566897655,1
pc_gipmnn,2026071103,642000,52353.439413100015,1.6000000000000004e-06,0.36404356360435486,0.3599466383457184,0.00017926642613019794,0.003917676396667957,0.9688176556217395,1.8224217319878744e-05,0.051070297801709415,1.0778644984637178,1
pc_gipmnn,2026071103,643000,52438.27293029986,1.6000000000000004e-06,0.014833305031061172,0.010744263418018818,0.00017941476835403591,0.003909626975655556,0.968818150099293,1.873461941882463e-05,0.051245154835474926,1.0815549447135968,1
pc_gipmnn,2026071103,644000,52522.86251410004,1.6000000000000004e-06,0.1093023344874382,0.10517192631959915,0.0001800187601475045,0.0039503867737948895,0.9688192808781066,1.9901814726107923e-05,0.052167290289039964,1.1010170804550339,1
pc_gipmnn,2026071103,645000,52607.174396599876,1.6000000000000004e-06,0.10001353174448013,0.09595879912376404,0.00017869727162178606,0.0038760388270020485,0.9688171039639454,1.7654793502669558e-05,0.05070773037100292,1.0702123292248564,1
pc_gipmnn,2026071103,646000,52691.86016579997,1.6000000000000004e-06,0.16267140209674835,0.158604696393013,0.0001790842943591997,0.0038876254111528397,0.9688179393737786,1.8517107533635434e-05,0.05108529811763647,1.0781810877279179,1
pc_gipmnn,2026071103,647000,52776.923212300055,1.6000000000000004e-06,0.01677035354077816,0.01270455401390791,0.00017882003157865256,0.003886978607624769,0.968817334906187,1.7893173190596412e-05,0.05084657497946868,1.073142715001133,1
pc_gipmnn,2026071103,648000,52862.04703080002,1.6000000000000004e-06,0.43460366129875183,0.43045541644096375,0.00017969036707654595,0.00396856851875782,0.9688186449339657,1.9245390138057575e-05,0.051847727178191,1.0942725391652983,1
pc_gipmnn,2026071103,649000,52947.01607699995,1.6000000000000004e-06,0.7888630628585815,0.7847558856010437,0.0001795247953850776,0.003927630838006735,0.9688181595722893,1.8744397491065872e-05,0.051556080800669764,1.0881171946702215,1
pc_gipmnn,2026071103,650000,53031.9929209,1.6000000000000004e-06,0.07591190934181213,0.07181809097528458,0.00017926811415236443,0.003914549481123686,0.9688177229861007,1.8293751136146665e-05,0.051230817248155085,1.0812523426722755,1
pc_gipmnn,2026071103,651000,53116.52251329995,1.6000000000000004e-06,0.21381382644176483,0.20972208678722382,0.00017937773372977972,0.003912364598363638,0.9688179031327321,1.847969935186713e-05,0.0512595703741709,1.081859191958188,1
pc_gipmnn,2026071103,652000,53201.19681679993,1.6000000000000004e-06,0.04390476271510124,0.03978030011057854,0.00017957587260752916,0.0039448849856853485,0.9688180473023512,1.862851192322528e-05,0.051359284674161,1.0839637127574555,1
pc_gipmnn,2026071103,653000,53286.071222499944,1.6000000000000004e-06,1.2451765537261963,1.241132378578186,0.00017891082097776234,0.0038652075454592705,0.968817314872578,1.7872494403443293e-05,0.050794190130611115,1.0720371062369118,1
pc_gipmnn,2026071103,654000,53371.326400500024,1.6000000000000004e-06,0.02804476022720337,0.023862645030021667,0.0001804616767913103,0.004001652356237173,0.9688199224468851,2.0564045091959167e-05,0.05295658772437569,1.1176756025490322,1
pc_gipmnn,2026071103,655000,53456.98034889996,1.6000000000000004e-06,0.052618466317653656,0.0484781377017498,0.0001797509175958112,0.003960577305406332,0.9688184629085131,1.905750259408595e-05,0.05162391968665098,1.0895489687142734,1
pc_gipmnn,2026071103,656000,53543.767195799854,1.6000000000000004e-06,0.16310811042785645,0.15898770093917847,0.00017956116062123328,0.003940852824598551,0.9688179202124111,1.8497329078337445e-05,0.051410752145070134,1.0850499597954906,1
pc_gipmnn,2026071103,657000,53629.27144629997,1.6000000000000004e-06,0.7877410054206848,0.7836384773254395,0.0001789676898624748,0.003923563286662102,0.9688171278218702,1.767941976697378e-05,0.05084335721745709,1.073074802504318,1
pc_gipmnn,2026071103,658000,53714.74985220004,1.6000000000000004e-06,0.15061898529529572,0.14653661847114563,0.00017923361156135798,0.003903141478076577,0.9688176654449444,1.823435687904076e-05,0.05138173195187712,1.0844374739215534,1
pc_gipmnn,2026071103,659000,53800.20573859988,1.6000000000000004e-06,0.03708212450146675,0.03305070847272873,0.0001784319174475968,0.0038529857993125916,0.9688167732316185,1.7313410010866657e-05,0.05056712197354102,1.0672447177885864,1
pc_gipmnn,2026071103,660000,53885.525947599905,1.6000000000000004e-06,0.07657427340745926,0.07248859852552414,0.00017931338516063988,0.003906363155692816,0.9688183924138549,1.8984737670240003e-05,0.051634808349720125,1.0897787794626566,1
