potential,N,seed,retained,device,largest_frequency,draw_s,assemble_s,eigensolve_s,method_s,lambda_1,lambda_2,lambda_3,lambda_4,lambda_5,lambda_6,lambda_7,lambda_8,lambda_9,lambda_10,lambda_11,lambda_12,trial,lambda_ref_1,rel_error_1,lambda_ref_2,rel_error_2,lambda_ref_3,rel_error_3,lambda_ref_4,rel_error_4,lambda_ref_5,rel_error_5,lambda_ref_6,rel_error_6,lambda_ref_7,rel_error_7,lambda_ref_8,rel_error_8,lambda_ref_9,rel_error_9,lambda_ref_10,rel_error_10,lambda_ref_11,rel_error_11,lambda_ref_12,rel_error_12,recorded_at
square,128,20988803,95,cpu,8.064021988993956,0.0003556000010576099,1.9173723999992944,0.005361699993954971,1.923089699994307,151.28174402604847,183.65844888972393,183.76809269487225,184.2724985991878,184.63816236903486,184.8876689782128,185.1684630237156,185.65571268366034,186.28905889974055,186.91269892214277,188.0688096890752,216.04513399993164,0,151.0017431728773,0.0018542888796363728,181.8948733883238,0.00969557562864962,181.8948733883238,0.010298362299356094,181.8948733883238,0.013071425085126317,181.8948733883238,0.015081727866263045,181.8948733883238,0.016453435625421606,181.8948733883238,0.01799715173062123,181.8948733883238,0.020675894956685287,181.8948733883238,0.024157830452074945,181.8948733883238,0.02758640439033442,181.8948733883238,0.033942332654812134,212.78800360377028,0.015306926805076932,1787841253.3967602
square,128,20988900,103,cpu,7.260485317112851,0.00027469999622553587,1.9933130999997957,0.004667400004109368,1.9982552000001306,151.21720673080645,183.45926217190774,183.7015451954472,184.28462629689105,184.3836207971263,184.98102295907356,185.0713571460056,185.26519788958703,185.6526235518821,187.15084826393806,188.14763038798415,215.6251551823774,1,151.0017431728773,0.0014268945073202062,181.8948733883238,0.008600510583078215,181.8948733883238,0.009932505372300372,181.8948733883238,0.013138099299068335,181.8948733883238,0.013682339487871833,181.8948733883238,0.016966666037701944,181.8948733883238,0.017463294586100814,181.8948733883238,0.018528969170384484,181.8948733883238,0.020658911895421957,181.8948733883238,0.02889567351573122,181.8948733883238,0.03437566371819328,212.78800360377028,0.013333230870900704,1787841255.405985
square,128,20988997,107,cpu,11.72481640882652,0.00024120000307448208,1.9442713000025833,0.004737899987958372,1.9492503999936162,151.2979180660539,183.63626005552229,183.81112908565058,183.91442242929537,184.6663849213622,184.81303915688966,185.16637886899542,185.44100417815773,186.07765953208965,187.33349863599787,187.78223845281494,215.8631857683144,2,151.0017431728773,0.0019614004908375844,181.8948733883238,0.00957358849515701,181.8948733883238,0.010534962649748864,181.8948733883238,0.011102836508536926,181.8948733883238,0.015236886457605516,181.8948733883238,0.016043144670360974,181.8948733883238,0.01798569371269394,181.8948733883238,0.019495496072961735,181.8948733883238,0.02299562415283755,181.8948733883238,0.029899827006466907,181.8948733883238,0.0323668553974159,212.78800360377028,0.014451858716012829,1787841257.367755
square,128,20989094,101,cpu,7.76780898801577,0.00024500000290572643,2.0182031000003917,0.004623599990736693,2.023071699994034,151.23549008275657,183.1890344026273,183.88620785115555,184.04797255092527,184.29589290555376,184.67470138308684,185.28518599759084,185.6573123628576,186.26730448466174,187.14170473581675,188.26277777492922,216.15871661412956,3,151.0017431728773,0.0015479749105390304,181.8948733883238,0.007114884494521367,181.8948733883238,0.010947721756734165,181.8948733883238,0.011837052482534069,181.8948733883238,0.0132000395201028,181.8948733883238,0.015282607711699786,181.8948733883238,0.018638857413145145,181.8948733883238,0.02068468948270714,181.8948733883238,0.024038231616365188,181.8948733883238,0.02884540531437409,181.8948733883238,0.03500870732629566,212.78800360377028,0.01584070978284961,1787841259.4026413
square,128,20989191,103,cpu,6.485183305991554,0.0002683999919099733,1.9933264999999665,0.004457900009583682,1.9980528000014601,151.22523243143817,182.91114147820215,183.49604050526287,183.7700792731069,183.82091860640955,184.58844125646618,184.83789654238348,185.1268307475554,185.4088791738702,186.8470277241621,187.75984269041356,215.9015228236301,4,151.0017431728773,0.001480044229059056,181.8948733883238,0.005587117827717747,181.8948733883238,0.00880270612971472,181.8948733883238,0.010309283872887166,181.8948733883238,0.010588782312593742,181.8948733883238,0.014808377047504522,181.8948733883238,0.016179802647745246,181.8948733883238,0.017768270754568067,181.8948733883238,0.019318883045397438,181.8948733883238,0.02722536508913068,181.8948733883238,0.03224373063867923,212.78800360377028,0.014632024207800114,1787841261.4119818
square,128,20989288,105,cpu,6.375828707859281,0.0002542000001994893,2.0298036000021966,0.004519499998423271,2.0345773000008194,151.23999413602797,183.38326038902235,183.8252986911994,184.00166636349445,184.16760122165292,184.27363510588359,184.93854962531952,185.41975929193518,186.36485916639737,187.09349023548393,188.64502135596675,216.70880877758606,5,151.0017431728773,0.0015778027335612286,181.8948733883238,0.008182677020924267,181.8948733883238,0.010612862621776,181.8948733883238,0.011582475833020934,181.8948733883238,0.012494732759604093,181.8948733883238,0.013077673236460193,181.8948733883238,0.016733161195246288,181.8948733883238,0.01937869846439367,181.8948733883238,0.024574556142276167,181.8948733883238,0.028580337369166608,181.8948733883238,0.03711016062136178,212.78800360377028,0.018425875084183124,1787841263.487583
square,128,20989385,101,cpu,10.629703816311196,0.00022959998750593513,2.0183069000049727,0.004458399998839013,2.0229948999913177,151.28758028580503,183.62514376393034,183.87196324801909,184.47443790792371,184.71539673689017,184.98149847889786,185.34031332472742,185.86480973810043,185.99518937827744,187.11784634010823,189.2131711153775,216.2974043361612,6,151.0017431728773,0.001892939160314799,181.8948733883238,0.009512474669435191,181.8948733883238,0.010869409471890102,181.8948733883238,0.014181622997657914,181.8948733883238,0.015506337787458708,181.8948733883238,0.0169692802940328,181.8948733883238,0.01894192987532985,181.8948733883238,0.02182544387219373,181.8948733883238,0.022542229550362166,181.8948733883238,0.028714239464209746,181.8948733883238,0.04023366679186177,212.78800360377028,0.01649247454252984,1787841265.5234933
square,128,20989482,100,cpu,6.718873224904472,0.00024310000299010426,1.9866627999872435,0.004673200004617684,1.9915790999948513,151.33439113742426,183.47475416765903,183.94109458491047,184.01316271152254,184.42640055410152,184.783120961952,185.25160431620233,185.56637519942856,185.77166771064375,187.18789376813137,188.54388464115377,215.83191131418977,7,151.0017431728773,0.002202941221454153,181.8948733883238,0.008685680634672888,181.8948733883238,0.011249471513241873,181.8948733883238,0.01164567908781276,181.8948733883238,0.013917528947466397,181.8948733883238,0.015878663976758394,181.8948733883238,0.018454236039474985,181.8948733883238,0.02018474596184225,181.8948733883238,0.021313378712128267,181.8948733883238,0.029099337882424105,181.8948733883238,0.036554143220051814,212.78800360377028,0.014304884010695967,1787841267.5268252
square,128,20989579,101,cpu,6.205884160430345,0.0004047000111313537,1.988710199992056,0.004686000000219792,1.9938009000034072,151.29570265916067,183.30413375652293,183.59424256546814,183.9533170109533,184.21799400088898,184.6877201647371,185.31370334577164,185.41648841627153,185.80935674509058,187.0264403865468,187.7367883287484,216.15955492650528,8,151.0017431728773,0.0019467290913776063,181.8948733883238,0.007747664032237675,181.8948733883238,0.009342589735975671,181.8948733883238,0.011316666513382046,181.8948733883238,0.012771776187477293,181.8948733883238,0.015354180820978497,181.8948733883238,0.018795636698067143,181.8948733883238,0.01936071623321411,181.8948733883238,0.021520581002906228,181.8948733883238,0.028211718684713703,181.8948733883238,0.03211698511124506,212.78800360377028,0.015844649442799993,1787841269.5317235
square,128,20989676,108,cpu,10.406751072892565,0.00023589999182149768,2.0041758000006666,0.0054718000028515235,2.0098834999953397,151.29621367573665,183.4748894727094,183.65422758485354,184.05297526055398,184.6880142163376,184.93479383802747,185.2383850514737,185.79082227444792,186.0255927174749,187.6806172283192,188.87910575303167,215.981751705526,9,151.0017431728773,0.0019501132680450205,181.8948733883238,0.008686424498685423,181.8948733883238,0.009672368240823069,181.8948733883238,0.011864555784499221,181.8948733883238,0.015355797422892633,181.8948733883238,0.016712513074592376,181.8948733883238,0.018381560738173826,181.8948733883238,0.02141868439473138,181.8948733883238,0.022709377412372223,181.8948733883238,0.03180817431640052,181.8948733883238,0.03839708197711201,212.78800360377028,0.01500906088532487,1787841271.5524724
square,128,20989773,111,cpu,7.9912729612624975,0.00023950000468175858,2.11317599999893,0.004632800002582371,2.118048300006194,151.23630824960256,183.06050570597318,183.66887095608956,184.18875188689725,184.34871243945568,184.5532537201592,184.9283150822441,185.5079891724753,186.29818005917704,187.3951846969864,188.16950075095284,215.97975012807996,10,151.0017431728773,0.0015533931714729564,181.8948733883238,0.006408274713498447,181.8948733883238,0.009752872825494663,181.8948733883238,0.01261101237128496,181.8948733883238,0.013490424471135264,181.8948733883238,0.01461492719566699,181.8948733883238,0.016676894941641783,181.8948733883238,0.019863758207401192,181.8948733883238,0.02420797567753722,181.8948733883238,0.030238957295514925,181.8948733883238,0.0344958999984209,212.78800360377028,0.014999654445994933,1787841273.7110977
square,128,20989870,104,cpu,11.599587463532007,0.00025070000265259296,2.2687495999998646,0.005015000002458692,2.274015300004976,151.2843766511469,183.6681588587359,184.11713854606322,184.13118758701856,184.3035363945656,184.46380690045422,184.95190185121814,185.24088942077435,185.87882621265257,187.1509888385592,188.20612114690383,216.0610628714174,11,151.0017431728773,0.0018717232816712456,181.8948733883238,0.009748957941361838,181.8948733883238,0.012217305063871474,181.8948733883238,0.01229454221021671,181.8948733883238,0.013242060984861385,181.8948733883238,0.01412317710926389,181.8948733883238,0.016806567474653127,181.8948733883238,0.018395328961840613,181.8948733883238,0.021902501978840926,181.8948733883238,0.028896446350163047,181.8948733883238,0.03469722725558229,212.78800360377028,0.015381784744509533,1787841275.9975889
square,128,20989967,106,cpu,9.72459154758222,0.000228599994443357,2.3623876000056043,0.006025900001986884,2.3686421000020346,151.30855670089394,183.20019947558038,184.04941833979382,184.4472615461074,184.51514896044,185.53261628519945,185.88920630409345,186.16749766406323,186.47122603934847,187.81973960986318,189.23494157185095,216.24208839027597,12,151.0017431728773,0.002031854212870813,181.8948733883238,0.007176266504608261,181.8948733883238,0.011845000968610775,181.8948733883238,0.014032216028071157,181.8948733883238,0.014405439379933698,181.8948733883238,0.01999915021854145,181.8948733883238,0.021959568410937224,181.8948733883238,0.023489525549287495,181.8948733883238,0.02515932728491315,181.8948733883238,0.03257302479817839,181.8948733883238,0.04035335381804301,212.78800360377028,0.0162325165329221,1787841278.3770902
square,128,20990064,102,cpu,7.520294093207519,0.00025880000612232834,2.407386699997005,0.005461900000227615,2.413107400003355,151.33662835287478,183.1413336579578,183.8776532966564,184.0643829561904,184.53606214867582,184.70325863500867,185.0905604280973,185.42916072869954,185.58070866637038,186.7414480010352,188.12852309353485,216.52057222917256,13,151.0017431728773,0.002217757046778496,181.8948733883238,0.00685264101409263,181.8948733883238,0.010900691544503396,181.8948733883238,0.011927271656716618,181.8948733883238,0.014520413418763128,181.8948733883238,0.015439606374662972,181.8948733883238,0.017568868106310472,181.8948733883238,0.019430384565212427,181.8948733883238,0.02026354679154579,181.8948733883238,0.02664492144517207,181.8948733883238,0.034270617907427046,212.78800360377028,0.017541254968267132,1787841280.804665
square,128,20990161,110,cpu,9.79178238493223,0.00030050000350456685,2.2918032000015955,0.0060551000060513616,2.2981588000111515,151.28839493238277,183.01712521169466,183.68481532754961,183.7774201154073,184.12187854588572,184.4721149314016,184.61066494192377,184.89976322797574,185.19742375119614,186.3372579418991,187.53949813571205,216.042073370288,14,151.0017431728773,0.0018983341084830765,181.8948733883238,0.006169782591810604,181.8948733883238,0.009840529894454556,181.8948733883238,0.010349641482552923,181.8948733883238,0.01224336407111125,181.8948733883238,0.01416885201363373,181.8948733883238,0.014930555782086803,181.8948733883238,0.016519925953255823,181.8948733883238,0.018156368573521053,181.8948733883238,0.024422813413170603,181.8948733883238,0.03103234655403215,212.78800360377028,0.015292543336122823,1787841283.1194618
square,128,20990258,105,cpu,7.625390184794589,0.00026109999453183264,2.6189402000018163,0.007642099997610785,2.626843399993959,151.23230996467092,183.38216232388368,183.72612999472526,184.1393407666022,184.68609249082536,184.80937412465994,185.40113600861338,185.61315030504628,186.16581333429545,187.36664422559878,188.34239747235597,215.50739235860812,15,151.0017431728773,0.0015269147689881408,181.8948733883238,0.008176640209010756,181.8948733883238,0.01006766475760949,181.8948733883238,0.012339365791177335,181.8948733883238,0.015345232388945085,181.8948733883238,0.01602299549209417,181.8948733883238,0.019276313592435004,181.8948733883238,0.020441900573989303,181.8948733883238,0.023480265641427488,181.8948733883238,0.030082050886576735,181.8948733883238,0.035446431028693645,212.78800360377028,0.01277980294369214,1787841285.7606277
square,128,20990355,103,cpu,6.171938206268439,0.0002806999982567504,2.9058574000082444,0.005528099994990043,2.9116662000014912,151.30047944683602,183.4397143489637,183.8693006579425,184.3479790965787,184.4096061951526,184.6316812474735,185.05799630367088,185.6236898355701,185.9254364596948,187.2654101938297,188.65580247441554,215.7647948195243,16,151.0017431728773,0.001978363081654693,181.8948733883238,0.00849304288715082,181.8948733883238,0.010854771400860403,181.8948733883238,0.013486392785891425,181.8948733883238,0.013825198918389327,181.8948733883238,0.01504609672701962,181.8948733883238,0.017389840936276414,181.8948733883238,0.02049984355131186,181.8948733883238,0.02215875025112025,181.8948733883238,0.02952549846768058,181.8948733883238,0.037169431772043265,212.78800360377028,0.013989469168088362,1787841288.6885142
square,128,20990452,99,cpu,9.451004143952456,0.00027629999385681003,2.170669300001464,0.004621900006895885,2.1755675000022165,151.42933673545335,183.44816265006847,183.97276875784368,184.0622065583162,184.66779672947277,184.93376837990644,185.11893262605278,185.48492616165666,186.15552215518096,187.75505521865327,188.91764723157726,216.24030210026234,17,151.0017431728773,0.002831712757689895,181.8948733883238,0.008539488952108033,181.8948733883238,0.011423606013809063,181.8948733883238,0.01191530651534868,181.8948733883238,0.015244648128312676,181.8948733883238,0.016706875432904448,181.8948733883238,0.01772484940158821,181.8948733883238,0.019736965129679814,181.8948733883238,0.02342368802094382,181.8948733883238,0.03221741064586627,181.8948733883238,0.0386089707336649,212.78800360377028,0.016224121839690464,1787841290.8789656
square,128,20990549,103,cpu,7.254423478602948,0.00031430000672116876,2.0222142999991775,0.00517589999071788,2.0277044999966165,151.20633198352192,183.08606363217586,183.34193465867585,183.89016057317286,184.55513719897766,184.7150485260122,184.79753893676647,185.40054894146533,185.95436852672108,186.93357558777913,187.75736869948793,216.22765087960767,18,151.0017431728773,0.0013548771447651122,181.8948733883238,0.006548784040268295,181.8948733883238,0.007955481335984458,181.8948733883238,0.010969452561696869,181.8948733883238,0.014625281961490627,181.8948733883238,0.015504423435110635,181.8948733883238,0.015957929403792707,181.8948733883238,0.019273086084495333,181.8948733883238,0.022317809527983557,181.8948733883238,0.027701177639560613,181.8948733883238,0.03223012942562935,212.78800360377028,0.01616466726311465,1787841292.919494
square,128,20990646,109,cpu,11.870781224942238,0.00024179999309126288,2.1896618000027956,0.005720800007111393,2.1956244000029983,151.18346079348242,183.40333595575402,183.9627405380625,184.09626338449834,184.25385200790782,184.8177056416894,185.52298958823744,185.64323459263395,186.28748996778032,186.51456218084581,188.25089960499335,216.01106994909904,19,151.0017431728773,0.0012034140585852988,181.8948733883238,0.008293046083876382,181.8948733883238,0.011368474059871132,181.8948733883238,0.012102540083550628,181.8948733883238,0.012968912073447497,181.8948733883238,0.01606879951545262,181.8948733883238,0.019946225709000905,181.8948733883238,0.02060729439200771,181.8948733883238,0.024149204964555644,181.8948733883238,0.025397575569156058,181.8948733883238,0.034943404936433844,212.78800360377028,0.01514684235362436,1787841295.1261108
square,256,21116803,150,cpu,8.38964724225535,0.00039620000461582094,5.321700699991197,0.01898730000539217,5.341084200001205,151.0943977079908,182.2558021668219,182.69114235272704,183.18067774206895,183.40798614564292,183.69955108805988,184.0129968879138,184.43491874423412,184.74183928826412,185.71774397955036,186.33257209896917,214.52995886784663,0,151.0017431728773,0.0006135991092991479,181.8948733883238,0.001984271308887121,181.8948733883238,0.0043776328027855665,181.8948733883238,0.007068942240060418,181.8948733883238,0.008318611344745382,181.8948733883238,0.009921542405889133,181.8948733883238,0.0116447674425,181.8948733883238,0.013964359240008068,181.8948733883238,0.015651710501276183,181.8948733883238,0.021016923237111823,181.8948733883238,0.02439705214325322,212.78800360377028,0.008186341497521751,1787841300.4786646
square,256,21116900,144,cpu,7.834292017065299,0.0003809000045293942,5.3070573000004515,0.016490599999087863,5.323928800004069,151.08390995970157,182.52035727636547,182.77980679752193,183.261454603743,183.3026718319286,184.01755322826278,184.17548887424715,184.3938347080918,184.62164629478883,185.75489573445924,186.62745497443936,214.51957578032145,1,151.0017431728773,0.0005441446244114142,181.8948733883238,0.003438710923459356,181.8948733883238,0.0048650816414650315,181.8948733883238,0.00751302766242196,181.8948733883238,0.007739626837086952,181.8948733883238,0.011669816748531053,181.8948733883238,0.012538096557864618,181.8948733883238,0.013738492312716349,181.8948733883238,0.014990927757725805,181.8948733883238,0.02122117173635106,181.8948733883238,0.02601822414209595,212.78800360377028,0.008137546042189041,1787841305.815449
square,256,21116997,153,cpu,7.826979895701661,0.0002570999931776896,5.243118200000026,0.015572700009215623,5.25894800000242,150.99970693791772,182.0741171780058,182.9242010666402,182.96141449630346,183.1586020570868,183.70614460076172,184.0193781111804,184.21536060129563,185.0006409826563,185.5545561470164,186.92734992703382,214.51712865310736,2,151.0017431728773,1.3484844060670868e-05,181.8948733883238,0.0009854251873242226,181.8948733883238,0.00565891527970068,181.8948733883238,0.0058635028470689025,181.8948733883238,0.006947577164888526,181.8948733883238,0.009957791435776657,181.8948733883238,0.011679849372780564,181.8948733883238,0.012757298596414416,181.8948733883238,0.017074519674351005,181.8948733883238,0.020119768581270712,181.8948733883238,0.02766695094240668,212.78800360377028,0.008126045735909372,1787841311.088455
square,256,21117094,158,cpu,7.4426412017344195,0.0002573999954620376,5.07682410000416,0.018998400002601556,5.096079900002223,151.04834524842676,182.27337312984807,182.87809431568326,183.07923345328666,183.6299505346906,183.79545307542824,183.84792452118168,184.19059365653308,184.5073731374345,185.8724281064063,186.5820967933562,214.24885992326142,3,151.0017431728773,0.0003086194541218308,181.8948733883238,0.0020808708594894166,181.8948733883238,0.005405435068312286,181.8948733883238,0.006511233895165407,181.8948733883238,0.009538900761994746,181.8948733883238,0.010448780945282298,181.8948733883238,0.010737252218694275,181.8948733883238,0.01262113783332533,181.8948733883238,0.014362690385084965,181.8948733883238,0.021867327231322776,181.8948733883238,0.02576885932912324,212.78800360377028,0.006865313338863707,1787841316.1946073
square,256,21117191,158,cpu,7.506652757357569,0.00036890000046696514,4.831346799997846,0.014813100002356805,4.846528800000669,151.04596794523954,182.31916230483355,182.56950333030835,183.17267383402688,183.48070276824828,183.651579204044,183.8506769006265,183.88904016820308,184.44289395080867,185.2903095141273,186.8988989156691,213.96175723954832,4,151.0017431728773,0.0002928759061516922,181.8948733883238,0.002332605139475044,181.8948733883238,0.003708900253303503,181.8948733883238,0.007024939306426422,181.8948733883238,0.008718384143454855,181.8948733883238,0.009657808287811681,181.8948733883238,0.010752383923032849,181.8948733883238,0.010963292932517047,181.8948733883238,0.014008204382127694,181.8948733883238,0.0186670248729587,181.8948733883238,0.02751053635614188,212.78800360377028,0.0055160705298202455,1787841321.052312
square,256,21117288,147,cpu,9.379842185717852,0.0002533000078983605,4.459500500001013,0.014798099990002811,4.4745518999989145,151.08481427235768,182.67035763216973,182.97216956778607,183.10667391530964,183.4300602818453,183.89214570950847,183.96331224129898,184.19135697252185,185.23106709820274,186.05339879793559,186.7030841396371,214.5250569915694,5,151.0017431728773,0.000550133380813177,181.8948733883238,0.0042633650382788504,181.8948733883238,0.005922630799837782,181.8948733883238,0.006662092803455791,181.8948733883238,0.008439967905220022,181.8948733883238,0.010980366208126953,181.8948733883238,0.011371617101925253,181.8948733883238,0.01262533430117813,181.8948733883238,0.018341328965091726,181.8948733883238,0.022862246374222125,181.8948733883238,0.0264340091710466,212.78800360377028,0.008163305065983194,1787841325.5370302
square,256,21117385,144,cpu,7.627727528905844,0.0002906000008806586,4.427668800009997,0.014443299995036796,4.442402700005914,151.08928256052968,182.65663900922277,183.1248116940024,183.39132928129186,183.59165521420175,183.65525351533955,184.28922148699405,184.54614317732165,184.75933659640765,185.77976919978585,186.6223092560707,214.831570449673,6,151.0017431728773,0.0005797243516067445,181.8948733883238,0.0041879444247596015,181.8948733883238,0.006761808525811744,181.8948733883238,0.008227037217114513,181.8948733883238,0.009328365303927708,181.8948733883238,0.009678008479422967,181.8948733883238,0.013163362188656175,181.8948733883238,0.014575835698995879,181.8948733883238,0.015747905120825346,181.8948733883238,0.021357918115527483,181.8948733883238,0.025989934623690078,212.78800360377028,0.00960376906260193,1787841329.9920814
square,256,21117482,149,cpu,13.607579350810864,0.00026889999571722,4.472434399998747,0.018040700000710785,4.490743999995175,150.9948980596339,182.3456454702689,182.67109172324217,182.96824061238442,183.5086666793863,183.6897828607248,183.98972238851468,184.07680389319472,184.54220244985078,185.7297691083765,187.35960730316896,214.51972198632194,7,151.0017431728773,4.533135247030814e-05,181.8948733883238,0.0024782011364485206,181.8948733883238,0.004267400836862783,181.8948733883238,0.0059010306561478616,181.8948733883238,0.008872120808029873,181.8948733883238,0.009867839807497407,181.8948733883238,0.011516811668015728,181.8948733883238,0.011995558006809645,181.8948733883238,0.014554170836223944,181.8948733883238,0.021083033560080993,181.8948733883238,0.03004336413142671,212.78800360377028,0.008138233139196475,1787841334.491794
square,256,21117579,143,cpu,7.85856710594851,0.0002523000002838671,4.404082299995935,0.014466699998592958,4.418801299994811,151.0656532062683,182.29013431300595,182.9336868512323,183.39289492466585,183.86424077632878,184.1439763046515,184.5609851034848,184.7633056639979,185.0553515223655,186.31607629582052,187.46352840858603,214.5725703303177,8,151.0017431728773,0.0004232403682773523,181.8948733883238,0.002173018498648544,181.8948733883238,0.005711065097974284,181.8948733883238,0.008235644625035522,181.8948733883238,0.010826953785556306,181.8948733883238,0.012364850500905186,181.8948733883238,0.014657431875329323,181.8948733883238,0.015769725788534732,181.8948733883238,0.01737530077219091,181.8948733883238,0.024306363478744097,181.8948733883238,0.03061468922421925,212.78800360377028,0.008386594621520246,1787841338.9224865
square,256,21117676,146,cpu,9.088399445805747,0.00025769999774638563,4.413128999993205,0.01571590000821743,4.429102599999169,151.10048046755918,182.4108537816881,182.84526192209887,183.07622910794623,183.5021099813053,183.8376383433354,184.11124781110067,184.17958407540567,184.5653798399618,185.80565443108884,186.9364977795865,214.64817384759573,9,151.0017431728773,0.0006538818202174063,181.8948733883238,0.002836695634971304,181.8948733883238,0.0052249330400099695,181.8948733883238,0.006494716962695216,181.8948733883238,0.008836074173186013,181.8948733883238,0.010680702093588174,181.8948733883238,0.01218491968184934,181.8948733883238,0.012560610667703094,181.8948733883238,0.014681592734814428,181.8948733883238,0.021500226861347557,181.8948733883238,0.027717242918108176,212.78800360377028,0.008741894337658476,1787841343.3615808
square,256,21117773,150,cpu,9.923926006046782,0.00031310001213569194,4.4338658999913605,0.014375300001120195,4.448554300004616,151.082189490331,182.46542977497035,182.84553551392142,183.07368824959244,183.52741781220217,183.83516696894813,183.97449258400567,184.4564737942702,184.76855022991887,185.53044310727867,186.87883492085206,214.86471580652773,10,151.0017431728773,0.0005327509190512555,181.8948733883238,0.0031367370394683337,181.8948733883238,0.0052264371605904554,181.8948733883238,0.006480748133852128,181.8948733883238,0.008975208555730424,181.8948733883238,0.01066711526543163,181.8948733883238,0.011433083060247377,181.8948733883238,0.014082862030298739,181.8948733883238,0.01579855873925665,181.8948733883238,0.0199872027794504,181.8948733883238,0.027400230911885613,212.78800360377028,0.009759536099715785,1787841347.8229175
square,256,21117870,153,cpu,10.974691312759084,0.00035089999437332153,4.421142400009558,0.014867599995341152,4.436360899999272,151.08299680091804,182.44738523764156,182.84504785819686,183.00629155381088,183.31698411448144,183.70452385279503,184.03068056541932,184.43190930534004,184.60325377750408,185.51861438969453,187.06757830829318,214.40130075377945,11,151.0017431728773,0.0005380972850605878,181.8948733883238,0.0030375339283929157,181.8948733883238,0.005223756184950673,181.8948733883238,0.006110222596072567,181.8948733883238,0.007818311201776526,181.8948733883238,0.009948881080380202,181.8948733883238,0.011741986661360358,181.8948733883238,0.013947814304804436,181.8948733883238,0.014889811563837885,181.8948733883238,0.019922172262845983,181.8948733883238,0.028437881857870093,212.78800360377028,0.00758171101136544,1787841352.2686615
square,256,21117967,145,cpu,9.617325845277522,0.00025939999613910913,4.41588590000174,0.014328299992484972,4.430473599990364,151.03949945122633,182.47245159788582,182.74765006786174,183.21540508876672,183.36566666850433,183.7643847576166,184.19695458023034,184.48698466076485,184.70116366908655,185.65869014102083,186.6192433157227,214.36697766363824,12,151.0017431728773,0.00025003869197596053,181.8948733883238,0.0031753407823043697,181.8948733883238,0.004688294197920451,181.8948733883238,0.007259862116200221,181.8948733883238,0.008085952356890106,181.8948733883238,0.010277977242940904,181.8948733883238,0.012656108163048027,181.8948733883238,0.014250601043093785,181.8948733883238,0.015428088920195527,181.8948733883238,0.02069226406761746,181.8948733883238,0.02597307906151352,212.78800360377028,0.007420409201301341,1787841356.7094712
square,256,21118064,134,cpu,8.485348678565655,0.0002539999986765906,4.438827699996182,0.014203500002622604,4.453285199997481,151.13657324903355,182.77759127597776,183.0303560226395,183.3134163983812,183.6402523131827,183.86096200289947,184.3835415130578,184.68326509684331,184.84088722564903,186.24922884511773,187.74054909981615,214.54146925826012,13,151.0017431728773,0.000892904103775051,181.8948733883238,0.004852901410637729,181.8948733883238,0.006242521370525862,181.8948733883238,0.007798697036551437,181.8948733883238,0.009595536654475966,181.8948733883238,0.010808928134980023,181.8948733883238,0.013681903609350201,181.8948733883238,0.015329688278606092,181.8948733883238,0.01619624447048517,181.8948733883238,0.023938857515230304,181.8948733883238,0.032137660631108296,212.78800360377028,0.00824043472749032,1787841361.172544
square,256,21118161,151,cpu,11.224810454579318,0.0003009000065503642,4.418821800005389,0.014654499987955205,4.433777199999895,151.07081565004577,182.57087139566093,182.69957039119808,183.0047266824059,183.53892311889405,183.61179288478212,184.13216293547544,184.36712907088028,184.7653046459683,185.30711177597252,187.07996314811615,214.59055309804734,14,151.0017431728773,0.00045742834299201875,181.8948733883238,0.0037164214402786795,181.8948733883238,0.00442396747024508,181.8948733883238,0.00610161943219098,181.8948733883238,0.009038461062398443,181.8948733883238,0.009439075794032487,181.8948733883238,0.012299904364953165,181.8948733883238,0.013591673236873056,181.8948733883238,0.015780715553849058,181.8948733883238,0.018759398349639064,181.8948733883238,0.028505969757172955,212.78800360377028,0.008471104873156115,1787841365.6192353
square,256,21118258,149,cpu,8.247171477806127,0.0002486000012140721,4.4396177000016905,0.01490650000050664,4.454772800003411,151.0277801751734,182.37517614568256,182.64264609132778,183.10658753191265,183.46661592411138,183.81229960234828,184.11311933286174,184.22388247429885,184.48297435119557,185.6622407056989,187.22094601198478,214.26992405183768,15,151.0017431728773,0.00017242848823472175,181.8948733883238,0.0026405513713043598,181.8948733883238,0.004111015825100158,181.8948733883238,0.006661617895090421,181.8948733883238,0.008640939167274441,181.8948733883238,0.010541397777226036,181.8948733883238,0.012195208711585099,181.8948733883238,0.012804149136204094,181.8948733883238,0.014228553640137465,181.8948733883238,0.020711783939793837,181.8948733883238,0.029281048577386035,212.78800360377028,0.006964304486012582,1787841370.083595
square,256,21118355,137,cpu,9.961865814657214,0.0002592999953776598,4.415959899997688,0.014497900003334507,4.4307170999964,151.05655011936665,183.0500508481983,183.2692273110949,183.7416708608095,183.8759789624835,183.95035515504458,184.6666272133694,184.9705041624466,185.04393791682702,186.34425452999517,187.3615542155817,214.5369720838806,16,151.0017431728773,0.0003629557204952484,181.8948733883238,0.006350797239943959,181.8948733883238,0.0075557595284010005,181.8948733883238,0.010153103482707987,181.8948733883238,0.010891486589235945,181.8948733883238,0.01130038317425572,181.8948733883238,0.015238218501783965,181.8948733883238,0.016908837048731418,181.8948733883238,0.01731255240921692,181.8948733883238,0.02446127842301792,181.8948733883238,0.030054067634920054,212.78800360377028,0.008219300197801874,1787841374.5233686
square,256,21118452,151,cpu,8.215014729643674,0.0002874999918276444,4.4446547999978065,0.015354800008935854,4.46029709999857,151.06368962240953,182.6113254779343,182.76239310391418,183.13943603605418,183.5819374773058,183.79981369170142,183.99611796853065,184.41643198345034,184.66686402101263,185.73899706116723,187.2216847670276,214.2228196981294,17,151.0017431728773,0.00041023665178029404,181.8948733883238,0.003938825082117402,181.8948733883238,0.0047693467079654266,181.8948733883238,0.0068422084940975665,181.8948733883238,0.009274940285866761,181.8948733883238,0.010472754222769155,181.8948733883238,0.011551972527125386,181.8948733883238,0.013862724925420651,181.8948733883238,0.015239520394678591,181.8948733883238,0.021133765901343977,181.8948733883238,0.02928511001699154,212.78800360377028,0.006742936961008728,1787841378.9942663
square,256,21118549,155,cpu,9.777815438562692,0.0002975000097649172,4.524775899990345,0.014764899999136105,4.539838299999246,151.09813057973582,182.530142834123,182.58509014042386,182.6473557298729,183.31389699054643,183.67373668539153,184.11228150836243,184.51598080452138,184.83497638763535,185.43153337478944,186.69635246228555,214.2567972067148,18,151.0017431728773,0.0006383198288524029,181.8948733883238,0.0034925087989863247,181.8948733883238,0.0037945915640323763,181.8948733883238,0.004136907915720449,181.8948733883238,0.007801339178994845,181.8948733883238,0.009779623053312139,181.8948733883238,0.012190602619705174,181.8948733883238,0.014410012593383202,181.8948733883238,0.01616374856829964,181.8948733883238,0.01944342861667852,181.8948733883238,0.02639700055598145,212.78800360377028,0.006902614706041119,1787841383.545529
square,256,21118646,157,cpu,7.325717270105324,0.00027239999326411635,4.506820299997344,0.015059700002893806,4.522152399993502,151.05195602788388,182.5085807166875,182.95844889981288,183.14409852947227,183.41978250166545,183.4643154040399,184.0970843530169,184.17995469820022,184.4255694015868,185.58140259817043,186.49662834180236,214.4238786507799,19,151.0017431728773,0.0003325316248110495,181.8948733883238,0.0033739671543877147,181.8948733883238,0.005847198943416535,181.8948733883238,0.006867841395845938,181.8948733883238,0.008383463947805531,181.8948733883238,0.008628291641653556,181.8948733883238,0.01210705350662441,181.8948733883238,0.0125626482336204,181.8948733883238,0.013912959536029869,181.8948733883238,0.020267361807258532,181.8948733883238,0.025298981041947124,212.78800360377028,0.007687816132979757,1787841388.0775
square,384,21244803,196,cpu,10.143528962825048,0.00029039999935775995,8.260072200006107,0.03679019999981392,8.297152800005279,150.91827207666813,181.61116715118004,182.16705937529827,182.59617202257914,182.74023738585265,183.12604640305887,183.14976202498445,183.6013542432329,184.07291508542357,184.7793981155713,186.00210609098195,213.31906807767297,0,151.0017431728773,0.0005527823351920033,181.8948733883238,0.0015597264060217245,181.8948733883238,0.0014963917448810836,181.8948733883238,0.0038555162176460195,181.8948733883238,0.004647541636449054,181.8948733883238,0.006768596562403769,181.8948733883238,0.006898977487846123,181.8948733883238,0.009381687472114568,181.8948733883238,0.011974178581987453,181.8948733883238,0.015858196954728867,181.8948733883238,0.02258025543078235,212.78800360377028,0.002495744425947886,1787841396.3831968
square,384,21244900,187,cpu,10.543443384147416,0.0002854000049410388,8.136389299994335,0.036907600006088614,8.173582300005364,150.950013682915,181.8229087004199,182.4267874241993,182.79144557458346,183.07961204657536,183.44318809836804,183.59850925213865,183.7492462223506,184.13450918349815,185.01059061821755,186.2586301923299,213.5899791476629,1,151.0017431728773,0.000342575448967332,181.8948733883238,0.0003956389015442465,181.8948733883238,0.0029242937195922466,181.8948733883238,0.004929067925656161,181.8948733883238,0.00651331528031744,181.8948733883238,0.008512140453451843,181.8948733883238,0.009366046618465207,181.8948733883238,0.010194750404360988,181.8948733883238,0.012312803288265365,181.8948733883238,0.01712921959731145,181.8948733883238,0.023990543123719614,212.78800360377028,0.0037688945349849596,1787841404.56717
square,384,21244997,177,cpu,13.549556647794953,0.000331300005200319,8.10179660000722,0.03705479999189265,8.139182700004312,150.96154915409917,182.13997350181674,182.55745018496276,182.66906969502347,182.96343093889794,183.51162048130692,183.67349778484888,184.0773172703065,184.42804930652414,185.49575537741117,186.58919464103926,213.81060800669306,2,151.0017431728773,0.00026618248196053377,181.8948733883238,0.0013474822512984919,181.8948733883238,0.0036426359044460306,181.8948733883238,0.004256284370625787,181.8948733883238,0.005874588605325411,181.8948733883238,0.0088883598688984,181.8948733883238,0.009778309654324005,181.8948733883238,0.011998380390432798,181.8948733883238,0.013926593262429827,181.8948733883238,0.019796500704007923,181.8948733883238,0.025807881031884028,212.78800360377028,0.00480574273739115,1787841412.7200878
square,384,21245094,175,cpu,10.708792139535548,0.00046100000326987356,8.051710599989747,0.035291000007418916,8.087462600000435,150.94596602300075,182.31209485369556,182.42057319162015,182.7506409326785,183.03054004777414,183.35580380161687,183.8436720473905,184.06827609066247,184.3524348793228,185.5236447274923,186.15155892451813,213.51045859176463,3,151.0017431728773,0.0003693808343171908,181.8948733883238,0.0022937505472243273,181.8948733883238,0.0028901298508510246,181.8948733883238,0.00470473701877097,181.8948733883238,0.006243533082022815,181.8948733883238,0.00803172946042395,181.8948733883238,0.010713873474082244,181.8948733883238,0.011948674868360487,181.8948733883238,0.013510889258282791,181.8948733883238,0.019949827455672794,181.8948733883238,0.023401899442799717,212.78800360377028,0.003395186644730347,1787841420.8182976
square,384,21245191,178,cpu,9.979916386122206,0.00030840000545140356,8.187911700006225,0.035957899992354214,8.22417800000403,150.9300449848334,182.08674447727265,182.75615370390264,182.85599918805744,183.09223053727098,183.1943684271788,183.56547881150397,183.9420416832246,184.0919684902037,185.2624163506788,186.08530883310675,213.60686540380792,4,151.0017431728773,0.0004748169559991479,181.8948733883238,0.0010548460513190834,181.8948733883238,0.00473504447670783,181.8948733883238,0.005283963103686613,181.8948733883238,0.0065826877175970576,181.8948733883238,0.007144209260261818,181.8948733883238,0.009184455790645812,181.8948733883238,0.011254678357703654,181.8948733883238,0.012078928124540238,181.8948733883238,0.018513677156616185,181.8948733883238,0.023037677570147262,212.78800360377028,0.0038482517161184974,1787841429.053522
square,384,21245288,195,cpu,9.593735955136108,0.00030899999546818435,8.039515099997516,0.0365079000039259,8.07633199999691,150.90933479031168,181.67346141099117,182.26916614020988,182.4740284984335,182.76139021046652,183.12297901174853,183.4267416865861,183.7587445425397,183.88773047769965,184.57868187996692,185.73631892557435,213.42598647881132,5,151.0017431728773,0.0006119689787940197,181.8948733883238,0.0012172524338271682,181.8948733883238,0.0020577421722437327,181.8948733883238,0.003184010078575976,181.8948733883238,0.00476383311965488,181.8948733883238,0.006751733023299014,181.8948733883238,0.008421723326923869,181.8948733883238,0.010246969139348739,181.8948733883238,0.010956092671844296,181.8948733883238,0.014754723108185265,181.8948733883238,0.021119042366023907,212.78800360377028,0.0029982088474734985,1787841437.139215
square,384,21245385,190,cpu,9.133160710837517,0.00031909999961499125,8.658219999997527,0.045461699992301874,8.704000799989444,150.9179418020707,182.02441213777445,182.27514444211886,182.63972516824305,182.90288239606872,183.44328582095307,183.5479348654431,183.92996536986215,184.15824821664063,185.0992244454772,185.6196354953923,213.18662911654116,6,151.0017431728773,0.0005549695589319773,181.8948733883238,0.0007121627291502064,181.8948733883238,0.0020906089694085936,181.8948733883238,0.00409495752158495,181.8948733883238,0.005541712028315129,181.8948733883238,0.008512677701056489,181.8948733883238,0.009088004770701923,181.8948733883238,0.0111882866384787,181.8948733883238,0.012443312921111345,181.8948733883238,0.017616500110547433,181.8948733883238,0.020477554082113016,212.78800360377028,0.0018733457996680707,1787841445.8567529
square,384,21245482,180,cpu,9.38327127377412,0.0005635000125039369,10.795015099996817,0.04875829999218695,10.844336900001508,150.9451944974425,182.21020219025942,182.2880428978961,182.5867896550903,183.0430004464133,183.27709601879488,183.61764665859022,183.82949410254656,183.93471528264388,184.97583563311463,185.93556099700544,213.44160546669755,7,151.0017431728773,0.00037449021611671464,181.8948733883238,0.0017335771814879358,181.8948733883238,0.002161520565414437,181.8948733883238,0.0038039349536221822,181.8948733883238,0.006312036379598154,181.8948733883238,0.007599019173675176,181.8948733883238,0.009471257975415915,181.8948733883238,0.010635927655270362,181.8948733883238,0.011214400144006657,181.8948733883238,0.016938147774035135,181.8948733883238,0.02221441172811543,212.78800360377028,0.0030716104848858773,1787841456.7189984
square,384,21245579,170,cpu,15.9609179650633,0.00043220000225119293,9.03498209999816,0.036134299996774644,9.071548599997186,151.01361461589536,182.09068923352902,182.25012816607284,182.92484526664387,183.29200576533086,183.5200745758792,183.7020237180087,184.20349057786194,184.53301066682278,185.468364835286,186.1731482645784,213.44851881525406,8,151.0017431728773,7.861792035390426e-05,181.8948733883238,0.0010765330630687334,181.8948733883238,0.0019530774624451712,181.8948733883238,0.0056624568858585494,181.8948733883238,0.0076809882047877065,181.8948733883238,0.008934837784492115,181.8948733883238,0.009935136136722512,181.8948733883238,0.012692040993423342,181.8948733883238,0.014503637344780359,181.8948733883238,0.019645916239394122,181.8948733883238,0.023520590748706858,212.78800360377028,0.003104099856652258,1787841465.8043003
square,384,21245676,171,cpu,9.287930358979164,0.00029460000223480165,9.219418699998641,0.03880809999827761,9.258521399999154,151.01251956886654,182.4613542582527,182.68885331809975,183.05610810550053,183.27794164600186,183.30337961530256,183.63203734360127,183.98722664431537,184.24545787696982,185.49212398750655,186.45445320822867,213.67980236861194,9,151.0017431728773,7.136603699271173e-05,181.8948733883238,0.0031143311484075793,181.8948733883238,0.004365048420473652,181.8948733883238,0.0063840981086786455,181.8948733883238,0.007603668162353266,181.8948733883238,0.007743518004335287,181.8948733883238,0.009550373371814849,181.8948733883238,0.011503090862405226,181.8948733883238,0.012922763818790092,181.8948733883238,0.019776536480514532,181.8948733883238,0.02506711560897445,212.78800360377028,0.004191019934104338,1787841475.0735252
square,384,21245773,188,cpu,8.68536109440021,0.0002902999985963106,9.082285099997534,0.03864499999326654,9.121220399989397,150.958872907507,182.21568926273267,182.29229014988732,182.73924259985142,182.94786856150057,183.21786679256041,183.80185501480577,184.05616672958007,184.10361395616607,184.88013761591134,185.98102577179094,213.34624623856,10,151.0017431728773,0.00028390576472504944,181.8948733883238,0.0017637433558887372,181.8948733883238,0.002184870602235702,181.8948733883238,0.004642072620293193,181.8948733883238,0.005789031617888228,181.8948733883238,0.007273395778517595,181.8948733883238,0.010483976766133489,181.8948733883238,0.011882101463311612,181.8948733883238,0.01214295118217481,181.8948733883238,0.016412030597554927,181.8948733883238,0.022464362559266336,212.78800360377028,0.0026234685477346345,1787841484.208297
square,384,21245870,194,cpu,10.145395980030663,0.00029179999546613544,8.940350100005162,0.045649100007722154,8.98629100000835,150.89531770385895,181.7986772536221,182.19252271421863,182.46946464021983,182.70185038816197,183.18627111206104,183.28839210747952,183.6759884995913,184.16692600944367,184.87179202792558,186.25954424954168,212.71822011926645,11,151.0017431728773,0.0007047962942818759,181.8948733883238,0.0005288556676159437,181.8948733883238,0.0016363810609405817,181.8948733883238,0.0031589194417225522,181.8948733883238,0.004436502166366091,181.8948733883238,0.007099692804317075,181.8948733883238,0.007661121466467834,181.8948733883238,0.009792002809584727,181.8948733883238,0.012491020658231102,181.8948733883238,0.016366149216566574,181.8948733883238,0.023995568318738916,212.78800360377028,0.00032794839615946114,1787841493.2071242
square,384,21245967,172,cpu,9.774345658751537,0.00032390000706072897,9.08220099999744,0.039750900003127754,9.122275800007628,150.947306953782,182.08110256826657,182.4842345552096,182.5190555166365,183.00349531844117,183.3691487340219,183.883552596604,184.07185607135747,184.13652387703578,185.09501513702244,186.24570936943562,213.77392439624685,12,151.0017431728773,0.0003605006005326142,181.8948733883238,0.0010238286350446398,181.8948733883238,0.0032401197235922487,181.8948733883238,0.003431554263655199,181.8948733883238,0.006094849785846381,181.8948733883238,0.008105095642529278,181.8948733883238,0.010933124014081613,181.8948733883238,0.011968356460415944,181.8948733883238,0.012323879430765163,181.8948733883238,0.017593358675187815,181.8948733883238,0.02391950856043817,212.78800360377028,0.004633347631346958,1787841502.3418846
square,384,21246064,176,cpu,11.471731647305623,0.00028739999106619507,9.528485100003309,0.045275299999048,9.574047799993423,150.93223076713062,181.9386114771855,182.3661863621073,182.96260486680464,183.03200904099006,183.3774557282127,183.87811322021463,183.9521659910592,184.20396511798876,184.8304508308944,186.3451733116704,213.3825428020396,13,151.0017431728773,0.0004603417436518985,181.8948733883238,0.00024045806265435534,181.8948733883238,0.002591128408425866,181.8948733883238,0.005870047124425396,181.8948733883238,0.006251609138200532,181.8948733883238,0.008150764847142148,181.8948733883238,0.010903220057537641,181.8948733883238,0.011310338573112658,181.8948733883238,0.01269464986368987,181.8948733883238,0.01613886850072733,181.8948733883238,0.024466329591630448,212.78800360377028,0.0027940447215079587,1787841511.9277506
square,384,21246161,176,cpu,8.92793800671565,0.00031489999673794955,8.949937900004443,0.036443899996811524,8.986696699997992,150.9492712619943,181.65894520970997,182.32063149617386,182.38860169226663,182.95724540838356,183.15948141697675,183.39950918967196,184.10430732938178,184.20973499962096,185.1315708232461,186.2112018585951,213.69300586302165,14,151.0017431728773,0.0003474920870477114,181.8948733883238,0.0012970578786469693,181.8948733883238,0.0023406822848774274,181.8948733883238,0.0027143607444548162,181.8948733883238,0.005840582531381914,181.8948733883238,0.006952411605098794,181.8948733883238,0.008272007744473122,181.8948733883238,0.012146763126969048,181.8948733883238,0.012726370832646957,181.8948733883238,0.01779433017890701,181.8948733883238,0.02372979727172668,212.78800360377028,0.004253069928399574,1787841520.92829
square,384,21246258,188,cpu,8.205776673858463,0.000563900000997819,8.587917600001674,0.03614109999034554,8.624622599993018,150.9462884281795,181.97637783621093,182.15582538767381,182.85226972708705,183.04236296516524,183.31777554149045,183.70918945634742,183.84402229278288,184.16563929344625,184.90691516129561,186.04680709788028,213.10848691036398,15,151.0017431728773,0.00036724572533109834,181.8948733883238,0.00044808545930340296,181.8948733883238,0.0014346308639107482,181.8948733883238,0.005263459716752619,181.8948733883238,0.0063085317110158365,181.8948733883238,0.007822662215052838,181.8948733883238,0.00997453108065493,181.8948733883238,0.01071579901154165,181.8948733883238,0.01248394670406486,181.8948733883238,0.01655924500159759,181.8948733883238,0.022826007309687098,212.78800360377028,0.0015061154819163052,1787841529.5639617
square,384,21246355,175,cpu,14.68231498227787,0.0003006999904755503,8.772998500004178,0.03646149999985937,8.809760699994513,150.98773831536033,182.4049424827109,182.61817855918565,183.06827441047585,183.19474826000817,183.68530266594288,183.87270140218465,184.08835643592812,184.57090124054307,185.48713639478535,186.6761805706006,213.89715082437897,16,151.0017431728773,9.27463300932364e-05,181.8948733883238,0.002804197198555363,181.8948733883238,0.003976501137102931,181.8948733883238,0.0064509845730890535,181.8948733883238,0.007146297460013089,181.8948733883238,0.009843209125508144,181.8948733883238,0.010873467608064092,181.8948733883238,0.012059070202168414,181.8948733883238,0.014711947634204503,181.8948733883238,0.019749116286485506,181.8948733883238,0.026286101929158204,212.78800360377028,0.005212451838563319,1787841538.3864067
square,384,21246452,193,cpu,10.151827040556041,0.0002986999897984788,8.843980500008911,0.038352899995516054,8.882632099994225,150.84497652580018,181.87089950868716,182.07394086411864,182.5490271730065,182.56730294033656,182.87336136294994,183.28673220161636,183.60194281885913,183.95746623314167,184.6956200640576,185.6486267652464,212.74135057848594,17,151.0017431728773,0.0010381777308202508,181.8948733883238,0.00013180074396845073,181.8948733883238,0.0009844558698065373,181.8948733883238,0.0035963288711615606,181.8948733883238,0.003696803211035068,181.8948733883238,0.005379414803721232,181.8948733883238,0.007651995833445619,181.8948733883238,0.009384923273186224,181.8948733883238,0.011339477613613093,181.8948733883238,0.015397611947834067,181.8948733883238,0.02063693883724146,212.78800360377028,0.00021924650118535185,1787841547.2776933
square,384,21246549,181,cpu,12.857574374030643,0.0002868000010494143,9.069947399999364,0.040762499993434176,9.110996699993848,150.95182400778612,181.89449687810594,182.6103609333891,182.90681870935384,182.99635920383975,183.2008574661721,183.61362363308575,184.10973811748892,184.62449584902893,184.95609387576394,186.24480558941184,213.37045629776665,18,151.0017431728773,0.0003305866809367334,181.8948733883238,2.0699330928578543e-06,181.8948733883238,0.003933522323841612,181.8948733883238,0.005563352623301663,181.8948733883238,0.006055617703773415,181.8948733883238,0.0071798839270207915,181.8948733883238,0.009449140664303591,181.8948733883238,0.012176619867876416,181.8948733883238,0.015006593698095752,181.8948733883238,0.016829613888593845,181.8948733883238,0.02391453986612073,212.78800360377028,0.0027372440369380535,1787841556.4019566
square,384,21246646,177,cpu,9.177879261718488,0.0003070999955525622,9.991221599993878,0.042670300012105145,10.034199000001536,150.9510971674586,182.27753847727172,182.3418015138771,182.6766843213648,183.14695500748127,183.34695030387348,183.54132247632054,183.706196835644,184.41119373935294,185.0686191893809,186.68499144762006,213.1796215074816,19,151.0017431728773,0.0003354001374719331,181.8948733883238,0.002103770611121001,181.8948733883238,0.002457068290205053,181.8948733883238,0.004298147157627375,181.8948733883238,0.00688354540088898,181.8948733883238,0.007983055753581828,181.8948733883238,0.009051651964273811,181.8948733883238,0.009958078606499518,181.8948733883238,0.013833926730068462,181.8948733883238,0.01744824217382727,181.8948733883238,0.02633454132085376,212.78800360377028,0.0018404134494375054,1787841566.447728
square,512,21372803,191,cpu,14.383699988401759,0.00030929999775253236,15.60348150000209,0.07615120000264142,15.679942000002484,150.8796708417425,181.8830752209845,182.51325695546672,182.80667302548878,182.89207821635082,183.15651644025087,183.3700313502293,183.68092055582187,184.06439543732174,184.8875612555192,186.37982892258975,213.2016603901381,0,151.0017431728773,0.0008084167014883102,181.8948733883238,6.486256110201419e-05,181.8948733883238,0.003399675623747531,181.8948733883238,0.005012783594062084,181.8948733883238,0.005482314094131307,181.8948733883238,0.006936111108715108,181.8948733883238,0.00810994798493434,181.8948733883238,0.009819117681701154,181.8948733883238,0.011927340273995946,181.8948733883238,0.016452843400409475,181.8948733883238,0.024656855087340043,212.78800360377028,0.0019439854661078009,1787841582.1392434
square,512,21372900,211,cpu,11.55097938292441,0.00034920001053251326,15.168331699998816,0.07347389998903964,15.242154799998389,150.88103555871737,181.6998641463686,181.84287746903442,182.30410666754813,182.72310063869037,182.84686753420772,183.42491821078642,183.64013943271902,183.70689844095642,184.77995304959666,185.67939006706007,212.24247164670555,1,151.0017431728773,0.0007993789450611272,181.8948733883238,0.0010720986156594703,181.8948733883238,0.00028585698057780284,181.8948733883238,0.0022498340475526992,181.8948733883238,0.004553329266176814,181.8948733883238,0.0052337601832874985,181.8948733883238,0.008411698438559977,181.8948733883238,0.00959491607368891,181.8948733883238,0.00996193580873595,181.8948733883238,0.015861247805008603,181.8948733883238,0.020806065658908326,212.78800360377028,0.002563734551880813,1787841597.3941944
square,512,21372997,197,cpu,10.743115801896067,0.00033039999834727496,15.251496400000178,0.07661319999897387,15.3284399999975,150.94287850308484,181.70579968547122,182.07532295315485,182.21608881908446,182.41017396481521,182.8761775622208,183.26093577258484,183.42566279005015,183.7423768580279,184.45552065731712,185.81703161693036,213.28303828861792,2,151.0017431728773,0.00038982775003506816,181.8948733883238,0.0010394669147652008,181.8948733883238,0.0009920541545215883,181.8948733883238,0.0017659399892756588,181.8948733883238,0.002832958218626216,181.8948733883238,0.005394897369108554,181.8948733883238,0.0075101752941913675,181.8948733883238,0.008415791897874517,181.8948733883238,0.010156984830242705,181.8948733883238,0.014077621987325943,181.8948733883238,0.02156277500044346,212.78800360377028,0.002326421962064347,1787841612.7368155
square,512,21373094,200,cpu,8.904087106873934,0.0003225000109523535,15.282892799994443,0.07329570000001695,15.356511000005412,150.89651351621737,181.86385092251902,182.21376609528755,182.66269700002553,182.81364095536327,183.16893771138558,183.38925377151696,183.5160656221165,184.12846044617646,184.79323730452103,185.7659489869973,212.53984916025593,3,151.0017431728773,0.0006968770985607453,181.8948733883238,0.0001705516226317058,181.8948733883238,0.0017531703946541029,181.8948733883238,0.004221249326046325,181.8948733883238,0.0050510910501475334,181.8948733883238,0.007004399295750455,181.8948733883238,0.008215626726339072,181.8948733883238,0.008912797835328074,181.8948733883238,0.012279549259666228,181.8948733883238,0.015934280401677842,181.8948733883238,0.02128193899346042,212.78800360377028,0.0011662050459218414,1787841628.1049304
square,512,21373191,201,cpu,16.736785069267864,0.0003235000040149316,15.057905599998776,0.07813429999805521,15.136363400000846,150.84149478155592,181.77180886656924,181.93048518426008,182.37499089136986,182.64923172301724,182.7582345357299,183.38585059388808,183.52520119708146,183.9556587550054,184.48355154736515,185.52184350369208,213.3576019925057,4,151.0017431728773,0.0010612353735407615,181.8948733883238,0.0006765694901791704,181.8948733883238,0.00019578229596533802,181.8948733883238,0.002639532902178505,181.8948733883238,0.004147221527695203,181.8948733883238,0.004746484226429797,181.8948733883238,0.008196917141151273,181.8948733883238,0.008963022312768075,181.8948733883238,0.01132954067530031,181.8948733883238,0.014231726880585835,181.8948733883238,0.019939924901704882,212.78800360377028,0.002676835061604583,1787841643.2548842
square,512,21373288,194,cpu,8.536776820226772,0.0003127999952994287,14.783477600009064,0.06873389999964274,14.852524300004006,150.89314275983367,181.6656721398249,182.13863174732245,182.4095013726614,182.74718810054438,183.20878913506385,183.44129523384325,183.87073154919216,184.03888055518155,185.00961573078777,185.9383364611525,212.95818526790887,5,151.0017431728773,0.0007191997308223052,181.8948733883238,0.00126007536237472,181.8948733883238,0.0013401057130305518,181.8948733883238,0.0028292605214823106,181.8948733883238,0.004685754448950301,181.8948733883238,0.007223489712846453,181.8948733883238,0.008501734088008273,181.8948733883238,0.010862637984579968,181.8948733883238,0.011787067589753137,181.8948733883238,0.017123859977154945,181.8948733883238,0.02222967034478421,212.78800360377028,0.0007997709516345153,1787841658.1165085
square,512,21373385,208,cpu,10.1208027185652,0.0003180999920004979,14.786045300003025,0.07534559999476187,14.861708999989787,150.8567497283725,181.6480632969783,181.91603510837615,182.37567333074506,182.69887280656434,183.04177566232732,183.2774590067732,183.68063401573318,183.80620361761848,184.31104520731242,185.36329317450358,212.76893026768198,6,151.0017431728773,0.0009602104019341882,181.8948733883238,0.0013568831641481752,181.8948733883238,0.00011634038748955944,181.8948733883238,0.0026432847362048554,181.8948733883238,0.004420132372417711,181.8948733883238,0.006305302907328443,181.8948733883238,0.007601014765807921,181.8948733883238,0.00981754237568314,181.8948733883238,0.010507883997446316,181.8948733883238,0.013283342042468631,181.8948733883238,0.019068265760163194,212.78800360377028,8.963539187018041e-05,1787841672.9925718
square,512,21373482,199,cpu,11.940825761488723,0.0006070999952498823,16.067283500000485,0.0790627999958815,16.146953399991617,150.8694543656509,181.688595766304,182.0993034291157,182.4801386140978,182.57689255750455,183.13219512128182,183.34648927349065,183.6883874091847,183.89694583420035,184.31143581041542,185.6729869488477,212.92906171554137,7,151.0017431728773,0.0008760747024948877,181.8948733883238,0.001134048575296674,181.8948733883238,0.0011238911629767917,181.8948733883238,0.0032176015457265677,181.8948733883238,0.0037495238676943515,181.8948733883238,0.006802400254109984,181.8948733883238,0.007980521155578877,181.8948733883238,0.009860168059997973,181.8948733883238,0.011006755762722234,181.8948733883238,0.013285489453749246,181.8948733883238,0.020770863357199108,212.78800360377028,0.0006629044371963284,1787841689.1515207
square,512,21373579,213,cpu,10.068593593059145,0.0007962999952724203,14.815403800006607,0.07095290000142995,14.887153000003309,150.82615130565915,181.62356080458824,181.77815170586632,182.23045488022922,182.5728460981066,182.74646341409488,183.3084301110801,183.3715061693004,183.59949758855055,184.58522879507063,185.12579348177871,212.83936820992483,8,151.0017431728773,0.0011628466236784786,181.8948733883238,0.001491590052438315,181.8948733883238,0.0006416985827207994,181.8948733883238,0.0018449200115112827,181.8948733883238,0.0037272777245096764,181.8948733883238,0.004681770353983784,181.8948733883238,0.0077712840193056845,181.8948733883238,0.008118056069805668,181.8948733883238,0.009371480176835945,181.8948733883238,0.014790715959340204,181.8948733883238,0.01776256819815531,212.78800360377028,0.00024138863697502152,1787841704.04994
square,512,21373676,199,cpu,9.875589036128334,0.00046189999557100236,14.35613280000689,0.06972580000001471,14.426320500002475,150.87096765596556,181.75847723109885,182.20850847990144,182.39956863068966,182.77033619060768,182.81783566570215,183.36190519123915,183.5492870602049,183.99136336862705,184.89859312047133,186.13329369510237,212.52121268707208,9,151.0017431728773,0.0008660530280237827,181.8948733883238,0.0007498625699787982,181.8948733883238,0.0017242657021348722,181.8948733883238,0.0027746534740888795,181.8948733883238,0.004813015265223463,181.8948733883238,0.0050741522297219795,181.8948733883238,0.008065272954578661,181.8948733883238,0.009095438706230828,181.8948733883238,0.011525833253296291,181.8948733883238,0.016513493075392852,181.8948733883238,0.023301483037018084,212.78800360377028,0.0012537873948711242,1787841718.487595
square,512,21373773,201,cpu,11.25621040729925,0.00044999999227002263,13.623747100005858,0.06770349999715108,13.691900599995279,150.8220593922129,181.6797861204422,182.06515902675164,182.33409291716293,182.56196770119416,182.866418252507,183.3736380940946,183.50598366273098,183.72205031577639,184.9529903260323,185.72629060510508,212.69953380926302,10,151.0017431728773,0.0011899450753934426,181.8948733883238,0.0011824811984799607,181.8948733883238,0.0009361761288583252,181.8948733883238,0.0024146888840647263,181.8948733883238,0.0036674717678612575,181.8948733883238,0.005341243796954538,181.8948733883238,0.00812977671236404,181.8948733883238,0.008857370438185292,181.8948733883238,0.010045235983928992,181.8948733883238,0.01681255156202124,181.8948733883238,0.021063909858535006,212.78800360377028,0.000415764953892796,1787841732.218199
square,512,21373870,197,cpu,13.108692665987556,0.0003193000011378899,13.584486099993228,0.06632329999411013,13.651128699988476,150.9082031811816,181.55478237132405,182.33831708621662,182.5961620288966,182.94425861876877,183.1468054331501,183.32680318545707,183.5050456618839,183.73044750398765,184.71854109663371,186.3869007114332,213.0774529664684,11,151.0017431728773,0.0006194629924809253,181.8948733883238,0.0018697119422034637,181.8948733883238,0.00243791201825756,181.8948733883238,0.0038554612755668225,181.8948733883238,0.00576918530411064,181.8948733883238,0.006882723088921695,181.8948733883238,0.00787229332228776,181.8948733883238,0.008852213608695828,181.8948733883238,0.010091401046499695,181.8948733883238,0.015523624474460773,181.8948733883238,0.024695733526911914,212.78800360377028,0.0013602710575597175,1787841745.8793938
square,512,21373967,197,cpu,9.95355323870541,0.0003569000109564513,13.571029099999578,0.06511369999498129,13.636499700005515,150.9387234784254,181.81197086218498,182.33604936866465,182.50686049326103,182.65265377151587,183.0152926904916,183.22071776901294,183.62989389150272,184.04184602126884,184.88303944375107,185.94902327007046,212.91081164377567,12,151.0017431728773,0.00041734415197940047,181.8948733883238,0.00045577164762539894,181.8948733883238,0.0024254448304268624,181.8948733883238,0.0033645099146402155,181.8948733883238,0.004166034858906189,181.8948733883238,0.00615970797470392,181.8948733883238,0.0072890695377578274,181.8948733883238,0.009538589355813613,181.8948733883238,0.011803370776489788,181.8948733883238,0.016427983921503433,181.8948733883238,0.022288423011744496,212.78800360377028,0.0005771379867545291,1787841759.526273
square,512,21374064,204,cpu,11.901185746182904,0.00032300000020768493,13.757492599994293,0.08160340000176802,13.83941899999627,150.85907606527212,181.58986053461106,181.95017708190454,182.50703640317937,182.55712012849278,183.00181181783242,183.22405162606842,183.55361671176547,183.81773011183105,184.5366007180894,185.62851147525896,212.6976667762363,13,151.0017431728773,0.0009448043751511021,181.8948733883238,0.0016768633883460754,181.8948733883238,0.0003040420686441628,181.8948733883238,0.003365477011266214,181.8948733883238,0.003640821359242921,181.8948733883238,0.006085594436438292,181.8948733883238,0.007307398020542292,181.8948733883238,0.009119241749603713,181.8948733883238,0.010571252986345564,181.8948733883238,0.014523374301626651,181.8948733883238,0.020526351388498468,212.78800360377028,0.0004245390999681986,1787841773.376128
square,512,21374161,200,cpu,13.629360804010663,0.00040290001197718084,16.361857600000803,0.07442699999955948,16.43668750001234,150.87527945495344,182.01325096618416,182.11957454429654,182.1825119484069,182.63118370307888,182.9148867421655,183.3141041542809,183.45335775630298,183.79070996638143,184.8827056813111,185.5728394765278,213.2721343621929,14,151.0017431728773,0.0008374983974792287,181.8948733883238,0.0006508021675116141,181.8948733883238,0.0012353352889338583,181.8948733883238,0.0015813450633599554,181.8948733883238,0.004047999270343112,181.8948733883238,0.005607708094466733,181.8948733883238,0.0078024780991337896,181.8948733883238,0.00856804998924853,181.8948733883238,0.010422704844518932,181.8948733883238,0.01642614900205932,181.8948733883238,0.02022028449560532,212.78800360377028,0.0022751788175244896,1787841789.8265162
square,512,21374258,204,cpu,9.846130157322987,0.0005090000049676746,15.445380399993155,0.08494910001172684,15.53083850000985,150.92648576020974,181.68889376974064,181.93281447679075,182.33553353860415,182.94759145129382,183.06782898988155,183.2094688372834,183.72506023683687,184.03706292057475,184.76946232123163,185.63433523253664,212.98036060816784,15,151.0017431728773,0.0004983877078915183,181.8948733883238,0.0011324102474477178,181.8948733883238,0.000208588003390099,181.8948733883238,0.0024226089612740687,181.8948733883238,0.005787508154353546,181.8948733883238,0.006448535792724846,181.8948733883238,0.007227226498864011,181.8948733883238,0.010061783569929702,181.8948733883238,0.01177707481440474,181.8948733883238,0.015803573126390084,181.8948733883238,0.020558368548571192,212.78800360377028,0.0009039842525885522,1787841805.369223
square,512,21374355,194,cpu,8.809983114842904,0.0005811000009998679,15.348026299994672,0.07483379999757744,15.423441199993249,150.87970217013313,181.82083963761553,182.21535385269567,182.68774409368453,182.77199825060774,183.0844512408878,183.47381807179553,183.6128088706098,183.79358874996905,184.86393201524575,186.0686302015543,213.0684627053842,16,151.0017431728773,0.0008082092310977344,181.8948733883238,0.00040701394893191803,181.8948733883238,0.0017618993784816331,181.8948733883238,0.004358950258416888,181.8948733883238,0.004822152741003276,181.8948733883238,0.006539919627225599,181.8948733883238,0.008680534278175552,181.8948733883238,0.009444661360072652,181.8948733883238,0.01043853147851907,181.8948733883238,0.016322937373739934,181.8948733883238,0.02294598377338563,212.78800360377028,0.0013180212082640128,1787841820.8078802
square,512,21374452,203,cpu,9.18492198568228,0.0005939000111538917,16.32410919999529,0.07078569999430329,16.39548880000075,150.89109220244598,181.85426805982496,182.15516412113078,182.47262249883724,182.90197032115736,183.15072324195552,183.2721450648213,183.73993339071222,183.9443569379535,184.54213983220592,185.7958820009582,212.55165892962754,17,151.0017431728773,0.0007327794243053315,181.8948733883238,0.00022323514534760942,181.8948733883238,0.001430995431362728,181.8948733883238,0.0031762803412277944,181.8948733883238,0.005536697731351367,181.8948733883238,0.006904261952180703,181.8948733883238,0.007571800407794914,181.8948733883238,0.01014355142626507,181.8948733883238,0.011267406889771493,181.8948733883238,0.014553826584383905,181.8948733883238,0.02144650115732626,212.78800360377028,0.001110704880632447,1787841837.2185822
square,512,21374549,203,cpu,14.344091466319496,0.0004535000043688342,16.350944000005256,0.13580439999350347,16.48720190000313,150.85637208554354,181.48857124157536,182.01608644513044,182.3712056433241,182.72972270435082,183.01049688947225,183.35095592774127,183.77007025835388,183.86143984859464,184.75306524756542,185.6909111904908,212.83820701275198,18,151.0017431728773,0.0009627113189503123,181.8948733883238,0.002233719616060998,181.8948733883238,0.0006663907264053416,181.8948733883238,0.002618722815696893,181.8948733883238,0.004589735271124046,181.8948733883238,0.006133342190281195,181.8948733883238,0.00800507739604578,181.8948733883238,0.01030923431265033,181.8948733883238,0.010811555178207087,181.8948733883238,0.0157134272450864,181.8948733883238,0.020869405120961932,212.78800360377028,0.00023593157570661133,1787841853.7206817
square,512,21374646,196,cpu,10.086462424127161,0.0005273999995552003,16.523715199989965,0.07327030001033563,16.597512899999856,150.91030289783998,181.87870485344914,182.1561533233829,182.33165052110877,182.66382324152718,182.80247465672875,183.46846486822187,183.5938412144274,183.8783454635108,184.6616909003859,185.98196178572488,213.3502787651322,19,151.0017431728773,0.0006055577446720402,181.8948733883238,8.888944791826955e-05,181.8948733883238,0.0014364337498469259,181.8948733883238,0.00240126136954127,181.8948733883238,0.004227441042616849,181.8948733883238,0.004989702301654978,181.8948733883238,0.008651104072288255,181.8948733883238,0.009340383235961428,181.8948733883238,0.010904496857107942,181.8948733883238,0.015211080227397582,181.8948733883238,0.0224695084653411,212.78800360377028,0.0026424194589885317,1787841870.3354404
exp,128,20688803,106,cpu,9.433805480143345,0.0002275000006193295,2.130382200004533,0.005575200004386716,2.136184900009539,145.93164405749067,176.86389550571718,177.21196937948594,177.8390036813087,178.1182443391546,178.34854853740106,178.99824102188123,179.46475314165224,180.0581801436289,181.1749050523182,182.7929346540634,208.5871990200979,0,145.07515747925558,0.005903743915339619,175.8033917442042,0.006032328221835643,175.8033917442042,0.008012232422291602,175.8033917442042,0.011578911629113177,175.8033917442042,0.01316728063084545,175.8033917442042,0.014477290613938194,175.8033917442042,0.018172853469889685,175.8033917442042,0.020826454831857664,175.8033917442042,0.024201969923398712,175.8033917442042,0.030554093722660443,175.8033917442042,0.03975772503882673,206.5316260091528,0.009952824420478828,1787841874.4811776
exp,128,20688900,99,cpu,6.869747520948036,0.00033969999640248716,2.5862068999995245,0.0053884000080870464,2.591935000004014,145.98531442145597,176.52680356712503,177.0470670036586,177.9984985826853,178.542203001061,178.79410424481884,179.2903576700153,179.5025577877578,179.83452165730455,180.8722056270622,183.6710725096742,208.32002892715855,1,145.07515747925558,0.006273692601922778,175.8033917442042,0.004114891161903234,175.8033917442042,0.007074239280115716,175.8033917442042,0.01248614612438771,175.8033917442042,0.01557883058844405,175.8033917442042,0.01701168828964442,175.8033917442042,0.01983446332414731,175.8033917442042,0.021041494176266766,175.8033917442042,0.022929761895411523,175.8033917442042,0.028832287207707422,175.8033917442042,0.044752724548782076,206.5316260091528,0.008659220636390515,1787841877.101077
exp,128,20688997,106,cpu,6.966195535327495,0.00026699999580159783,2.2395902999996906,0.005104399999254383,2.2449616999947466,145.98063161227654,176.15678741157987,177.0386274595023,178.22479320833264,178.350814390964,178.7814783757855,179.2253738827978,179.36750092755298,179.77495484400274,180.33523627400442,183.3119098255638,208.69961961152202,2,145.07515747925558,0.006241414097037489,175.8033917442042,0.0020101754799467892,175.8033917442042,0.007026233698012971,175.8033917442042,0.01377334896730329,175.8033917442042,0.014490179179627694,175.8033917442042,0.0169398701699365,175.8033917442042,0.01946482433952492,175.8033917442042,0.020273267472191932,175.8033917442042,0.02259093559228488,175.8033917442042,0.025777912956276218,175.8033917442042,0.04270974528343896,206.5316260091528,0.010497150699201601,1787841879.3800576
exp,128,20689094,107,cpu,5.931847525089239,0.00036609999369829893,1.9728196000069147,0.005170999997062609,1.9783566999976756,145.90460959890788,176.30157651689527,176.92003935222868,177.6274242213261,178.20484746310245,178.4778176361103,178.87236929216888,179.3863827306301,179.88579237387816,181.11475615329945,183.07702422759044,208.14039509514407,3,145.07515747925558,0.005717395962647197,175.8033917442042,0.0028337608720083165,175.8033917442042,0.006351684099754045,175.8033917442042,0.010375411185330773,175.8033917442042,0.013659894129872112,175.8033917442042,0.015212595532840625,175.8033917442042,0.017456873371533625,175.8033917442042,0.02038067042323727,175.8033917442042,0.02322139857013627,175.8033917442042,0.030211956415626802,175.8033917442042,0.04137367550888588,206.5316260091528,0.007789456351445054,1787841881.38498
exp,128,20689191,102,cpu,7.790873513362817,0.00026020000223070383,1.9370351999968989,0.004702699996414594,1.9419980999955442,145.948510643581,176.45766208684722,176.89797498403675,177.88551133736436,178.51158182174294,178.62990422396248,179.10018939758058,179.41143573853589,179.44490818877702,180.54703541882176,183.42179797422017,208.96077772455607,4,145.07515747925558,0.0060200049374427855,175.8033917442042,0.0037216025023851704,175.8033917442042,0.006226178169674846,175.8033917442042,0.011843455194480424,175.8033917442042,0.015404652041521421,175.8033917442042,0.016077690263626418,175.8033917442042,0.01875275340633509,175.8033917442042,0.02052317625123773,175.8033917442042,0.020713573318717735,175.8033917442042,0.026982663005271395,175.8033917442042,0.04333480801724713,206.5316260091528,0.011761645237304299,1787841883.3532045
exp,128,20689288,104,cpu,11.653588743409413,0.0002455000067129731,1.9573037999944063,0.006135600007837638,1.963684900008957,145.95193666895068,176.43641785016047,177.17614006338957,177.621770494708,178.38179265996624,178.71549769333706,179.099131455161,179.53620248209236,180.14545371012375,180.34964587565605,184.49990192556876,208.8085250054824,5,145.07515747925558,0.0060436204580406605,175.8033917442042,0.0036007616216946234,175.8033917442042,0.0078084290955133554,175.8033917442042,0.010343251813648495,175.8033917442042,0.01466638891423464,175.8033917442042,0.016564560673380014,175.8033917442042,0.018746735647467743,175.8033917442042,0.021232870997844298,175.8033917442042,0.02469839701521403,175.8033917442042,0.025859877254624918,175.8033917442042,0.04946724915306576,206.5316260091528,0.011024456836594613,1787841885.3409777
exp,128,20689385,104,cpu,7.162263590469295,0.00040330000047106296,1.9975571999966633,0.00514639999892097,2.0031068999960553,145.92317575899366,176.3106959507074,176.65760218625954,177.62581616184954,178.36378506476487,178.4584950430144,179.1239151447717,179.46884323939665,180.13371399484748,180.87546028436853,183.59352618461736,208.72631234720035,6,145.07515747925558,0.0058453721124469135,175.8033917442042,0.002885633783683504,175.8033917442042,0.004858896256667405,175.8033917442042,0.010366264265805508,175.8033917442042,0.014563958608296235,175.8033917442042,0.015102685292178102,175.8033917442042,0.018887709546576363,175.8033917442042,0.020849720012943367,175.8033917442042,0.024631619490845528,175.8033917442042,0.028850800259555012,175.8033917442042,0.04431162768320134,206.5316260091528,0.010626393547835067,1787841887.381017
exp,128,20689482,101,cpu,6.168687042704917,0.0003603999939514324,2.09907270000258,0.007738899992546067,2.1071719999890774,145.93828645826352,176.55512226780974,176.94129629137507,177.74059105708068,178.2213222980882,178.51334116161843,179.15036617802048,179.64188224661586,180.2182300631527,180.27145974481846,182.5047448583178,208.54931603654796,7,145.07515747925558,0.005949529843738814,175.8033917442042,0.0042759728134217165,175.8033917442042,0.006472597234224807,175.8033917442042,0.011019123656585264,175.8033917442042,0.013753605831462765,175.8033917442042,0.015414659470035947,175.8033917442042,0.019038167583741324,175.8033917442042,0.02183399571719707,175.8033917442042,0.02511236145757727,175.8033917442042,0.0254151410634634,175.8033917442042,0.03811845179792744,206.5316260091528,0.009769399807590458,1787841889.517636
exp,128,20689579,104,cpu,6.230549992265521,0.00023999999393709004,2.102067800005898,0.004926599998725578,2.1072343999985605,145.9516296779651,176.548043459845,176.76735469666235,177.79040992782134,178.32921188842533,178.44585256740723,178.8501779169366,179.33206506188387,179.5501730474784,180.66687637431806,184.1674672069804,207.85850403607634,8,145.07515747925558,0.006041504375653252,175.8033917442042,0.004235707333361778,175.8033917442042,0.005483187456705825,175.8033917442042,0.01130250198192015,175.8033917442042,0.014367300421008021,175.8033917442042,0.0150307727114153,175.8033917442042,0.017330645003513372,175.8033917442042,0.020071702159273088,175.8033917442042,0.021312337982226336,175.8033917442042,0.027664339020206707,175.8033917442042,0.0475763031633999,206.5316260091528,0.006424575512056129,1787841891.6607437
exp,128,20689676,103,cpu,8.273970370160532,0.0002471999905537814,1.8490426000062143,0.0050722000014502555,1.8543619999982184,145.91219402511646,176.50748577574973,176.9007738042537,177.78486416489253,178.40909170948092,178.73177632423645,178.91329796882786,179.3573110794416,180.0875231742448,180.51379904383637,182.96895959242644,208.74728526055435,9,145.07515747925558,0.005769675252501943,175.8033917442042,0.004005008234255239,175.8033917442042,0.006242098341573604,175.8033917442042,0.011270956726315028,175.8033917442042,0.01482167061411448,175.8033917442042,0.01665715633230267,175.8033917442042,0.01768968274030013,175.8033917442042,0.02021530585944773,175.8033917442042,0.024368878140155984,175.8033917442042,0.026793608774544425,175.8033917442042,0.040758985234188375,206.5316260091528,0.010727941740522376,1787841893.5375476
exp,128,20689773,103,cpu,8.9733617398618,0.00023299999884329736,1.8436114999931306,0.005434300008346327,1.8492788000003202,146.01756926248476,176.36613718192834,177.10568243580096,178.36254500735183,178.71190037832295,178.83336548638255,179.26279935662959,179.67155820809452,179.9088235207512,180.8428891898378,184.19674906821305,208.58584138134518,10,145.07515747925558,0.006496024540686312,175.8033917442042,0.003200993064701203,175.8033917442042,0.007407653963193233,175.8033917442042,0.014556904947950212,175.8033917442042,0.01654409852541794,175.8033917442042,0.01723501300013028,175.8033917442042,0.01967770688667298,175.8033917442042,0.022002797702097558,175.8033917442042,0.02335240370402221,175.8033917442042,0.028665530258745648,175.8033917442042,0.04774286343815986,206.5316260091528,0.009946250905424711,1787841895.4121528
exp,128,20689870,101,cpu,15.934349390992177,0.00029290000384207815,1.891601899988018,0.004569299999275245,1.8964640999911353,145.95044149447904,176.57797174577286,177.27219887775988,177.90921480463402,178.2317616868046,178.80557490219962,179.3585318204689,179.56181870985995,180.38028135252097,180.8610412045311,182.6979881510901,208.50859874028902,11,145.07515747925558,0.0060333142519498175,175.8033917442042,0.004405944583229017,175.8033917442042,0.008354828191783783,175.8033917442042,0.01197828460268743,175.8033917442042,0.013812986874187853,175.8033917442042,0.01707693536631899,175.8033917442042,0.020222249644861648,175.8033917442042,0.021378580517515323,175.8033917442042,0.026034137128458815,175.8033917442042,0.02876878204765147,175.8033917442042,0.03921765296154025,206.5316260091528,0.0095722518112001,1787841897.3323557
exp,128,20689967,106,cpu,5.889159476623373,0.00032560000545345247,1.914078599991626,0.0045449000026565045,1.918949099999736,145.92711755111034,176.22374817239415,176.71300803741784,177.9394972699898,178.06633612592094,178.57055136240993,178.94967853390474,179.63602181694566,179.710587053657,180.42695929293998,183.54984494295167,208.41559810703944,12,145.07515747925558,0.005872542802351151,175.8033917442042,0.002391059831209541,175.8033917442042,0.005174054289789508,175.8033917442042,0.012150536486199685,175.8033917442042,0.012872017765216714,175.8033917442042,0.015740080954933938,175.8033917442042,0.017896621666312527,175.8033917442042,0.02180066058291972,175.8033917442042,0.02222480050406438,175.8033917442042,0.026299649300641097,175.8033917442042,0.04406316125014611,206.5316260091528,0.00912195451268635,1787841899.2749312
exp,128,20690064,108,cpu,9.554462403162786,0.00023530000180471689,1.8298845999961486,0.0046959000028437,1.834815800000797,145.81964741547455,176.40686501662583,177.11623995263153,177.81213025034208,178.27931571198857,178.47866730699423,179.1861078545425,179.5017129511504,179.92256404063107,180.4793941298384,182.0259426090994,208.4392335697932,13,145.07515747925558,0.005131753424602858,175.8033917442042,0.0034326600097664686,175.8033917442042,0.007467706938996651,175.8033917442042,0.011426050920909559,175.8033917442042,0.014083482367546573,175.8033917442042,0.015217428607308035,175.8033917442042,0.019241472401512083,175.8033917442042,0.021036688599997633,175.8033917442042,0.023430562149906194,175.8033917442042,0.02659790769246272,175.8033917442042,0.0353949420608965,206.5316260091528,0.009236394432666025,1787841901.1344588
exp,128,20690161,102,cpu,8.795010310995398,0.0003043000033358112,1.8309885000053328,0.004867199997534044,1.8361600000062026,145.97628873354705,176.5243076194183,177.19991048410031,178.12536857927304,178.62386976741388,178.75011541201994,179.0470024636924,179.73321192073237,180.2428202744936,180.59783415951543,183.50175144013477,208.8553561183548,14,145.07515747925558,0.0062114787255724635,175.8033917442042,0.0041006937810565336,175.8033917442042,0.007943639346435778,175.8033917442042,0.013207804536828013,175.8033917442042,0.016043365234463244,175.8033917442042,0.01676147222519609,175.8033917442042,0.018450216957177315,175.8033917442042,0.022353494648420163,175.8033917442042,0.025252234818932393,175.8033917442042,0.027271614999824365,175.8033917442042,0.043789597115007725,206.5316260091528,0.011251207159425593,1787841903.0237956
exp,128,20690258,111,cpu,6.879064328575205,0.00024619999749120325,1.8724428999994416,0.005417000007582828,1.8781061000045156,145.88721278026458,176.29381834755705,176.47311149712866,177.7071519567946,178.04098911700802,178.75174113240635,178.9119709132922,179.12895004090026,180.34850563415918,180.56565776020832,183.24369694372072,208.486276861927,15,145.07515747925558,0.005597480058742055,175.8033917442042,0.0027896310673370542,175.8033917442042,0.003809481411478762,175.8033917442042,0.010828916289399037,175.8033917442042,0.012727839608803231,175.8033917442042,0.016770719603021313,175.8033917442042,0.017682134219634583,175.8033917442042,0.018916348903750366,175.8033917442042,0.025853391364417926,175.8033917442042,0.027088590093490808,175.8033917442042,0.04232173865190413,206.5316260091528,0.009464172100633004,1787841904.95556
exp,128,20690355,101,cpu,5.568657492430506,0.00023750000400468707,1.8014822999975877,0.0045698000030824915,1.8062896000046749,145.93473975295225,176.5718499271729,176.83532730418372,178.0806988883664,178.29856222681664,179.0667913851971,179.31056872103235,179.55030845121794,179.9208029058893,180.2582846992189,183.99592701253582,207.94134051387198,16,145.07515747925558,0.005925082478849532,175.8033917442042,0.00437112262365694,175.8033917442042,0.0058698273664765654,175.8033917442042,0.012953715634085879,175.8033917442042,0.01419295986190614,175.8033917442042,0.018562779754222162,175.8033917442042,0.01994942726663171,175.8033917442042,0.021313108182039835,175.8033917442042,0.02342054451188285,175.8033917442042,0.025340199132771173,175.8033917442042,0.04660055296459724,206.5316260091528,0.006825659255966454,1787841906.786428
exp,128,20690452,110,cpu,11.084229511197044,0.00023520000104326755,1.8793182000081288,0.005335099995136261,1.8848885000043083,145.84899300246212,176.2932961863749,176.85417895975812,177.76467385976548,178.12267114549445,178.6182207994093,179.19233515022393,179.48518870892252,180.0334086954737,180.61546152621116,181.4062026534761,208.08863412470203,17,145.07515747925558,0.00533403193663391,175.8033917442042,0.00278666092451463,175.8033917442042,0.0059770588333291725,175.8033917442042,0.011156110790029442,175.8033917442042,0.013192461068469235,175.8033917442042,0.01601123293059508,175.8033917442042,0.019276894332907316,175.8033917442042,0.020942695861496143,175.8033917442042,0.024061065655799317,175.8033917442042,0.027371882500472944,175.8033917442042,0.03186975435277187,206.5316260091528,0.007538836282053102,1787841908.6950734
exp,128,20690549,110,cpu,11.759259523090062,0.0002435000060359016,1.9326850999932503,0.005055900008301251,1.9379845000075875,145.94305701641755,176.11676074572185,176.75629553297645,177.8191931858801,178.09494803717175,178.24284455751317,178.64909984966988,179.0959895310253,179.72653492644187,180.52078800154544,184.52105380977005,208.52130211897128,18,145.07515747925558,0.00598241320045492,175.8033917442042,0.001782496904118961,175.8033917442042,0.005420281027107521,175.8033917442042,0.01146622611586992,175.8033917442042,0.013034767248983425,175.8033917442042,0.013876028153418136,175.8033917442042,0.016186878291894535,175.8033917442042,0.018728863841329546,175.8033917442042,0.0223155147538103,175.8033917442042,0.026833363170860273,175.8033917442042,0.0495875647168978,206.5316260091528,0.009633759963378681,1787841910.6636982
exp,128,20690646,104,cpu,8.009676647458377,0.0002531999925849959,1.9812487000017427,0.005444599999464117,1.9869464999937918,146.00366082865835,176.40652648353054,176.80981534337647,177.66980986021295,177.9427596712894,178.2869535444435,178.8107087471149,179.19816973846852,179.7153544200427,180.61898700559414,183.46637797572697,208.424783835206,19,145.07515747925558,0.006400153999733151,175.8033917442042,0.0034307343751588007,175.8033917442042,0.005724710935251106,175.8033917442042,0.01061650800642355,175.8033917442042,0.012169093587215919,175.8033917442042,0.014126927675280062,175.8033917442042,0.017106137561250095,175.8033917442042,0.01931008247670084,175.8033917442042,0.02225191810593994,175.8033917442042,0.02739193603498098,175.8033917442042,0.04358838675122097,206.5316260091528,0.00916643064616796,1787841912.6741445
exp,256,20816803,152,cpu,9.68873583988242,0.00035709999792743474,5.15400480000244,0.015766199998324737,5.170128099998692,145.66713957139916,175.7861311441509,176.03729069676137,177.20849405029003,177.59987690048246,177.71217203782578,178.04374919165218,178.25685993423662,179.16088346128237,179.24757813414396,180.64196426806058,207.2878481645035,0,145.07515747925558,0.004080520072695626,175.8033917442042,9.818126875742792e-05,175.8033917442042,0.001330457565332464,175.8033917442042,0.007992464150693268,175.8033917442042,0.010218717275330903,175.8033917442042,0.010857471375745043,175.8033917442042,0.012743539389204361,175.8033917442042,0.01395575003241261,175.8033917442042,0.019097991704069978,175.8033917442042,0.019591125949100577,175.8033917442042,0.02752263466507267,206.5316260091528,0.0036615319888934164,1787841917.8721323
exp,256,20816900,151,cpu,12.939068945537905,0.00043400000140536577,4.923172399998293,0.015258900006301701,4.938865300006,145.71695590944606,175.67348442228172,176.16835450704093,176.97662869947402,177.6819361060765,177.832311223341,178.1006035299824,178.18447732800027,179.03020902928145,179.22543803850527,182.45355659813296,206.82277408933754,1,145.07515747925558,0.004423903039927756,175.8033917442042,0.0007389352425662544,175.8033917442042,0.0020759711130474917,175.8033917442042,0.006673574062648922,175.8033917442042,0.010685484183408799,175.8033917442042,0.011540843774441605,175.8033917442042,0.013066936667073432,175.8033917442042,0.013544025289686012,175.8033917442042,0.01835469300713102,175.8033917442042,0.01946518926824914,175.8033917442042,0.03782728414935721,206.5316260091528,0.0014097021643156853,1787841922.8356705
exp,256,20816997,145,cpu,9.552934921406447,0.00029689999064430594,5.2325016999966465,0.01742130001366604,5.250219900000957,145.70793366915606,175.6084629884653,176.28172037740188,177.15232282326292,177.4898687168423,177.81480225180417,178.1056759644036,178.65802007132524,178.7660770852737,179.48456062105038,182.05909997683796,207.15743264587334,2,145.07515747925558,0.004361712927941946,175.8033917442042,0.00110878836753337,175.8033917442042,0.002720815727455727,175.8033917442042,0.0076729525276818256,175.8033917442042,0.009592971761841467,175.8033917442042,0.01144124972586763,175.8033917442042,0.013095789548527283,175.8033917442042,0.01623761805047859,175.8033917442042,0.01685226497438829,175.8033917442042,0.020939123189399705,175.8033917442042,0.03558354688478301,206.5316260091528,0.0030300765495973312,1787841928.1381931
exp,256,20817094,153,cpu,8.603930877044093,0.00037900000461377203,4.925646000003326,0.015174799991655163,4.941199799999595,145.70744875452405,175.44948993347995,176.06763717009773,177.12217688871416,177.54535096988442,177.7129055624063,178.0387609011187,178.22313895893947,178.87392215650183,179.19518554080722,180.9596708409064,207.48689326765452,3,145.07515747925558,0.004358370421613248,175.8033917442042,0.002013054510570361,175.8033917442042,0.001503073537272901,175.8033917442042,0.007501477254937267,175.8033917442042,0.009908564382050162,175.8033917442042,0.010861643790015515,175.8033917442042,0.012715165132689827,175.8033917442042,0.013763939311569365,175.8033917442042,0.01746570633156667,175.8033917442042,0.019293107845940318,175.8033917442042,0.02932980442268513,206.5316260091528,0.004625283192509153,1787841933.1099992
exp,256,20817191,154,cpu,13.62760728442,0.00031489999673794955,5.359197600002517,0.01647679999587126,5.375989299995126,145.75851530163823,175.4931673723028,176.16737606189466,177.0470233382248,177.54225263948754,177.76052955711745,177.9361134362942,178.3387796498131,178.47012738166507,179.32753898401344,181.55327657695713,206.8325403953042,4,145.07515747925558,0.004710371053571734,175.8033917442042,0.0017646097087408766,175.8033917442042,0.002070405548375695,175.8033917442042,0.007073990903600403,175.8033917442042,0.009890940544613687,175.8033917442042,0.011132537282107254,175.8033917442042,0.012131288656780492,175.8033917442042,0.014421723497223059,175.8033917442042,0.015168852039788875,175.8033917442042,0.020045957048069496,175.8033917442042,0.032706336184452484,206.5316260091528,0.0014569893820428983,1787841938.5102334
exp,256,20817288,152,cpu,7.569365115827803,0.00030810000316705555,4.974897099993541,0.016757600009441376,4.991962800006149,145.68271268229793,175.6413673486638,175.99791181306315,176.8464308544877,177.29345161402372,177.502251159071,177.93427112995258,178.46498999909923,178.640318566133,179.17944075382232,181.61181522277346,207.58352958472256,5,145.07515747925558,0.0041878651975906156,175.8033917442042,0.0009216226941521827,175.8033917442042,0.001106463686104489,175.8033917442042,0.005932986274810526,175.8033917442042,0.00847571741953412,175.8033917442042,0.00966340522791882,175.8033917442042,0.012120809300703587,175.8033917442042,0.015139629722091447,175.8033917442042,0.01613692883728075,175.8033917442042,0.01920354878323574,175.8033917442042,0.03303931409366996,206.5316260091528,0.005093184012036666,1787841943.5289888
exp,256,20817385,156,cpu,7.156964170409338,0.00030270000570453703,5.16840169999341,0.025267100005294196,5.193971500004409,145.6756629355,175.49129070000748,175.83170590954606,176.84666807238108,177.53355495681873,177.64545322997375,178.22388409709674,178.43484209988094,178.66295787026178,179.81002522571725,181.43975713317144,207.18708917648055,6,145.07515747925558,0.00413927144163378,175.8033917442042,0.0017752845442869443,175.8033917442042,0.0001610558537065403,175.8033917442042,0.005934335611083461,175.8033917442042,0.009841466626149898,175.8033917442042,0.010477963294643266,175.8033917442042,0.013768177785866578,175.8033917442042,0.014968143273967865,175.8033917442042,0.016265705102085207,175.8033917442042,0.0227904219694621,175.8033917442042,0.03206061801792892,206.5316260091528,0.003173669718257603,1787841948.7793548
exp,256,20817482,153,cpu,13.085842963434372,0.0004690000059781596,5.629153799993219,0.02047889999812469,5.650101699997322,145.72000453603727,175.51620360628493,176.24359438503555,177.34207465216133,177.55780143191038,177.91951201842576,178.07316511657154,178.1193597120843,178.33570618373255,179.64041317945032,181.60723258923827,207.69489293214434,7,145.07515747925558,0.004444917158707153,175.8033917442042,0.0016335756385014487,175.8033917442042,0.0025039485101166783,175.8033917442042,0.008752293642866336,175.8033917442042,0.00997938475646062,175.8033917442042,0.01203685692993085,175.8033917442042,0.012910862241326369,175.8033917442042,0.013173625064355246,175.8033917442042,0.014404241092304452,175.8033917442042,0.02182563940989851,175.8033917442042,0.0330132472840952,206.5316260091528,0.005632391249076726,1787841954.4685733
exp,256,20817579,147,cpu,11.020297668954877,0.00039799998921807855,5.930820500012487,0.015358699994976632,5.946577199996682,145.73492658433076,175.588514527206,175.93040289906102,177.08139982104268,177.2432416405244,177.89304599371513,178.11341677104565,178.30970584155614,178.51849568606212,179.71190186665393,181.0224529039848,207.42666025679372,8,145.07515747925558,0.004547774522798817,175.8033917442042,0.001222258654206389,175.8033917442042,0.0007224613450099613,175.8033917442042,0.007269530264228375,175.8033917442042,0.008190114434283465,175.8033917442042,0.0118863136187464,175.8033917442042,0.013139820591189557,175.8033917442042,0.014256346663656298,175.8033917442042,0.015443979293689842,175.8033917442042,0.022232279387059066,175.8033917442042,0.029686919620836427,206.5316260091528,0.0043336425754051675,1787841960.445247
exp,256,20817676,152,cpu,8.812047885721624,0.0003896000125678256,4.626349999991362,0.014961699998821132,4.641701300002751,145.60161389214025,175.75870739708887,176.20875714582616,177.14745359668572,177.46756839813636,177.7948847287098,178.0133641025313,178.56579468532578,178.928614960156,179.57329133276747,180.29687989863973,206.92147885175078,9,145.07515747925558,0.003628852947893222,175.8033917442042,0.0002541722697838375,175.8033917442042,0.0023057882877013823,175.8033917442042,0.007645255527476711,175.8033917442042,0.009466123704561789,175.8033917442042,0.0113279554208104,175.8033917442042,0.012570703764024386,175.8033917442042,0.015713024155648365,175.8033917442042,0.01777680842755897,175.8033917442042,0.021443838774444814,175.8033917442042,0.025559735280725485,206.5316260091528,0.0018876181344773698,1787841965.113091
exp,256,20817773,150,cpu,8.529173271985155,0.00025710000772960484,5.175198299999465,0.017859899991890416,5.193315299999085,145.70823854680617,175.75446236433584,176.27847263083504,177.3966965125456,177.64935176113332,177.7295611794038,178.02406255797985,178.4435116674974,178.67583491261192,179.80725158463903,181.41132146349503,207.59118079511964,10,145.07515747925558,0.004363814443152449,175.8033917442042,0.0002783187479087294,175.8033917442042,0.0027023419850857977,175.8033917442042,0.009062992201309022,175.8033917442042,0.010500138811969099,175.8033917442042,0.010956383810854993,175.8033917442042,0.012631558422983982,175.8033917442042,0.015017457269167,175.8033917442042,0.016338951938920286,175.8033917442042,0.02277464502084522,175.8033917442042,0.03189887102662066,206.5316260091528,0.005130230204646153,1787841970.3338428
exp,256,20817870,147,cpu,8.25807769522081,0.0002590999938547611,4.836772199996631,0.015115600006538443,4.852146899997024,145.6667965710896,175.72712053202795,176.36573991522374,176.98458823514633,177.54988249871988,177.94487818535816,178.0710379700979,178.36438970153176,178.53776829358134,180.0672462266302,180.5106049270683,207.21143727200945,11,145.07515747925558,0.004078155778797789,175.8033917442042,0.0004338438036918713,175.8033917442042,0.0031987333431983678,175.8033917442042,0.006718849273743225,175.8033917442042,0.00993434049928259,175.8033917442042,0.012181144060461916,175.8033917442042,0.012898762665473275,175.8033917442042,0.014567397886463143,175.8033917442042,0.015553605207774903,175.8033917442042,0.024253539366464363,175.8033917442042,0.026775440087715454,206.5316260091528,0.00329156011596267,1787841975.2166872
exp,256,20817967,144,cpu,8.93378629608347,0.0002634999982547015,4.457194700007676,0.015739599999506027,4.473197800005437,145.75735874490042,175.74939125469896,176.223843326188,177.211316482081,177.68476084782716,178.04188884072332,178.1863333496178,178.40936410892422,178.83554981924223,179.72770565173315,182.27961438892012,207.02815327940098,12,145.07515747925558,0.004702398932376714,175.8033917442042,0.0003071640937610522,175.8033917442042,0.002391601082392992,175.8033917442042,0.008008518629295601,175.8033917442042,0.010701551801460036,175.8033917442042,0.012732957392404367,175.8033917442042,0.013554582660616762,175.8033917442042,0.014823220069108502,175.8033917442042,0.017247437862005888,175.8033917442042,0.02232217404109514,175.8033917442042,0.03683787087645558,206.5316260091528,0.0024041222152881097,1787841979.7131233
exp,256,20818064,152,cpu,13.770529229348899,0.000264599992078729,4.405778400003328,0.015159200003836304,4.421202199999243,145.75857262458652,175.31693645469855,175.90110599206994,176.86163746476544,177.41530459767333,177.75051204915619,178.18512038499446,178.30940763385766,178.82912442904197,179.418261000145,182.67668656385328,207.22026572650375,13,145.07515747925558,0.0047107661794450395,175.8033917442042,0.0027670415495364255,175.8033917442042,0.0005558154873822227,175.8033917442042,0.006019484095625438,175.8033917442042,0.009168838197470535,175.8033917442042,0.011075555969847698,175.8033917442042,0.013547683108729279,175.8033917442042,0.014254650406857614,175.8033917442042,0.017210889134836777,175.8033917442042,0.02056199951591657,175.8033917442042,0.03909648586103394,206.5316260091528,0.003334306375530273,1787841984.1613472
exp,256,20818161,142,cpu,8.33835849601343,0.0002556999970693141,4.387933200006955,0.014319099995191209,4.402507999999216,145.76296462072165,175.62432158767163,176.3298620774582,177.3531496527849,177.57798587706682,178.0834635576128,178.37900332299458,178.4822591845069,179.17378349861082,179.18269675383593,181.95177184935426,206.90458475255366,14,145.07515747925558,0.004741040116150947,175.8033917442042,0.0010185819212925626,175.8033917442042,0.002994654016800862,175.8033917442042,0.008815290155696372,175.8033917442042,0.010094197360223203,175.8033917442042,0.012969441549376508,175.8033917442042,0.01465052268466998,175.8033917442042,0.015237859825824502,175.8033917442042,0.019171369340305913,175.8033917442042,0.01922206947263373,175.8033917442042,0.03497304599274186,206.5316260091528,0.001805819043831716,1787841988.615227
exp,256,20818258,145,cpu,12.669783341909074,0.0002671999973244965,4.381712400005199,0.014160299993818626,4.396139899996342,145.70175480383844,175.8208590319278,176.00358361025445,177.47329438229423,177.58115705695582,177.95250614840324,178.2015616927289,178.4045258302724,178.89805894055044,179.62922888971562,180.86625908107894,207.52272549994768,15,145.07515747925558,0.0043191221396568745,175.8033917442042,9.935694385817044e-05,175.8033917442042,0.0011387258463223643,175.8033917442042,0.009498694089587091,175.8033917442042,0.010112235578129763,175.8033917442042,0.01222453322929081,175.8033917442042,0.013641204101534396,175.8033917442042,0.014795699106038248,175.8033917442042,0.01760300052031433,175.8033917442042,0.021762021241763428,175.8033917442042,0.028798462228995396,206.5316260091528,0.004798778327300625,1787841993.0331223
exp,256,20818355,136,cpu,8.68470809555362,0.0002460999967297539,4.304567099999986,0.013946700011729263,4.318759900008445,145.7349371320586,175.53832763076738,176.25686892522603,177.5187853491225,177.74645286982306,178.11872080941882,178.41325853338,178.77920481942564,179.14290936846984,179.6448853206756,181.82472349673148,207.68259528116846,16,145.07515747925558,0.004547847228064301,175.8033917442042,0.0015077303731572957,175.8033917442042,0.0025794563831945455,175.8033917442042,0.009757454551356067,175.8033917442042,0.01105246665801558,175.8033917442042,0.013169990875849854,175.8033917442042,0.014845372226795233,175.8033917442042,0.016926937789410186,175.8033917442042,0.018995751965494995,175.8033917442042,0.021851077720166066,175.8033917442042,0.03425037306042645,206.5316260091528,0.005572847579114352,1787841997.3742125
exp,256,20818452,148,cpu,9.52330321312895,0.0002582000015536323,4.283624799994868,0.014569000006304123,4.298452000002726,145.77703142380275,175.66932298189678,176.07428236985285,177.14188352569235,177.59737199301415,177.81620988032327,178.64378000332792,178.69659402225662,178.96763579058222,179.72242331952194,183.10881380516975,207.23651077675922,17,145.07515747925558,0.004838002293035838,175.8033917442042,0.0007626062328904267,175.8033917442042,0.001540872579084311,175.8033917442042,0.007613572003409802,175.8033917442042,0.010204468929815752,175.8033917442042,0.01144925655955348,175.8033917442042,0.016156618088782514,175.8033917442042,0.016457033333361782,175.8033917442042,0.01799876563804889,175.8033917442042,0.02229212722482612,175.8033917442042,0.04155450010654528,206.5316260091528,0.0034129628533267706,1787842001.695596
exp,256,20818549,154,cpu,7.926331583984086,0.0002482999989297241,4.305592300006538,0.014511000001220964,4.320351600006688,145.74887722864378,175.52358783293505,175.93078952135653,176.82942001838046,177.5400422078843,177.61649979362625,177.9820987932393,178.25019261196354,178.38776653917932,179.56118630611587,181.49345908078197,207.43440473723018,18,145.07515747925558,0.004643936019745721,175.8033917442042,0.001591572884306231,175.8033917442042,0.0007246605192788558,175.8033917442042,0.005836225706436606,175.8033917442042,0.009878367228585476,175.8033917442042,0.010313271157249043,175.8033917442042,0.01239286129476466,175.8033917442042,0.013917825153905288,175.8033917442042,0.014700369369070114,175.8033917442042,0.021374983295995287,175.8033917442042,0.0323660839539256,206.5316260091528,0.004371140369743524,1787842006.0397074
exp,256,20818646,155,cpu,9.319105563465135,0.00024700000358279794,4.361010799999349,0.015310000002500601,4.376567800005432,145.7129588264967,175.31809001996413,176.0422674983095,177.0332224120636,177.50389423529526,177.69016666522532,177.89015446883315,177.9743387472069,178.5811750579461,179.50009353506925,181.16036150193105,206.84397412867412,19,145.07515747925558,0.004396351231480292,175.8033917442042,0.002760479871436035,175.8033917442042,0.0013587664705177538,175.8033917442042,0.006995488856374397,175.8033917442042,0.009672751328741833,175.8033917442042,0.010732301022760734,175.8033917442042,0.011869866126731026,175.8033917442042,0.01234872081513342,175.8033917442042,0.015800510366623704,175.8033917442042,0.02102747708214756,175.8033917442042,0.030471367500811967,206.5316260091528,0.0015123500722716197,1787842010.4377337
exp,384,20944803,171,cpu,6.769605551303815,0.00029090000316500664,7.84894749999512,0.035615500004496425,7.884853900002781,145.60788997127835,175.54741214303982,175.86443395081534,176.6333619128307,176.89432036484308,177.44577041752996,177.61647647437064,178.1743155184442,178.38621011987738,178.7896211383196,179.96250534196537,206.63179886053913,0,145.07515747925558,0.0036721138289920498,175.8033917442042,0.001456056101220293,175.8033917442042,0.00034721859462168565,175.8033917442042,0.004721013402483907,175.8033917442042,0.006205390065660417,175.8033917442042,0.009342133032993152,175.8033917442042,0.010313138513303026,175.8033917442042,0.013486223165078163,175.8033917442042,0.014691516187760547,175.8033917442042,0.016986187607008218,175.8033917442042,0.023657755157606583,206.5316260091528,0.00048502427120722597,1787842018.346562
exp,384,20944900,163,cpu,7.916813706392661,0.0003791999915847555,7.849699200000032,0.034609599999384955,7.884687999991002,145.71428400313022,175.3783898723679,175.82603796190074,177.13508990850534,177.4645790796317,177.59635902435812,178.14135660837434,178.52223681976972,178.6584907393874,179.46272685982575,181.1981069731712,206.51537062101795,1,145.07515747925558,0.00440548564605919,175.8033917442042,0.002417483915524616,175.8033917442042,0.00012881559036982316,175.8033917442042,0.00757492873765928,175.8033917442042,0.009449119945561451,175.8033917442042,0.010198706989468767,175.8033917442042,0.013298747202624568,175.8033917442042,0.015465259507174207,175.8033917442042,0.016240295291557273,175.8033917442042,0.020814928991506207,175.8033917442042,0.030686070248385103,206.5316260091528,7.870653250040803e-05,1787842026.2533312
exp,384,20944997,177,cpu,8.354543449214296,0.0002910999901359901,7.865404700001818,0.034951099994941615,7.900646899986896,145.638680915915,175.19015544315658,175.62882058859705,176.89026563747254,177.2588908581274,177.44054339482744,177.84227285295665,178.36968046213985,178.62342339735207,178.846854875028,180.62858290886842,206.77386962370147,2,145.07515747925558,0.0038843551608068235,175.8033917442042,0.0034881937996956982,175.8033917442042,0.0009929908284200953,175.8033917442042,0.006182326077358963,175.8033917442042,0.00827912988186805,175.8033917442042,0.009312400826744716,175.8033917442042,0.011597507241038084,175.8033917442042,0.014597492644906649,175.8033917442042,0.01604082620459937,175.8033917442042,0.017311742968258922,175.8033917442042,0.02744651918709815,206.5316260091528,0.0011729129297511777,1787842034.2059984
exp,384,20945094,185,cpu,15.869099365969374,0.0003107999946223572,7.920399499998894,0.035455600009299815,7.956165900002816,145.56369526733988,175.19537257097886,175.72136311997826,176.87805617210628,177.2298507333738,177.29393168831928,177.80046844482808,177.85508891133844,178.4756140296878,179.16112593587206,179.6833651526344,206.4680897156048,3,145.07515747925558,0.0033674806670753216,175.8033917442042,0.00345851787723188,175.8033917442042,0.00046659295598391914,175.8033917442042,0.006112876533495673,175.8033917442042,0.00811394464587538,175.8033917442042,0.008478448164889995,175.8033917442042,0.011359716560700154,175.8033917442042,0.011670407190547788,175.8033917442042,0.015200061039616977,175.8033917442042,0.019099370941337766,175.8033917442042,0.02206995763810749,206.5316260091528,0.0003076346939000121,1787842042.1884937
exp,384,20945191,172,cpu,11.204466983041085,0.0002973000082420185,8.030261399995652,0.03483720000076573,8.06539590000466,145.6217513851314,175.35448178093952,176.10534445448394,176.87340299649412,177.19176614505207,177.4327162777133,177.92791991819712,178.1376105344313,178.51239487124803,179.52561240112385,180.04403889365858,206.93363949056857,4,145.07515747925558,0.0037676602622608336,175.8033917442042,0.002553477261222794,175.8033917442042,0.0017175590714375642,175.8033917442042,0.006086408468425957,175.8033917442042,0.007897312941879868,175.8033917442042,0.009267878835237664,175.8033917442042,0.012084682513316576,175.8033917442042,0.013277438888229331,175.8033917442042,0.015409276807272703,175.8033917442042,0.02117263279161036,175.8033917442042,0.024121532055676013,206.5316260091528,0.0019464984089068683,1787842050.276821
exp,384,20945288,190,cpu,8.84503125990541,0.00027180000324733555,8.09015139999974,0.04937449999852106,8.139797700001509,145.60089575114932,175.32579127953863,175.6025689149827,176.7847818507172,176.84438843150315,177.22342325096002,177.69146016008443,177.7570232898428,177.888986997284,178.70233877806106,180.06676079446063,206.48919767008738,5,145.07515747925558,0.0036239028171926634,175.8033917442042,0.0027166737793117793,175.8033917442042,0.00114231487361571,175.8033917442042,0.0055823161133372046,175.8033917442042,0.005921368620769378,175.8033917442042,0.008077384017835074,175.8033917442042,0.010739658644512392,175.8033917442042,0.01111259302938347,175.8033917442042,0.011863225347292387,175.8033917442042,0.016489710494748986,175.8033917442042,0.024250778144597408,206.5316260091528,0.00020543264915535785,1787842058.4393215
exp,384,20945385,186,cpu,8.611548659247346,0.00030169999809004366,8.10835359999328,0.03650760000164155,8.14516289999301,145.66298279483874,175.09646961709373,175.50813478718658,176.82843272191957,177.14754631786332,177.42777933545142,177.76161053679533,177.96299617567684,178.0179521645066,178.77170934996872,180.5898549085052,206.1203356102124,6,145.07515747925558,0.004051867499555971,175.8033917442042,0.004021094929380195,175.8033917442042,0.0016794724725630766,175.8033917442042,0.005830609793961332,175.8033917442042,0.0076457829415196065,175.8033917442042,0.009239796656544197,175.8033917442042,0.011138686080871346,175.8033917442042,0.012284202312859194,175.8033917442042,0.01259680145150222,175.8033917442042,0.016884302266952048,175.8033917442042,0.02722622764448917,206.5316260091528,0.0019914160697217754,1787842066.6143699
exp,384,20945482,173,cpu,8.578766191698183,0.00029009999707341194,8.011897200005478,0.034450199993443675,8.046637499995995,145.57057296374288,175.55639740197415,175.95412613677013,176.91135516005534,177.14651693955722,177.44017295039544,177.98980117630455,178.23443592425707,178.68480241051125,179.5226725949422,180.36646351080438,206.19908184311646,7,145.07515747925558,0.0034148884832893313,175.8033917442042,0.0014049463993812948,175.8033917442042,0.0008574032108849024,175.8033917442042,0.00630228691755415,175.8033917442042,0.007639927660254055,175.8033917442042,0.009310293674952407,175.8033917442042,0.012436673777498053,175.8033917442042,0.01382819839784476,175.8033917442042,0.016389960612930295,175.8033917442042,0.02115591066723906,175.8033917442042,0.02595553886263757,206.5316260091528,0.0016101367740241638,1787842074.683367
exp,384,20945579,176,cpu,8.86728610208903,0.0002899999963119626,7.950118499997188,0.03617570000642445,7.986584199999925,145.71200481566416,175.28736230227244,175.81509905664055,177.0116357447426,177.34679186862206,177.38414693139993,177.8728996008881,178.02646128388028,178.424560829126,179.38977852859927,182.39822566254477,206.79636467015195,8,145.07515747925558,0.004389775254937373,175.8033917442042,0.0029352644269945477,175.8033917442042,6.659321142900022e-05,175.8033917442042,0.006872700171202658,175.8033917442042,0.008779125983323094,175.8033917442042,0.008991608020257938,175.8033917442042,0.011771717463193594,175.8033917442042,0.012645202789435822,175.8033917442042,0.014909661633466275,175.8033917442042,0.020399986307507112,175.8033917442042,0.03751255224891302,206.5316260091528,0.0012818310982910218,1787842082.6949677
exp,384,20945676,181,cpu,13.019398555267962,0.0002862999972421676,7.9663856999977725,0.036031700001331046,8.002703699996346,145.572484848954,175.1505978453726,175.65138765980058,176.7404593542414,177.18986456789222,177.23904127400323,177.81652054513904,178.15919592842613,178.5548190027764,179.23656432253009,180.31745702550623,206.17390578101765,9,145.07515747925558,0.003428067067716429,175.8033917442042,0.0037132042354530432,175.8033917442042,0.000864625436947099,175.8033917442042,0.005330202112372561,175.8033917442042,0.00788649644317077,175.8033917442042,0.008166222025385732,175.8033917442042,0.011451023674582882,175.8033917442042,0.01340022033050226,175.8033917442042,0.015650592581146427,175.8033917442042,0.019528477489906437,175.8033917442042,0.02567678152575151,206.5316260091528,0.0017320360810953834,1787842090.720719
exp,384,20945773,177,cpu,10.221214793059962,0.0003026000049430877,8.041656499990495,0.03739300000597723,8.079352100001415,145.62173962139096,175.49146338209917,176.07633302923736,176.83451179279447,177.28711175079374,177.6304189150936,177.74136294211846,178.1290186177636,178.57374952783658,179.19749502533747,181.60910775285268,206.52318222558208,10,145.07515747925558,0.0037675791750461088,175.8033917442042,0.0017743022987797676,175.8033917442042,0.001552537083188374,175.8033917442042,0.005865188597103816,175.8033917442042,0.008439655184516455,175.8033917442042,0.010392445519752842,175.8033917442042,0.011023514271749855,175.8033917442042,0.013228566585013403,175.8033917442042,0.015758272671230894,175.8033917442042,0.019306244592093763,175.8033917442042,0.03302391353800425,206.5316260091528,4.0883731629324806e-05,1787842098.825316
exp,384,20945870,188,cpu,13.97059625119459,0.000381799996830523,8.134182099995087,0.0359630000020843,8.170526899994002,145.54050508255162,175.27363674902298,175.38669851785585,176.7133470800803,176.9002040795642,177.2859200339618,177.54594970945183,177.76679683218762,177.98751235119104,178.80143334339868,179.80930013062536,206.5627749462501,11,145.07515747925558,0.0032076312125498044,175.8033917442042,0.003013337740104619,175.8033917442042,0.002370222907613957,175.8033917442042,0.005175982822903101,175.8033917442042,0.006238857649321538,175.8033917442042,0.008432876493729372,175.8033917442042,0.009911970115929742,175.8033917442042,0.011168186623158029,175.8033917442042,0.012423654545668667,175.8033917442042,0.017053377465872082,175.8033917442042,0.022786297503576088,206.5316260091528,0.0001508192120460953,1787842107.0202298
exp,384,20945967,187,cpu,11.714267843757018,0.00028649999876506627,8.123278399987612,0.035179900005459785,8.158744799991837,145.56639597193367,175.00047154311721,175.65067506696522,176.614267388193,177.1185835987401,177.28681022606753,177.57592804999888,177.71813007861323,178.30845620023842,179.1210891285278,179.5415098900479,206.0973447180536,12,145.07515747925558,0.0033860965668662856,175.8033917442042,0.004567148523819348,175.8033917442042,0.0008686787878425857,175.8033917442042,0.004612400454529655,175.8033917442042,0.007481038002096768,175.8033917442042,0.008437940059892181,175.8033917442042,0.010082492085100082,175.8033917442042,0.010891361738885004,175.8033917442042,0.014249238488408283,175.8033917442042,0.01887163467898792,175.8033917442042,0.021263060449270035,206.5316260091528,0.002102735060440404,1787842115.20105
exp,384,20946064,184,cpu,13.201063310391486,0.00031600000511389226,8.195739099988714,0.038777400011895224,8.234832500005723,145.563138503637,175.19811742129264,175.88590394888055,176.72125014180006,177.03683349061131,177.31628193170562,177.67780057572946,177.9624584227652,178.1002225024528,179.07675435506542,180.2451182463774,206.29586345456008,13,145.07515747925558,0.0033636429066167916,175.8033917442042,0.003442904695446579,175.8033917442042,0.00046934364495321334,175.8033917442042,0.005220936800419404,175.8033917442042,0.007016029293688455,175.8033917442042,0.008605580202358654,175.8033917442042,0.010661960573846933,175.8033917442042,0.012281143481591464,175.8033917442042,0.013064769316797464,175.8033917442042,0.018619450844406943,175.8033917442042,0.025265306079168007,206.5316260091528,0.0011415324575146503,1787842123.4608727
exp,384,20946161,165,cpu,11.06116484415725,0.00028029999521095306,8.04942180000944,0.0347495999885723,8.084451699993224,145.62155210640555,175.37783345059717,175.9616129410189,177.06499776020155,177.14148955584392,177.55705984751387,177.88349944213138,178.15003846143833,178.60830437408293,178.99011467183982,181.30928512542272,206.88969796893718,14,145.07515747925558,0.0037662866382074723,175.8033917442042,0.002420648938481331,175.8033917442042,0.0008999894441452036,175.8033917442042,0.007176232514518314,175.8033917442042,0.007611331034993192,175.8033917442042,0.00997516649656728,175.8033917442042,0.011832011187553016,175.8033917442042,0.013348131079567184,175.8033917442042,0.015954826593789048,175.8033917442042,0.01812662938990588,175.8033917442042,0.03131847074503352,206.5316260091528,0.0017337391212351849,1787842131.5722775
exp,384,20946258,173,cpu,10.360770424482611,0.00029880000511184335,8.504191700005322,0.04391829999804031,8.548408800008474,145.66724403700204,175.46669359872362,175.98338929495048,176.8453866393349,177.35424965001744,177.47922909561237,178.04767133068708,178.19421936879695,178.5452053811921,179.3836789663668,180.8699759680652,206.6928254826923,15,145.07515747925558,0.004081240151892431,175.8033917442042,0.001915197096825456,175.8033917442042,0.0010238570994591024,175.8033917442042,0.005927046599003123,175.8033917442042,0.008821547129589855,175.8033917442042,0.009532451762060074,175.8033917442042,0.012765849192194995,175.8033917442042,0.01359943969722404,175.8033917442042,0.015595908644227226,175.8033917442042,0.020365290945990204,175.8033917442042,0.02881960452294884,206.5316260091528,0.000780507453770628,1787842140.1433144
exp,384,20946355,176,cpu,11.379527972967402,0.00031230000604409724,8.853060399997048,0.037682499998481944,8.891055200001574,145.60119105019515,175.2881787167029,175.83371681510812,176.75920977207653,176.9006590395714,177.20256489089704,177.6553881446811,178.03201155088675,178.17703402370063,178.66101415366774,181.02700933498346,206.66287123880664,16,145.07515747925558,0.0036259383072859506,175.8033917442042,0.002930620520967706,175.8033917442042,0.0001724942312151227,175.8033917442042,0.005436857721511228,175.8033917442042,0.006241445540275689,175.8033917442042,0.007958738069904006,175.8033917442042,0.01053447480223579,175.8033917442042,0.01267677366501111,175.8033917442042,0.013501686491635564,175.8033917442042,0.016254648907009804,175.8033917442042,0.029712837385866192,206.5316260091528,0.0006354727950867249,1787842149.0658271
exp,384,20946452,176,cpu,11.00518138054859,0.0004366000066511333,8.743721099992399,0.04097280000860337,8.785130500007654,145.61054390309016,175.2777382163983,175.55763107479396,176.65967497071392,177.15937891455346,177.2792505396553,177.57014534258846,178.13778695468812,178.4422754462839,178.9458353627993,180.85590995428052,206.8357249658849,17,145.07515747925558,0.0036904073249835077,175.8033917442042,0.002990007886598297,175.8033917442042,0.0013979290557022666,175.8033917442042,0.00487068661198319,175.8033917442042,0.007713088791382603,175.8033917442042,0.008394939260321513,175.8033917442042,0.010049599048435397,175.8033917442042,0.013278442397064234,175.8033917442042,0.0150104254297853,175.8033917442042,0.017874761046518365,175.8033917442042,0.028739594611620446,206.5316260091528,0.0014724086698403671,1787842157.8782434
exp,384,20946549,190,cpu,9.841108290730554,0.00034949999826494604,8.381028500007233,0.038560899993171915,8.41993889999867,145.5719109440963,175.24410979544209,175.70130985109657,176.65407915903518,176.9199156942402,177.13389371536434,177.4090494637725,177.93115280091567,178.16963872098816,178.8177237364621,180.33712818920245,206.421998817197,18,145.07515747925558,0.0034241111536393773,175.8033917442042,0.0031812921423943112,175.8033917442042,0.0005806594064814958,175.8033917442042,0.004838856670460291,175.8033917442042,0.006350980711797368,175.8033917442042,0.007568124584854658,175.8033917442042,0.009133257917484108,175.8033917442042,0.012103071707554954,175.8033917442042,0.013459620734888234,175.8033917442042,0.017146040030011522,175.8033917442042,0.025788674496080764,206.5316260091528,0.0005308009919553475,1787842166.3251488
exp,384,20946646,184,cpu,11.332592448420604,0.00029660000291187316,7.902839500005939,0.03565639999578707,7.938792500004638,145.67465246639347,175.5452563785133,175.68874458221023,176.41069117347723,177.10314431978648,177.15590050824397,177.64655298784942,177.84062950358816,178.38485009979215,178.99632166684967,181.52997780013644,206.27918082774056,19,145.07515747925558,0.0041323062993994,175.8033917442042,0.0014683184614918006,175.8033917442042,0.000652132822106017,175.8033917442042,0.00345442384955046,175.8033917442042,0.007393216721742451,175.8033917442042,0.007693303016631769,175.8033917442042,0.010484218907033637,175.8033917442042,0.011588159586523636,175.8033917442042,0.014683780159054067,175.8033917442042,0.018161935847581502,175.8033917442042,0.03257380872528608,206.5316260091528,0.0012223076256662694,1787842174.2865524
exp,512,21072803,201,cpu,8.715878317053214,0.00034330000926274806,14.068296599987661,0.07029260000854265,14.138932500005467,145.56647632534265,175.0394553733522,175.6275497476289,176.42397142053665,176.5749859555201,176.9268266394755,177.34946284752914,177.85056618724246,178.12486842365325,178.4752884675539,179.97035300774178,205.93510252197962,0,145.07515747925558,0.003386650441219219,175.8033917442042,0.004345401776795724,175.8033917442042,0.001000219590934505,175.8033917442042,0.0035299641842826577,175.8033917442042,0.004388960893533796,175.8033917442042,0.006390291359713503,175.8033917442042,0.008794318971811977,175.8033917442042,0.01164468115619142,175.8033917442042,0.013204959565437942,175.8033917442042,0.015198209186073851,175.8033917442042,0.02370239403344709,206.5316260091528,0.002888291244783744,1787842188.4526334
exp,512,21072900,205,cpu,10.472087004003267,0.0003200999926775694,14.405383000004804,0.06868430000031367,14.474387399997795,145.51696061780189,175.05139587116165,175.45961417124732,176.41082629657313,176.66630410420592,177.10963463213955,177.19243113653295,177.99570742942365,178.08851752662684,178.8736403096554,179.93454120509676,206.01998611773553,1,145.07515747925558,0.003045339713723758,175.8033917442042,0.0042774821667644946,175.8033917442042,0.0019554661007739095,175.8033917442042,0.0034551924530145973,175.8033917442042,0.0049083942661201675,175.8033917442042,0.007430134737309005,175.8033917442042,0.007901095528064794,175.8033917442042,0.012470269563452438,175.8033917442042,0.012998189396411283,175.8033917442042,0.01746410313811495,175.8033917442042,0.02349869032619939,206.5316260091528,0.002477295614738445,1787842202.9523296
exp,512,21072997,192,cpu,9.958826672314027,0.0003434999962337315,14.124968600008287,0.08147279999684542,14.206784900001367,145.64985442245484,175.17779707872086,175.77223435068242,176.72341562432786,176.84156482027515,177.1662075330599,177.77814179347763,177.8350927247527,178.32142012479346,178.58841487544083,181.16499142519382,206.28037886931764,2,145.07515747925558,0.003961373905669778,175.8033917442042,0.003558490307135716,175.8033917442042,0.0001772286257542798,175.8033917442042,0.005233254438357536,175.8033917442042,0.005905307433325942,175.8033917442042,0.007751931150672052,175.8033917442042,0.011232718718798789,175.8033917442042,0.01155666543399042,175.8033917442042,0.014322979526202938,175.8033917442042,0.015841691696647585,175.8033917442042,0.030497703302509727,206.5316260091528,0.001216506859942232,1787842217.1872773
exp,512,21073094,209,cpu,11.253362070031015,0.0004135000053793192,15.050264100005734,0.07206929998937994,15.122746900000493,145.53521555927796,175.1077215964599,175.40667373130992,176.46337211484052,176.6421377393101,177.0315614697646,177.08987205511028,177.37220541885102,177.85911354567116,178.9371534586914,179.7726447908871,205.95838370929312,3,145.07515747925558,0.00317117064021221,175.8033917442042,0.003957091730951939,175.8033917442042,0.002256600449845118,175.8033917442042,0.0037540821259956785,175.8033917442042,0.004770931816413954,175.8033917442042,0.006986041130238294,175.8033917442042,0.007317721792182078,175.8033917442042,0.00892368263821368,175.8033917442042,0.011693300004462202,175.8033917442042,0.017825376879229176,175.8033917442042,0.022577795611919867,206.5316260091528,0.0027755666816581485,1787842232.3362868
exp,512,21073191,203,cpu,12.151204392826847,0.000341199993272312,15.516188800000236,0.07149040000513196,15.58802039999864,145.56298037301912,175.08752411486165,175.3427453353156,176.5174703983988,176.7500863971928,177.0168624525058,177.14208592034066,177.7527267313267,177.8738889242702,178.78727584540087,180.53895346595905,205.70127247517402,4,145.07515747925558,0.003362552915603692,175.8033917442042,0.004071978488242907,175.8033917442042,0.002620236187245034,175.8033917442042,0.004061802489189826,175.8033917442042,0.005384962392341454,175.8033917442042,0.006902430586021984,175.8033917442042,0.0076147232590613794,175.8033917442042,0.011088153463835414,175.8033917442042,0.011777344905146134,175.8033917442042,0.016972847176567916,175.8033917442042,0.026936691464093908,206.5316260091528,0.004020466744119767,1787842247.9510324
exp,512,21073288,201,cpu,10.221014625234833,0.00033070000063162297,16.65883540001232,0.08953909999399912,16.748705200006953,145.52137463631317,174.93802620231327,175.5088241462289,176.51623343720163,176.79980629241572,177.1079735664382,177.5971511234434,177.7194282588817,178.16217335312678,178.99156539314637,179.59173709013498,206.3894109341418,5,145.07515747925558,0.003075765450203933,175.8033917442042,0.004922348387624056,175.8033917442042,0.0016755512794877515,175.8033917442042,0.0040547664406534074,175.8033917442042,0.00566777772786845,175.8033917442042,0.007420686309239094,175.8033917442042,0.010203212585620408,175.8033917442042,0.010898746012052795,175.8033917442042,0.013417156435494921,175.8033917442042,0.01813488134279576,175.8033917442042,0.021548761422321566,206.5316260091528,0.0006885873982548922,1787842264.7286553
exp,512,21073385,208,cpu,9.645061387134247,0.0003462000022409484,16.215487699999358,0.07384000001184177,16.28967390001344,145.4851478622465,174.80366102138066,175.47911526539065,176.3053012120605,176.41144336389277,176.97799122476766,177.23665565100066,177.32105394712357,177.82453368861195,178.67371565605225,179.5303118593335,206.00856869152176,6,145.07515747925558,0.002826055060802104,175.8033917442042,0.005686640700755918,175.8033917442042,0.001844540515380786,175.8033917442042,0.002854947580229803,175.8033917442042,0.003458702438308486,175.8033917442042,0.006681324341412748,175.8033917442042,0.008152652190475843,175.8033917442042,0.008632724248731202,175.8033917442042,0.011496603816088725,175.8033917442042,0.01632689724225806,175.8033917442042,0.021199364120073474,206.5316260091528,0.0025325773477804445,1787842281.047096
exp,512,21073482,201,cpu,9.394525816722124,0.00034899999445769936,27.77752290001081,0.09627460000046995,27.874146500005736,145.52212539680895,175.31893286373503,175.3778960322635,176.4760646108674,176.80326448487858,176.9220846153764,177.5387300020723,177.78491683998908,177.8896910533383,179.25861976778606,180.52440580352896,205.90123422315017,7,145.07515747925558,0.003080940426463283,175.8033917442042,0.0027556856307644814,175.8033917442042,0.0024202929631744474,175.8033917442042,0.003826279231529082,175.8033917442042,0.005687448522774899,175.8033917442042,0.006363317909132974,175.8033917442042,0.009870903175708028,175.8033917442042,0.011271256351345195,175.8033917442042,0.01186723013950554,175.8033917442042,0.01965393266478761,175.8033917442042,0.026853941852236267,206.5316260091528,0.0030522772622469754,1787842308.947923
exp,512,21073579,204,cpu,9.513165225136921,0.0005784000095445663,20.116584399991552,0.08403110000654124,20.201193900007638,145.63776001935983,175.13903472866815,175.62154904891872,176.4341047292845,176.7321562268914,176.88951186578964,177.0402222562734,177.57968020517552,177.87981643738806,178.5674385991523,180.26696244345365,205.80871503831514,8,145.07515747925558,0.0038780074402793474,175.8033917442042,0.00377897723670023,175.8033917442042,0.0010343525996930195,175.8033917442042,0.003587604191379972,175.8033917442042,0.005282972492581724,175.8033917442042,0.006178038494079616,175.8033917442042,0.007035305176983275,175.8033917442042,0.010103834990600457,175.8033917442042,0.011811061621638603,175.8033917442042,0.01572237502089734,175.8033917442042,0.0253895596379847,206.5316260091528,0.0035002434484567644,1787842329.1847715
exp,512,21073676,205,cpu,13.957786751645301,0.0005955999949947,14.052758799996809,0.07074229999852832,14.124096699990332,145.64089359300388,175.19936484657376,175.2719986868812,176.5226306351944,176.75398654517585,177.23831101286888,177.3461808253164,177.90460015820838,177.986825416031,178.88937096400224,180.42519706248444,206.00345751657716,9,145.07515747925558,0.0038996070973019337,175.8033917442042,0.0034358091253967322,175.8033917442042,0.003022655319962025,175.8033917442042,0.0040911548056859915,175.8033917442042,0.005407147106437987,175.8033917442042,0.008162068174159624,175.8033917442042,0.008775650263659182,175.8033917442042,0.01195203569827294,175.8033917442042,0.012419747140053613,175.8033917442042,0.017553581811937856,175.8033917442042,0.026289625430008928,206.5316260091528,0.002557325010128175,1787842343.33788
exp,512,21073773,199,cpu,10.033352259253007,0.0004648000031011179,13.778831199990236,0.06395039999915753,13.843246399992495,145.60183398926796,175.13583810106206,175.6888417702426,176.56744102199406,176.77134981149462,177.21800593437683,177.44895963683246,177.94736943544615,178.13140699308389,178.8302099032291,180.2471558431403,205.9000092344442,10,145.07515747925558,0.0036303700727513535,175.8033917442042,0.0037971602056086923,175.8033917442042,0.0006515799998231708,175.8033917442042,0.004346044010923098,175.8033917442042,0.005505912358612594,175.8033917442042,0.008046569387187483,175.8033917442042,0.009360273862193645,175.8033917442042,0.012195314720443322,175.8033917442042,0.013242152075581007,175.8033917442042,0.01721706349914435,175.8033917442042,0.02527689628082844,206.5316260091528,0.0030582085025593064,1787842357.2032566
exp,512,21073870,206,cpu,12.89694445682965,0.0003071999963140115,13.329363299999386,0.06908319999638479,13.398753699992085,145.558459006061,175.00366347723013,175.46359089219362,176.45007721764517,176.92765598128426,177.00777165538506,177.20499677206965,177.66953760961377,177.92559639910746,178.90810237515007,180.07015852515576,206.00594847677695,11,145.07515747925558,0.003331387228544223,175.8033917442042,0.0045489922523091605,175.8033917442042,0.001932845826461545,175.8033917442042,0.0036784584587646434,175.8033917442042,0.006395008798896701,175.8033917442042,0.006850720564784386,175.8033917442042,0.007972571029259821,175.8033917442042,0.010614959398080558,175.8033917442042,0.012071465936169774,175.8033917442042,0.01766012930776251,175.8033917442042,0.02427010502254565,206.5316260091528,0.0025452640960302877,1787842370.6541197
exp,512,21073967,193,cpu,10.472052226218569,0.0003176000027451664,12.949954900002922,0.0665341999992961,13.016806700004963,145.63363773861366,175.09217052294662,175.3423165327148,176.42458118583744,176.75703208838337,177.27680652078692,177.35504311229613,177.70543604855186,178.27206510390215,178.81254789423852,180.71610207982275,206.23043055355566,12,145.07515747925558,0.0038495926460595784,175.8033917442042,0.004045548918034577,175.8033917442042,0.002622675290362262,175.8033917442042,0.003533432634434526,175.8033917442042,0.00542447068124109,175.8033917442042,0.008381037259659717,175.8033917442042,0.008826060479820595,175.8033917442042,0.010819155907499007,175.8033917442042,0.014042239658776922,175.8033917442042,0.01711659894715048,175.8033917442042,0.02794434331942015,206.5316260091528,0.0014583502847345547,1787842383.6936939
exp,512,21074064,203,cpu,7.833766182955565,0.00032309998641721904,13.067526099999668,0.0675766000058502,13.135425799991935,145.6374365023214,175.03774945570825,175.32970528229055,176.55971709395783,176.72400906552883,177.04700981683806,177.3273441064369,177.65250703521235,177.72215241706243,178.22131142825305,181.2517909555462,206.08841868167778,13,145.07515747925558,0.0038757774441584014,175.8033917442042,0.0043551053304475345,175.8033917442042,0.0026944102569014306,175.8033917442042,0.004302108976680606,175.8033917442042,0.005236630034215435,175.8033917442042,0.007073913991621631,175.8033917442042,0.008668503759302167,175.8033917442042,0.010518086554886515,175.8033917442042,0.01091424149341816,175.8033917442042,0.013753544001966432,175.8033917442042,0.030991433995024888,206.5316260091528,0.0021459537991308938,1787842396.851442
exp,512,21074161,202,cpu,9.562933899463676,0.00032959999225568026,13.151770199998282,0.07602410000981763,13.228123900000355,145.5120227462752,174.9047434961181,175.51263479459237,176.40727397257,176.75998916826723,177.34730067797375,177.5243180986265,177.66170883927032,177.92746515571454,178.81432146581906,179.9633754331986,206.22101247544154,14,145.07515747925558,0.003011303069459569,175.8033917442042,0.005111666158259522,175.8033917442042,0.0016538756546567257,175.8033917442042,0.0034349862216792398,175.8033917442042,0.005441291061408493,175.8033917442042,0.008782020178632059,175.8033917442042,0.009788925784357357,175.8033917442042,0.01057042800272021,175.8033917442042,0.01208209574591656,175.8033917442042,0.017126687328056826,175.8033917442042,0.0236627043865412,206.5316260091528,0.0015039514272622658,1787842410.133422
exp,512,21074258,196,cpu,9.564625737258178,0.00031350000062957406,12.940642099987599,0.06466930000169668,13.005624899989925,145.67275132456012,174.956782237247,175.5190540982497,176.5610456202313,176.96323629296887,177.0301248487742,177.36304368705603,177.51790503943698,177.8762265427607,178.66858929610973,181.19659079882246,206.22325044234537,15,145.07515747925558,0.004119201768848639,175.8033917442042,0.004815660827460059,175.8033917442042,0.0016173615487930647,175.8033917442042,0.004309665863156469,175.8033917442042,0.006597395745653573,175.8033917442042,0.006977869382377512,175.8033917442042,0.008871569128320081,175.8033917442042,0.00975244719810313,175.8033917442042,0.011790641682115532,175.8033917442042,0.016297737623142284,175.8033917442042,0.030677445987307383,206.5316260091528,0.0014931154746913255,1787842423.16147
exp,512,21074355,204,cpu,10.191524279191066,0.0003152999997837469,13.026071200001752,0.06399559999408666,13.090382099995622,145.5214474865233,174.8795915600889,175.26088847451757,176.2619215087962,176.59265507600318,176.8473356414567,177.28088800331096,177.671678900788,177.67934269564643,178.8497978389454,179.42786213651138,206.05190491399532,16,145.07515747925558,0.0030762676051655185,175.8033917442042,0.005254734706480708,175.8033917442042,0.0030858521232398502,175.8033917442042,0.002608196349585682,175.8033917442042,0.004489465896922958,175.8033917442042,0.005938132859071727,175.8033917442042,0.008404253435886747,175.8033917442042,0.01062713943142915,175.8033917442042,0.010670732417789546,175.8033917442042,0.017328483054375617,175.8033917442042,0.020616612434763665,206.5316260091528,0.00232274884204043,1787842436.2761698
exp,512,21074452,193,cpu,15.287611218821468,0.00035600000410340726,13.05174999999872,0.0628566000086721,13.114962600011495,145.60888318630555,175.28605291001767,175.46799886686478,176.6318306845733,177.01606874347476,177.3773111134707,177.59755835515307,177.95295890126312,178.43327367804253,179.0289922546703,180.4527988606389,206.18121565072988,17,145.07515747925558,0.0036789600392216383,175.8033917442042,0.0029427124758733395,175.8033917442042,0.0019077725066158912,175.8033917442042,0.004712303512178446,175.8033917442042,0.006897915832221419,175.8033917442042,0.00895272470941055,175.8033917442042,0.010205528989789965,175.8033917442042,0.01222710856561043,175.8033917442042,0.014959221820161695,175.8033917442042,0.01834777178337601,175.8033917442042,0.02644662921634435,206.5316260091528,0.0016966426168909883,1787842449.4148786
exp,512,21074549,191,cpu,9.77728581620066,0.0003436999977566302,13.133076199999778,0.07297589999507181,13.206395799992606,145.55504503596742,175.10221224811164,175.5943666112511,176.48142507787583,176.75307315575265,177.1105150637772,177.40196979180052,177.7243076749137,178.06356802740956,178.8416744813241,180.31361315490358,206.03069185912216,18,145.07515747925558,0.0033078548047101993,175.8033917442042,0.003988429854145098,175.8033917442042,0.0011889709912833821,175.8033917442042,0.0038567704919947226,175.8033917442042,0.005401951589934343,175.8033917442042,0.007435142784246661,175.8033917442042,0.009092987522802074,175.8033917442042,0.01092650097163342,175.8033917442042,0.012856272343675534,175.8033917442042,0.017282275995793347,175.8033917442042,0.025654916927096646,206.5316260091528,0.00242545976957759,1787842462.6461995
exp,512,21074646,206,cpu,11.434126533155,0.0003262999962316826,12.964961100005894,0.06408539999392815,13.029372799996054,145.5785295025929,175.12269699601873,175.27259115649238,176.29228417961056,176.6704309815588,176.99310851451642,177.25801421518347,177.38497614964018,177.67993075462985,178.58665018504004,180.30786836606342,206.2031580977679,19,145.07515747925558,0.0034697327377313627,175.8033917442042,0.0038719090765659252,175.8033917442042,0.0030192852506743992,175.8033917442042,0.0027809044555733835,175.8033917442042,0.004931868655959546,175.8033917442042,0.006767314091660309,175.8033917442042,0.008274143385673498,175.8033917442042,0.008996324756562217,175.8033917442042,0.01067407739866614,175.8033917442042,0.01583165383342275,175.8033917442042,0.025622239577796583,206.5316260091528,0.0015904000647840178,1787842475.6981225
